OrderID,Date,CustomerID,Region,ProductName,Category,Quantity,UnitPrice,TotalAmount,OrderStatus,SalesAgent
100001,2025-03-13,CUST0210,East,Laptop,Electronics,5,1602.01,8010.05,Completed,Amit
100002,2025-11-05,CUST0055,West,Laptop,Electronics,4,1546.97,6187.88,Completed,Arjun
100003,2025-01-04,CUST0327,South,Washing Machine,Home Appliances,10,6285.62,62856.2,Completed,Rahul
100004,2025-02-19,CUST0736,North,Washing Machine,Home Appliances,2,2762.17,5524.34,Completed,Amit
100005,2025-05-31,CUST1288,North,Book,Stationery,7,57.82,404.74,Completed,Priya
100006,2025-04-30,CUST0207,South,Smartphone,Electronics,5,4933.5,24667.5,Completed,Sneha
100007,2025-05-17,CUST1438,East,Washing Machine,Home Appliances,6,4980.63,29883.78,Completed,Rahul
100008,2025-11-24,CUST1410,West,Refrigerator,Home Appliances,8,8209.65,65677.2,Completed,Amit
100009,2025-02-03,CUST0433,North,Refrigerator,Home Appliances,6,8622.13,51732.78,Completed,Meera
100010,2025-05-07,CUST1150,North,Backpack,Stationery,3,147.14,441.42,Completed,Arjun
100011,2025-03-12,CUST1044,South,Pen,Stationery,4,498.72,1994.88,Completed,Amit
100012,2025-08-05,CUST1222,East,Smartphone,Electronics,3,4064.36,12193.08,Completed,Meera
100013,2025-10-02,CUST0547,North,Shoes,Fashion,2,2108.79,4217.58,Completed,Arjun
100014,2025-05-15,CUST1026,West,Washing Machine,Home Appliances,1,19122.5,19122.5,Completed,Priya
100015,2025-03-24,CUST1105,East,T-Shirt,Fashion,3,1246.96,3740.88,Completed,Meera
100016,2025-06-07,CUST0491,East,Laptop,Electronics,6,4454.25,26725.5,Completed,Priya
100017,2025-09-30,CUST0258,West,Keyboard,Electronics,2,4900.93,9801.86,Completed,Rahul
100018,2025-12-20,CUST0412,North,Jacket,Fashion,4,2800.96,11203.84,Completed,Sneha
100019,2025-02-02,CUST0693,East,Backpack,Stationery,2,138.99,277.98,Completed,Neha
100020,2025-01-31,CUST0469,East,Refrigerator,Home Appliances,2,14448.98,28897.96,Returned,Sneha
100021,2025-09-06,CUST0439,West,Mouse,Electronics,4,1753.15,7012.6,Completed,Meera
100022,2025-02-19,CUST1350,South,Washing Machine,Home Appliances,7,4617.79,32324.53,Completed,Arjun
100023,2025-06-23,CUST0224,West,Book,Stationery,2,49.09,98.18,Completed,Meera
100024,2025-05-08,CUST0155,South,Washing Machine,Home Appliances,3,6292.36,18877.08,Cancelled,Priya
100025,2025-05-02,CUST0341,South,Mouse,Electronics,1,4860.48,4860.48,Completed,Neha
100026,2025-07-19,CUST0544,South,Book,Stationery,3,201.91,605.73,Completed,Meera
100027,2025-01-30,CUST1187,East,Refrigerator,Home Appliances,5,5136.32,25681.6,Completed,Amit
100028,2025-09-29,CUST0323,East,Mouse,Electronics,8,2762.83,22102.64,Returned,Priya
100029,2025-05-01,CUST0827,East,Refrigerator,Home Appliances,10,2291.26,22912.6,Returned,Neha
100030,2025-10-26,CUST1158,North,Mouse,Electronics,2,2386.51,4773.02,Returned,Neha
100031,2025-12-10,CUST1322,North,T-Shirt,Fashion,5,1308.2,6541.0,Completed,Priya
100032,2025-02-21,CUST0151,West,Keyboard,Electronics,10,4993.04,49930.4,Completed,Rahul
100033,2025-03-22,CUST0898,North,Shoes,Fashion,4,1234.68,4938.72,Completed,Amit
100034,2025-02-24,CUST1134,West,Shoes,Fashion,3,940.5,2821.5,Completed,Neha
100035,2025-05-09,CUST0105,East,T-Shirt,Fashion,5,1615.15,8075.75,Completed,Karan
100036,2025-11-23,CUST0537,West,Laptop,Electronics,6,3970.04,23820.24,Completed,Arjun
100037,2025-12-20,CUST0306,East,Laptop,Electronics,2,4752.73,9505.46,Cancelled,Rahul
100038,2025-01-21,CUST0733,West,Notebook,Stationery,1,167.96,167.96,Completed,Priya
100039,2025-05-02,CUST0333,West,Jacket,Fashion,10,2298.54,22985.4,Cancelled,Amit
100040,2025-07-30,CUST1372,West,Television,Home Appliances,6,15865.34,95192.04,Completed,Priya
100041,2025-08-24,CUST0717,North,Book,Stationery,8,126.77,1014.16,Cancelled,Neha
100042,2025-05-23,CUST0143,North,Refrigerator,Home Appliances,4,8570.85,34283.4,Completed,Arjun
100043,2025-05-14,CUST0366,North,Shoes,Fashion,2,2655.71,5311.42,Completed,Arjun
100044,2025-09-19,CUST0237,South,Jeans,Fashion,7,1897.38,13281.66,Cancelled,Neha
100045,2025-10-03,CUST1407,West,Shoes,Fashion,7,204.74,1433.18,Completed,Priya
100046,2025-06-03,CUST1039,North,Jeans,Fashion,2,2215.31,4430.62,Completed,Sneha
100047,2025-08-04,CUST1362,South,Pen,Stationery,9,81.1,729.9,Completed,Rahul
100048,2025-06-05,CUST0588,West,Jacket,Fashion,9,2534.43,22809.87,Completed,Sneha
100049,2025-09-19,CUST0970,West,Backpack,Stationery,8,344.3,2754.4,Completed,Karan
100050,2025-04-26,CUST0408,West,Shoes,Fashion,4,2083.83,8335.32,Completed,Neha
100051,2025-11-19,CUST1179,West,Book,Stationery,8,218.93,1751.44,Completed,Arjun
100052,2025-12-19,CUST0012,East,Backpack,Stationery,4,90.83,363.32,Cancelled,Neha
100053,2025-10-13,CUST0511,East,Television,Home Appliances,9,9826.45,88438.05,Completed,Meera
100054,2025-09-16,CUST0874,South,Jacket,Fashion,10,2482.02,24820.2,Cancelled,Meera
100055,2025-05-22,CUST1068,South,Pen,Stationery,4,423.13,1692.52,Completed,Karan
100056,2025-06-21,CUST0655,East,Book,Stationery,5,132.56,662.8,Completed,Neha
100057,2025-07-28,CUST0678,South,Notebook,Stationery,4,50.83,203.32,Completed,Neha
100058,2025-01-11,CUST1180,South,Backpack,Stationery,10,474.11,4741.1,Completed,Sneha
100059,2025-10-07,CUST1236,West,Jacket,Fashion,7,1707.02,11949.14,Completed,Karan
100060,2025-12-09,CUST1391,South,Backpack,Stationery,1,206.65,206.65,Completed,Meera
100061,2025-07-21,CUST1213,East,Television,Home Appliances,9,1512.36,13611.24,Completed,Arjun
100062,2025-07-14,CUST0671,West,Washing Machine,Home Appliances,3,1955.41,5866.23,Completed,Sneha
100063,2025-02-11,CUST0964,East,Pen,Stationery,7,141.09,987.63,Completed,Amit
100064,2025-11-30,CUST0083,East,T-Shirt,Fashion,2,2387.45,4774.9,Returned,Neha
100065,2025-08-31,CUST1372,East,Mouse,Electronics,3,1573.45,4720.35,Completed,Neha
100066,2025-11-07,CUST1472,East,Pen,Stationery,6,100.54,603.24,Cancelled,Rahul
100067,2025-06-09,CUST1180,South,Shoes,Fashion,10,271.9,2719.0,Completed,Neha
100068,2025-06-04,CUST1402,East,Mouse,Electronics,4,958.56,3834.24,Cancelled,Amit
100069,2025-11-28,CUST0699,East,Jacket,Fashion,6,393.08,2358.48,Cancelled,Meera
100070,2025-08-24,CUST1449,West,Keyboard,Electronics,6,3360.13,20160.78,Completed,Karan
100071,2025-10-31,CUST0550,North,Backpack,Stationery,7,416.35,2914.45,Cancelled,Priya
100072,2025-10-19,CUST1250,South,Jacket,Fashion,4,2301.33,9205.32,Completed,Meera
100073,2025-05-13,CUST0698,North,T-Shirt,Fashion,8,793.94,6351.52,Cancelled,Karan
100074,2025-07-28,CUST1001,West,Mouse,Electronics,4,885.26,3541.04,Completed,Meera
100075,2025-07-27,CUST1417,West,Book,Stationery,2,161.23,322.46,Completed,Sneha
100076,2025-10-09,CUST0678,North,Pen,Stationery,7,498.38,3488.66,Completed,Karan
100077,2025-04-09,CUST0647,East,Jeans,Fashion,4,537.84,2151.36,Completed,Rahul
100078,2025-10-29,CUST1075,North,Refrigerator,Home Appliances,8,6253.49,50027.92,Returned,Neha
100079,2025-01-08,CUST1451,West,T-Shirt,Fashion,6,702.44,4214.64,Completed,Amit
100080,2025-01-07,CUST1176,North,T-Shirt,Fashion,8,487.25,3898.0,Completed,Meera
100081,2025-09-02,CUST0234,East,T-Shirt,Fashion,1,906.94,906.94,Completed,Priya
100082,2025-06-05,CUST0175,West,Smartphone,Electronics,3,4150.14,12450.42,Completed,Arjun
100083,2025-08-15,CUST0609,South,Television,Home Appliances,7,9559.77,66918.39,Completed,Amit
100084,2025-02-11,CUST0322,West,Smartphone,Electronics,4,1690.91,6763.64,Completed,Priya
100085,2025-11-01,CUST0963,North,Refrigerator,Home Appliances,7,9559.57,66916.99,Completed,Karan
100086,2025-05-16,CUST1281,West,Jacket,Fashion,2,2124.68,4249.36,Completed,Neha
100087,2025-03-26,CUST0630,North,Washing Machine,Home Appliances,3,2356.79,7070.37,Completed,Meera
100088,2025-09-10,CUST0897,East,Jacket,Fashion,5,1601.32,8006.6,Completed,Arjun
100089,2025-12-12,CUST1179,East,Jeans,Fashion,1,455.72,455.72,Returned,Karan
100090,2025-08-15,CUST0570,West,Smartphone,Electronics,8,2835.34,22682.72,Returned,Arjun
100091,2025-06-20,CUST0658,East,Book,Stationery,8,187.02,1496.16,Cancelled,Sneha
100092,2025-07-25,CUST1127,East,Backpack,Stationery,5,338.04,1690.2,Completed,Sneha
100093,2025-07-26,CUST1054,East,Jeans,Fashion,2,2916.52,5833.04,Completed,Meera
100094,2025-11-15,CUST1021,South,Book,Stationery,4,268.85,1075.4,Cancelled,Neha
100095,2025-12-24,CUST0993,East,T-Shirt,Fashion,5,1426.73,7133.65,Completed,Neha
100096,2025-07-28,CUST0191,West,Washing Machine,Home Appliances,9,1259.81,11338.29,Returned,Priya
100097,2025-05-30,CUST1043,North,Book,Stationery,3,259.22,777.66,Completed,Meera
100098,2025-07-16,CUST0391,West,Notebook,Stationery,8,284.61,2276.88,Cancelled,Karan
100099,2025-01-02,CUST0580,North,Pen,Stationery,9,148.24,1334.16,Cancelled,Meera
100100,2025-06-20,CUST1131,South,Washing Machine,Home Appliances,9,10202.49,91822.41,Completed,Sneha
100101,2025-04-30,CUST0842,East,Television,Home Appliances,4,11864.16,47456.64,Completed,Meera
100102,2025-01-19,CUST0259,North,Backpack,Stationery,3,257.76,773.28,Cancelled,Meera
100103,2025-03-15,CUST0840,West,Mouse,Electronics,8,569.06,4552.48,Completed,Karan
100104,2025-12-12,CUST1093,South,Jacket,Fashion,2,2584.94,5169.88,Returned,Meera
100105,2025-12-17,CUST0589,West,Mouse,Electronics,2,1556.47,3112.94,Completed,Arjun
100106,2025-06-03,CUST0060,East,Laptop,Electronics,8,1248.64,9989.12,Completed,Amit
100107,2025-05-06,CUST1088,South,Jeans,Fashion,6,1405.92,8435.52,Completed,Rahul
100108,2025-07-15,CUST1270,West,Refrigerator,Home Appliances,2,12580.34,25160.68,Completed,Rahul
100109,2025-12-08,CUST0020,South,Washing Machine,Home Appliances,5,9731.84,48659.2,Returned,Rahul
100110,2025-06-03,CUST1309,South,Keyboard,Electronics,6,4944.43,29666.58,Completed,Meera
100111,2025-02-24,CUST0486,South,T-Shirt,Fashion,7,2589.34,18125.38,Completed,Karan
100112,2025-10-17,CUST1405,East,Shoes,Fashion,7,968.55,6779.85,Returned,Meera
100113,2025-04-23,CUST1304,West,T-Shirt,Fashion,10,2445.41,24454.1,Completed,Rahul
100114,2025-01-18,CUST1187,North,Laptop,Electronics,5,4048.75,20243.75,Completed,Priya
100115,2025-03-09,CUST1105,North,Jeans,Fashion,7,691.79,4842.53,Completed,Karan
100116,2025-06-01,CUST0694,East,Washing Machine,Home Appliances,8,19380.3,155042.4,Completed,Priya
100117,2025-10-13,CUST0750,East,Refrigerator,Home Appliances,7,19378.13,135646.91,Cancelled,Amit
100118,2025-12-11,CUST0537,South,Shoes,Fashion,8,1232.04,9856.32,Cancelled,Sneha
100119,2025-10-15,CUST0672,West,Smartphone,Electronics,8,612.61,4900.88,Completed,Meera
100120,2025-01-20,CUST0624,South,Jacket,Fashion,2,591.38,1182.76,Completed,Neha
100121,2025-12-23,CUST1107,South,Washing Machine,Home Appliances,8,8049.22,64393.76,Completed,Rahul
100122,2025-05-24,CUST0068,North,Book,Stationery,8,315.51,2524.08,Completed,Meera
100123,2025-07-08,CUST1116,North,Washing Machine,Home Appliances,2,19637.63,39275.26,Completed,Karan
100124,2025-04-19,CUST1315,East,Refrigerator,Home Appliances,8,2741.8,21934.4,Completed,Sneha
100125,2025-10-11,CUST0425,West,Refrigerator,Home Appliances,10,4898.91,48989.1,Cancelled,Neha
100126,2025-03-16,CUST0267,North,T-Shirt,Fashion,10,207.94,2079.4,Cancelled,Priya
100127,2025-05-02,CUST1206,North,Smartphone,Electronics,1,2112.09,2112.09,Completed,Karan
100128,2025-02-02,CUST0976,South,Smartphone,Electronics,7,2867.38,20071.66,Cancelled,Priya
100129,2025-12-04,CUST1068,North,Notebook,Stationery,10,40.82,408.2,Completed,Amit
100130,2025-02-25,CUST1005,South,Keyboard,Electronics,7,2418.23,16927.61,Completed,Priya
100131,2025-11-16,CUST1297,North,T-Shirt,Fashion,2,553.34,1106.68,Completed,Karan
100132,2025-02-28,CUST1341,West,Backpack,Stationery,2,400.69,801.38,Completed,Neha
100133,2025-02-18,CUST0641,South,Pen,Stationery,8,211.39,1691.12,Completed,Karan
100134,2025-02-13,CUST0191,South,T-Shirt,Fashion,8,387.97,3103.76,Completed,Sneha
100135,2025-10-15,CUST1151,North,Television,Home Appliances,1,12142.84,12142.84,Completed,Arjun
100136,2025-11-04,CUST0640,North,Jacket,Fashion,1,2911.52,2911.52,Completed,Neha
100137,2025-02-25,CUST0718,North,Television,Home Appliances,8,5260.65,42085.2,Completed,Karan
100138,2025-11-15,CUST1257,East,Washing Machine,Home Appliances,9,19516.39,175647.51,Completed,Karan
100139,2025-06-08,CUST0696,North,Smartphone,Electronics,5,3662.14,18310.7,Completed,Rahul
100140,2025-01-16,CUST0188,West,Book,Stationery,3,375.67,1127.01,Completed,Meera
100141,2025-06-16,CUST1163,East,T-Shirt,Fashion,6,1072.58,6435.48,Cancelled,Rahul
100142,2025-05-20,CUST0908,South,Television,Home Appliances,1,13805.41,13805.41,Completed,Meera
100143,2025-02-28,CUST0707,South,Pen,Stationery,4,382.37,1529.48,Completed,Meera
100144,2025-11-03,CUST0113,East,Shoes,Fashion,4,1306.74,5226.96,Completed,Neha
100145,2025-01-04,CUST1019,South,Washing Machine,Home Appliances,5,7234.32,36171.6,Completed,Arjun
100146,2025-07-01,CUST0148,South,Television,Home Appliances,9,16833.73,151503.57,Cancelled,Amit
100147,2025-06-10,CUST1180,South,Book,Stationery,8,462.16,3697.28,Completed,Arjun
100148,2025-06-16,CUST0352,South,Shoes,Fashion,7,258.4,1808.8,Cancelled,Sneha
100149,2025-10-29,CUST0821,East,Keyboard,Electronics,2,1594.92,3189.84,Completed,Karan
100150,2025-02-09,CUST1046,East,T-Shirt,Fashion,6,2381.53,14289.18,Completed,Neha
100151,2025-03-16,CUST0525,West,Jeans,Fashion,3,861.55,2584.65,Completed,Rahul
100152,2025-10-16,CUST1187,South,Smartphone,Electronics,8,2587.79,20702.32,Completed,Sneha
100153,2025-08-15,CUST1294,North,T-Shirt,Fashion,8,391.2,3129.6,Cancelled,Amit
100154,2025-01-20,CUST0117,North,Shoes,Fashion,5,1492.88,7464.4,Cancelled,Priya
100155,2025-08-25,CUST1189,East,Mouse,Electronics,10,2781.81,27818.1,Completed,Neha
100156,2025-02-01,CUST0923,East,Jacket,Fashion,9,622.41,5601.69,Cancelled,Sneha
100157,2025-12-29,CUST0897,South,Mouse,Electronics,3,676.14,2028.42,Completed,Rahul
100158,2025-06-23,CUST1391,East,Jeans,Fashion,5,1284.77,6423.85,Cancelled,Sneha
100159,2025-07-17,CUST0582,North,Headphones,Electronics,2,3010.83,6021.66,Completed,Rahul
100160,2025-06-29,CUST0636,South,Shoes,Fashion,10,2058.11,20581.1,Completed,Priya
100161,2025-12-10,CUST1440,East,Jacket,Fashion,6,2476.92,14861.52,Completed,Arjun
100162,2025-04-20,CUST0700,South,Shoes,Fashion,6,1064.82,6388.92,Completed,Rahul
100163,2025-02-21,CUST1040,East,Refrigerator,Home Appliances,5,17044.14,85220.7,Completed,Rahul
100164,2025-12-21,CUST1280,West,Notebook,Stationery,3,106.81,320.43,Completed,Amit
100165,2025-11-09,CUST0584,South,Pen,Stationery,4,485.4,1941.6,Completed,Neha
100166,2025-10-20,CUST0903,South,Jacket,Fashion,4,1229.95,4919.8,Cancelled,Arjun
100167,2025-03-12,CUST0513,East,Notebook,Stationery,4,404.6,1618.4,Completed,Sneha
100168,2025-03-24,CUST0559,South,Mouse,Electronics,2,1782.78,3565.56,Returned,Rahul
100169,2025-06-28,CUST0055,South,Book,Stationery,4,412.02,1648.08,Completed,Sneha
100170,2025-01-15,CUST0653,East,Washing Machine,Home Appliances,2,8123.34,16246.68,Cancelled,Sneha
100171,2025-08-30,CUST1426,West,Refrigerator,Home Appliances,1,6450.71,6450.71,Cancelled,Meera
100172,2025-04-21,CUST0307,South,Book,Stationery,2,29.12,58.24,Completed,Karan
100173,2025-08-03,CUST1309,South,Washing Machine,Home Appliances,2,1907.24,3814.48,Completed,Meera
100174,2025-03-15,CUST0597,South,Mouse,Electronics,10,1588.72,15887.2,Completed,Sneha
100175,2025-12-09,CUST0176,North,Television,Home Appliances,7,4558.96,31912.72,Completed,Amit
100176,2025-07-11,CUST0520,East,Backpack,Stationery,1,325.12,325.12,Completed,Priya
100177,2025-06-20,CUST0274,East,T-Shirt,Fashion,2,2360.2,4720.4,Completed,Sneha
100178,2025-09-03,CUST1294,West,Television,Home Appliances,8,19635.56,157084.48,Cancelled,Priya
100179,2025-04-13,CUST0086,North,Book,Stationery,5,116.76,583.8,Returned,Arjun
100180,2025-04-08,CUST0586,North,Pen,Stationery,1,381.58,381.58,Cancelled,Amit
100181,2025-08-12,CUST0820,South,Jeans,Fashion,2,2438.16,4876.32,Cancelled,Arjun
100182,2025-07-08,CUST1064,North,T-Shirt,Fashion,8,2137.79,17102.32,Cancelled,Arjun
100183,2025-04-03,CUST1118,North,Keyboard,Electronics,10,4977.94,49779.4,Completed,Priya
100184,2025-08-07,CUST0342,South,Jeans,Fashion,5,1448.56,7242.8,Completed,Amit
100185,2025-01-30,CUST0154,South,Jacket,Fashion,5,1990.51,9952.55,Completed,Rahul
100186,2025-08-13,CUST0072,West,Smartphone,Electronics,10,3551.4,35514.0,Completed,Sneha
100187,2025-03-20,CUST1391,South,Jacket,Fashion,10,290.68,2906.8,Returned,Sneha
100188,2025-07-07,CUST0816,North,Book,Stationery,10,86.09,860.9,Completed,Neha
100189,2025-07-18,CUST1151,East,Laptop,Electronics,3,2745.7,8237.1,Completed,Karan
100190,2025-09-09,CUST0410,East,Notebook,Stationery,10,157.08,1570.8,Completed,Priya
100191,2025-12-16,CUST0655,North,Notebook,Stationery,8,498.69,3989.52,Completed,Karan
100192,2025-09-18,CUST0460,East,T-Shirt,Fashion,3,2422.35,7267.05,Returned,Rahul
100193,2025-10-21,CUST0756,South,Washing Machine,Home Appliances,1,7857.03,7857.03,Cancelled,Rahul
100194,2025-09-03,CUST1077,South,Laptop,Electronics,5,2291.72,11458.6,Cancelled,Priya
100195,2025-12-15,CUST1060,North,Washing Machine,Home Appliances,2,9549.52,19099.04,Completed,Rahul
100196,2025-01-29,CUST0255,West,Washing Machine,Home Appliances,9,18303.53,164731.77,Completed,Rahul
100197,2025-09-23,CUST0582,East,T-Shirt,Fashion,6,2852.95,17117.7,Completed,Karan
100198,2025-02-17,CUST1030,West,Television,Home Appliances,5,12674.14,63370.7,Completed,Rahul
100199,2025-11-06,CUST0692,East,Television,Home Appliances,10,14692.02,146920.2,Cancelled,Amit
100200,2025-04-18,CUST1172,South,Laptop,Electronics,10,1690.95,16909.5,Completed,Amit
100201,2025-12-17,CUST0832,North,Pen,Stationery,5,251.81,1259.05,Completed,Amit
100202,2025-04-15,CUST0697,West,Washing Machine,Home Appliances,7,10200.77,71405.39,Completed,Sneha
100203,2025-09-21,CUST1151,East,Jacket,Fashion,3,2329.86,6989.58,Completed,Meera
100204,2025-02-19,CUST0104,North,Headphones,Electronics,8,1615.63,12925.04,Returned,Arjun
100205,2025-06-10,CUST0389,West,Refrigerator,Home Appliances,6,18741.28,112447.68,Completed,Meera
100206,2025-07-21,CUST1036,South,Pen,Stationery,8,31.12,248.96,Returned,Neha
100207,2025-11-02,CUST1340,South,Shoes,Fashion,1,987.8,987.8,Completed,Amit
100208,2025-07-07,CUST0826,North,Keyboard,Electronics,3,4471.05,13413.15,Completed,Amit
100209,2025-07-17,CUST1033,South,Washing Machine,Home Appliances,9,6483.43,58350.87,Cancelled,Karan
100210,2025-06-23,CUST1143,North,Smartphone,Electronics,2,2272.57,4545.14,Cancelled,Neha
100211,2025-06-20,CUST0971,South,Book,Stationery,1,38.68,38.68,Completed,Rahul
100212,2025-11-12,CUST0613,North,Jeans,Fashion,3,1300.27,3900.81,Completed,Meera
100213,2025-12-11,CUST0225,South,Jacket,Fashion,1,1231.4,1231.4,Completed,Amit
100214,2025-01-27,CUST1196,South,Pen,Stationery,10,297.26,2972.6,Completed,Arjun
100215,2025-12-25,CUST0226,West,Television,Home Appliances,4,1599.84,6399.36,Completed,Sneha
100216,2025-07-30,CUST1028,South,Notebook,Stationery,7,351.44,2460.08,Cancelled,Amit
100217,2025-12-06,CUST0980,South,Television,Home Appliances,4,11656.85,46627.4,Completed,Rahul
100218,2025-12-15,CUST1318,North,Pen,Stationery,9,190.06,1710.54,Completed,Neha
100219,2025-06-02,CUST0592,West,Washing Machine,Home Appliances,9,6671.48,60043.32,Completed,Meera
100220,2025-05-21,CUST0590,East,Jacket,Fashion,6,1769.37,10616.22,Completed,Arjun
100221,2025-05-28,CUST1463,East,Pen,Stationery,3,159.42,478.26,Completed,Meera
100222,2025-10-03,CUST0556,North,Jacket,Fashion,4,765.79,3063.16,Completed,Neha
100223,2025-04-30,CUST0108,East,Refrigerator,Home Appliances,9,5287.76,47589.84,Completed,Meera
100224,2025-03-22,CUST0834,South,Smartphone,Electronics,1,4840.33,4840.33,Completed,Neha
100225,2025-02-15,CUST1336,West,Jeans,Fashion,5,2008.51,10042.55,Completed,Amit
100226,2025-01-19,CUST0814,South,Washing Machine,Home Appliances,3,18744.53,56233.59,Completed,Karan
100227,2025-02-24,CUST0687,North,Laptop,Electronics,5,3055.83,15279.15,Completed,Meera
100228,2025-02-27,CUST0678,West,Television,Home Appliances,8,6183.9,49471.2,Completed,Karan
100229,2025-10-18,CUST1382,West,Refrigerator,Home Appliances,6,16024.59,96147.54,Completed,Arjun
100230,2025-02-18,CUST0379,West,Pen,Stationery,2,212.4,424.8,Completed,Neha
100231,2025-05-17,CUST0676,North,Headphones,Electronics,7,1559.85,10918.95,Completed,Amit
100232,2025-03-02,CUST0954,North,Jeans,Fashion,4,373.95,1495.8,Completed,Karan
100233,2025-04-23,CUST0274,South,Headphones,Electronics,6,3265.81,19594.86,Completed,Sneha
100234,2025-04-22,CUST0507,East,Backpack,Stationery,9,404.96,3644.64,Completed,Sneha
100235,2025-10-08,CUST1036,West,Mouse,Electronics,2,777.91,1555.82,Completed,Rahul
100236,2025-12-15,CUST0421,South,Washing Machine,Home Appliances,9,9394.97,84554.73,Completed,Meera
100237,2025-08-22,CUST1155,East,Keyboard,Electronics,3,2809.62,8428.86,Completed,Karan
100238,2025-04-22,CUST1185,East,Keyboard,Electronics,5,4174.04,20870.2,Completed,Sneha
100239,2025-02-05,CUST0967,East,Mouse,Electronics,1,4705.62,4705.62,Completed,Rahul
100240,2025-07-15,CUST0919,South,Television,Home Appliances,7,8114.76,56803.32,Completed,Rahul
100241,2025-07-21,CUST1084,West,Shoes,Fashion,3,2979.97,8939.91,Completed,Neha
100242,2025-10-06,CUST0869,South,Laptop,Electronics,5,2583.52,12917.6,Cancelled,Neha
100243,2025-02-27,CUST0066,South,Pen,Stationery,3,152.31,456.93,Completed,Amit
100244,2025-01-18,CUST0915,East,Refrigerator,Home Appliances,2,2917.04,5834.08,Completed,Amit
100245,2025-01-29,CUST0287,North,Backpack,Stationery,4,279.08,1116.32,Completed,Sneha
100246,2025-12-05,CUST1068,West,T-Shirt,Fashion,5,2653.52,13267.6,Completed,Karan
100247,2025-03-31,CUST1283,South,Mouse,Electronics,10,4458.71,44587.1,Completed,Amit
100248,2025-08-02,CUST0837,West,Jacket,Fashion,9,1092.46,9832.14,Completed,Rahul
100249,2025-12-29,CUST0296,South,Notebook,Stationery,4,164.35,657.4,Returned,Arjun
100250,2025-04-15,CUST0677,East,Notebook,Stationery,7,136.57,955.99,Returned,Sneha
100251,2025-07-13,CUST1380,East,Mouse,Electronics,4,731.91,2927.64,Cancelled,Neha
100252,2025-06-20,CUST0621,East,Washing Machine,Home Appliances,4,17520.0,70080.0,Completed,Neha
100253,2025-12-27,CUST0419,South,Keyboard,Electronics,4,3630.32,14521.28,Returned,Sneha
100254,2025-07-03,CUST0632,North,Jacket,Fashion,8,1694.22,13553.76,Completed,Meera
100255,2025-06-13,CUST0417,North,Book,Stationery,8,385.58,3084.64,Completed,Amit
100256,2025-10-11,CUST1197,South,Television,Home Appliances,3,1308.18,3924.54,Completed,Neha
100257,2025-05-06,CUST1023,North,T-Shirt,Fashion,7,1795.41,12567.87,Completed,Meera
100258,2025-06-30,CUST0347,West,Backpack,Stationery,3,371.73,1115.19,Completed,Meera
100259,2025-02-08,CUST1369,East,Television,Home Appliances,1,10954.94,10954.94,Cancelled,Arjun
100260,2025-03-19,CUST0019,West,Television,Home Appliances,4,2291.39,9165.56,Completed,Sneha
100261,2025-12-04,CUST1000,East,Mouse,Electronics,10,4607.38,46073.8,Completed,Arjun
100262,2025-10-02,CUST0588,East,Laptop,Electronics,9,3749.87,33748.83,Completed,Arjun
100263,2025-05-04,CUST0394,North,Refrigerator,Home Appliances,2,10963.32,21926.64,Cancelled,Karan
100264,2025-08-24,CUST1158,West,Book,Stationery,6,480.46,2882.76,Returned,Neha
100265,2025-07-14,CUST0773,South,Shoes,Fashion,1,461.8,461.8,Completed,Amit
100266,2025-11-27,CUST0679,East,Refrigerator,Home Appliances,8,17061.27,136490.16,Cancelled,Amit
100267,2025-01-24,CUST0153,North,Refrigerator,Home Appliances,10,10034.51,100345.1,Cancelled,Amit
100268,2025-10-28,CUST0296,South,Washing Machine,Home Appliances,1,19267.91,19267.91,Returned,Karan
100269,2025-07-19,CUST1387,North,Television,Home Appliances,4,11767.22,47068.88,Completed,Rahul
100270,2025-08-12,CUST0476,East,Mouse,Electronics,6,741.63,4449.78,Completed,Arjun
100271,2025-08-19,CUST1005,West,Shoes,Fashion,5,2393.93,11969.65,Completed,Arjun
100272,2025-02-13,CUST1267,North,Notebook,Stationery,10,337.12,3371.2,Cancelled,Priya
100273,2025-11-21,CUST0316,South,Headphones,Electronics,3,2210.0,6630.0,Completed,Priya
100274,2025-05-19,CUST0210,West,Laptop,Electronics,5,2501.31,12506.55,Completed,Arjun
100275,2025-07-01,CUST1136,East,Backpack,Stationery,2,32.61,65.22,Completed,Sneha
100276,2025-02-13,CUST1485,West,Book,Stationery,5,218.63,1093.15,Completed,Rahul
100277,2025-05-18,CUST1010,West,Notebook,Stationery,3,149.08,447.24,Completed,Arjun
100278,2025-02-09,CUST0740,North,Jacket,Fashion,5,1555.85,7779.25,Returned,Meera
100279,2025-01-04,CUST0811,North,Washing Machine,Home Appliances,2,3574.3,7148.6,Cancelled,Arjun
100280,2025-11-30,CUST1218,West,Jacket,Fashion,6,1405.73,8434.38,Completed,Neha
100281,2025-06-13,CUST0597,South,Pen,Stationery,3,483.0,1449.0,Returned,Neha
100282,2025-07-21,CUST0748,East,Jacket,Fashion,5,2486.18,12430.9,Returned,Neha
100283,2025-08-25,CUST1451,West,Television,Home Appliances,9,1511.41,13602.69,Completed,Karan
100284,2025-06-05,CUST0496,North,Keyboard,Electronics,8,1126.31,9010.48,Completed,Arjun
100285,2025-09-03,CUST1193,South,Book,Stationery,8,495.54,3964.32,Completed,Arjun
100286,2025-02-13,CUST0224,West,Headphones,Electronics,9,3172.19,28549.71,Completed,Sneha
100287,2025-11-27,CUST1388,South,Television,Home Appliances,10,1841.64,18416.4,Returned,Sneha
100288,2025-04-24,CUST1046,West,Book,Stationery,1,67.33,67.33,Completed,Arjun
100289,2025-09-05,CUST0215,North,Notebook,Stationery,6,498.9,2993.4,Completed,Priya
100290,2025-08-22,CUST0424,South,Smartphone,Electronics,6,1903.51,11421.06,Completed,Priya
100291,2025-01-23,CUST1456,East,Backpack,Stationery,6,52.24,313.44,Completed,Sneha
100292,2025-10-10,CUST0328,North,Smartphone,Electronics,4,2821.97,11287.88,Completed,Meera
100293,2025-12-03,CUST0886,South,Washing Machine,Home Appliances,3,4541.35,13624.05,Completed,Neha
100294,2025-04-20,CUST0422,North,Backpack,Stationery,7,22.14,154.98,Cancelled,Priya
100295,2025-04-11,CUST0938,East,Mouse,Electronics,3,2146.07,6438.21,Completed,Meera
100296,2025-02-28,CUST0713,North,Jacket,Fashion,10,1299.12,12991.2,Cancelled,Rahul
100297,2025-05-03,CUST0626,East,Shoes,Fashion,3,1076.92,3230.76,Completed,Rahul
100298,2025-07-16,CUST0867,West,Backpack,Stationery,10,86.18,861.8,Completed,Rahul
100299,2025-06-11,CUST0924,East,Washing Machine,Home Appliances,5,3665.63,18328.15,Cancelled,Amit
100300,2025-10-15,CUST1036,South,Notebook,Stationery,4,411.3,1645.2,Completed,Meera
100301,2025-10-17,CUST0064,West,Backpack,Stationery,8,100.28,802.24,Completed,Karan
100302,2025-08-23,CUST1159,South,Television,Home Appliances,5,4195.97,20979.85,Completed,Priya
100303,2025-07-07,CUST1111,East,Headphones,Electronics,9,4204.77,37842.93,Cancelled,Meera
100304,2025-12-01,CUST0507,North,Washing Machine,Home Appliances,2,14983.79,29967.58,Cancelled,Amit
100305,2025-02-14,CUST0900,East,Pen,Stationery,6,433.86,2603.16,Cancelled,Neha
100306,2025-12-30,CUST1250,South,Television,Home Appliances,10,14093.54,140935.4,Completed,Rahul
100307,2025-09-30,CUST0576,West,Refrigerator,Home Appliances,1,11831.41,11831.41,Completed,Karan
100308,2025-12-14,CUST0196,West,Jeans,Fashion,9,2959.37,26634.33,Returned,Arjun
100309,2025-03-09,CUST0512,West,Headphones,Electronics,3,3656.42,10969.26,Completed,Neha
100310,2025-05-18,CUST1286,South,Backpack,Stationery,3,297.16,891.48,Completed,Priya
100311,2025-12-22,CUST0756,South,Keyboard,Electronics,9,3874.11,34866.99,Returned,Sneha
100312,2025-12-24,CUST0734,East,Laptop,Electronics,8,3356.78,26854.24,Cancelled,Arjun
100313,2025-06-15,CUST0581,North,Washing Machine,Home Appliances,4,10399.58,41598.32,Completed,Rahul
100314,2025-11-17,CUST0942,East,Pen,Stationery,1,42.05,42.05,Completed,Rahul
100315,2025-08-08,CUST0415,West,Backpack,Stationery,1,496.08,496.08,Cancelled,Karan
100316,2025-05-09,CUST0169,North,Washing Machine,Home Appliances,2,13437.17,26874.34,Completed,Rahul
100317,2025-04-30,CUST0880,East,Keyboard,Electronics,5,3766.95,18834.75,Completed,Amit
100318,2025-04-26,CUST1064,South,Washing Machine,Home Appliances,2,3521.3,7042.6,Completed,Sneha
100319,2025-04-28,CUST0785,East,Keyboard,Electronics,3,2649.65,7948.95,Completed,Priya
100320,2025-03-12,CUST0784,West,Headphones,Electronics,6,4464.45,26786.7,Completed,Rahul
100321,2025-11-29,CUST0337,South,Mouse,Electronics,10,538.14,5381.4,Completed,Neha
100322,2025-04-22,CUST0178,East,Washing Machine,Home Appliances,10,14044.76,140447.6,Completed,Priya
100323,2025-03-13,CUST0508,North,Pen,Stationery,7,170.96,1196.72,Completed,Neha
100324,2025-11-07,CUST1044,West,Shoes,Fashion,5,775.25,3876.25,Completed,Karan
100325,2025-05-04,CUST1024,East,Smartphone,Electronics,8,2236.49,17891.92,Completed,Amit
100326,2025-10-19,CUST0862,North,Jeans,Fashion,3,1283.15,3849.45,Completed,Rahul
100327,2025-01-08,CUST0537,West,Book,Stationery,1,301.93,301.93,Completed,Amit
100328,2025-08-05,CUST1438,South,Pen,Stationery,9,388.21,3493.89,Completed,Rahul
100329,2025-04-15,CUST0319,North,Shoes,Fashion,5,421.26,2106.3,Completed,Priya
100330,2025-02-14,CUST0890,East,Jacket,Fashion,4,362.14,1448.56,Completed,Amit
100331,2025-03-12,CUST1437,East,T-Shirt,Fashion,2,235.46,470.92,Completed,Sneha
100332,2025-05-18,CUST0242,East,T-Shirt,Fashion,6,555.41,3332.46,Completed,Arjun
100333,2025-10-23,CUST1286,East,Shoes,Fashion,5,2194.51,10972.55,Completed,Sneha
100334,2025-03-22,CUST0523,East,Keyboard,Electronics,10,1250.97,12509.7,Cancelled,Priya
100335,2025-01-07,CUST0501,East,Television,Home Appliances,9,1048.8,9439.2,Completed,Arjun
100336,2025-12-02,CUST0859,West,Refrigerator,Home Appliances,1,11504.43,11504.43,Completed,Arjun
100337,2025-03-03,CUST1029,East,Jeans,Fashion,2,1800.3,3600.6,Completed,Amit
100338,2025-06-09,CUST0671,East,Book,Stationery,8,435.7,3485.6,Completed,Amit
100339,2025-06-05,CUST1276,West,T-Shirt,Fashion,5,1778.66,8893.3,Completed,Meera
100340,2025-05-06,CUST0309,East,Television,Home Appliances,9,15449.16,139042.44,Returned,Amit
100341,2025-12-22,CUST0020,North,Television,Home Appliances,6,13082.89,78497.34,Completed,Arjun
100342,2025-05-02,CUST0860,South,Shoes,Fashion,4,1683.48,6733.92,Returned,Rahul
100343,2025-09-24,CUST0846,North,Shoes,Fashion,1,2779.57,2779.57,Completed,Priya
100344,2025-07-21,CUST0154,East,Mouse,Electronics,3,3367.47,10102.41,Completed,Rahul
100345,2025-07-21,CUST1436,North,Washing Machine,Home Appliances,5,17167.36,85836.8,Completed,Karan
100346,2025-10-27,CUST0224,West,Refrigerator,Home Appliances,4,3586.13,14344.52,Completed,Meera
100347,2025-07-03,CUST0426,South,Pen,Stationery,7,77.95,545.65,Completed,Karan
100348,2025-06-05,CUST1444,East,Laptop,Electronics,3,4134.19,12402.57,Completed,Sneha
100349,2025-07-22,CUST1052,East,Refrigerator,Home Appliances,4,19399.6,77598.4,Completed,Karan
100350,2025-10-12,CUST1127,West,Refrigerator,Home Appliances,7,17237.42,120661.94,Completed,Priya
100351,2025-04-24,CUST0268,West,Refrigerator,Home Appliances,1,2171.71,2171.71,Cancelled,Sneha
100352,2025-02-08,CUST0045,East,Mouse,Electronics,10,1664.69,16646.9,Completed,Meera
100353,2025-08-25,CUST0104,West,Refrigerator,Home Appliances,6,3328.03,19968.18,Returned,Arjun
100354,2025-08-07,CUST0354,North,Backpack,Stationery,1,203.71,203.71,Completed,Rahul
100355,2025-01-18,CUST1258,West,Jeans,Fashion,8,2673.59,21388.72,Completed,Meera
100356,2025-07-16,CUST0282,South,Backpack,Stationery,1,62.11,62.11,Completed,Neha
100357,2025-09-06,CUST0705,North,Keyboard,Electronics,6,2658.58,15951.48,Completed,Rahul
100358,2025-05-24,CUST0120,South,Headphones,Electronics,10,1485.59,14855.9,Completed,Neha
100359,2025-05-17,CUST1093,East,Refrigerator,Home Appliances,4,13480.42,53921.68,Cancelled,Neha
100360,2025-10-31,CUST0652,North,Pen,Stationery,3,104.53,313.59,Returned,Amit
100361,2025-09-10,CUST1111,North,T-Shirt,Fashion,10,2855.43,28554.3,Completed,Amit
100362,2025-01-11,CUST1079,South,Laptop,Electronics,4,3207.48,12829.92,Completed,Neha
100363,2025-06-15,CUST0122,East,Washing Machine,Home Appliances,3,18456.83,55370.49,Completed,Rahul
100364,2025-07-11,CUST1443,South,Mouse,Electronics,6,4822.51,28935.06,Completed,Sneha
100365,2025-08-12,CUST1310,South,Jeans,Fashion,3,2932.41,8797.23,Completed,Rahul
100366,2025-07-13,CUST0629,North,T-Shirt,Fashion,10,2480.47,24804.7,Completed,Amit
100367,2025-11-10,CUST0453,East,Book,Stationery,3,309.15,927.45,Returned,Rahul
100368,2025-06-13,CUST0344,East,Shoes,Fashion,4,1171.07,4684.28,Cancelled,Sneha
100369,2025-12-21,CUST0139,North,Book,Stationery,5,120.65,603.25,Completed,Priya
100370,2025-08-03,CUST0341,South,Laptop,Electronics,7,2471.99,17303.93,Completed,Arjun
100371,2025-10-23,CUST1334,West,Jacket,Fashion,2,2520.66,5041.32,Completed,Priya
100372,2025-02-23,CUST0152,North,Headphones,Electronics,1,1934.23,1934.23,Completed,Arjun
100373,2025-02-17,CUST0693,South,Television,Home Appliances,2,11393.88,22787.76,Completed,Arjun
100374,2025-02-21,CUST0679,West,Television,Home Appliances,7,3984.97,27894.79,Returned,Arjun
100375,2025-01-26,CUST0805,South,Jeans,Fashion,5,865.14,4325.7,Completed,Sneha
100376,2025-12-05,CUST1281,South,Keyboard,Electronics,2,1825.47,3650.94,Completed,Amit
100377,2025-08-31,CUST0237,North,Refrigerator,Home Appliances,5,19564.1,97820.5,Cancelled,Meera
100378,2025-07-18,CUST0379,North,Pen,Stationery,2,328.1,656.2,Cancelled,Sneha
100379,2025-08-27,CUST0540,West,Washing Machine,Home Appliances,1,6002.62,6002.62,Cancelled,Amit
100380,2025-06-26,CUST1109,South,Television,Home Appliances,2,2628.44,5256.88,Returned,Neha
100381,2025-10-02,CUST1408,South,Keyboard,Electronics,9,2383.84,21454.56,Completed,Neha
100382,2025-01-18,CUST1029,West,Pen,Stationery,2,209.51,419.02,Completed,Meera
100383,2025-03-06,CUST0088,South,Refrigerator,Home Appliances,4,16360.75,65443.0,Completed,Arjun
100384,2025-05-13,CUST0655,East,Television,Home Appliances,3,16848.05,50544.15,Completed,Arjun
100385,2025-01-07,CUST1435,South,Jeans,Fashion,9,1482.84,13345.56,Completed,Rahul
100386,2025-02-21,CUST0217,East,Television,Home Appliances,10,12070.86,120708.6,Cancelled,Sneha
100387,2025-10-20,CUST1248,South,Pen,Stationery,7,334.3,2340.1,Completed,Karan
100388,2025-12-22,CUST0823,East,Notebook,Stationery,10,312.15,3121.5,Completed,Sneha
100389,2025-07-10,CUST0042,North,Refrigerator,Home Appliances,8,18495.86,147966.88,Cancelled,Karan
100390,2025-12-17,CUST0202,West,Jeans,Fashion,8,2603.06,20824.48,Completed,Meera
100391,2025-02-15,CUST0385,South,Jeans,Fashion,7,1893.94,13257.58,Completed,Arjun
100392,2025-03-23,CUST0135,North,Pen,Stationery,1,267.33,267.33,Completed,Arjun
100393,2025-04-09,CUST0412,East,Television,Home Appliances,10,1550.02,15500.2,Completed,Meera
100394,2025-08-26,CUST1035,South,Headphones,Electronics,4,1732.9,6931.6,Completed,Priya
100395,2025-08-17,CUST0364,South,Smartphone,Electronics,6,2699.54,16197.24,Completed,Sneha
100396,2025-12-19,CUST0186,North,T-Shirt,Fashion,5,2297.09,11485.45,Completed,Amit
100397,2025-11-28,CUST0462,West,Television,Home Appliances,4,17285.11,69140.44,Completed,Arjun
100398,2025-11-28,CUST0355,East,Laptop,Electronics,8,4601.82,36814.56,Completed,Karan
100399,2025-08-24,CUST0517,West,Jacket,Fashion,7,2584.44,18091.08,Completed,Arjun
100400,2025-07-11,CUST1150,North,Laptop,Electronics,9,4997.43,44976.87,Completed,Priya
100401,2025-11-24,CUST0666,North,Book,Stationery,6,494.41,2966.46,Completed,Karan
100402,2025-01-30,CUST1229,South,Refrigerator,Home Appliances,9,15544.01,139896.09,Completed,Rahul
100403,2025-08-03,CUST0829,South,Keyboard,Electronics,5,1667.42,8337.1,Completed,Neha
100404,2025-09-01,CUST1376,North,T-Shirt,Fashion,9,1987.28,17885.52,Completed,Rahul
100405,2025-05-13,CUST1486,West,Washing Machine,Home Appliances,2,9944.84,19889.68,Returned,Sneha
100406,2025-06-07,CUST0862,North,Smartphone,Electronics,6,1504.98,9029.88,Completed,Karan
100407,2025-11-21,CUST1196,East,Book,Stationery,8,45.76,366.08,Completed,Neha
100408,2025-01-28,CUST0309,West,Keyboard,Electronics,9,1842.6,16583.4,Returned,Sneha
100409,2025-04-03,CUST0166,South,Backpack,Stationery,3,171.86,515.58,Completed,Rahul
100410,2025-04-18,CUST0346,West,Shoes,Fashion,1,1465.75,1465.75,Completed,Priya
100411,2025-07-26,CUST0879,South,Television,Home Appliances,7,13036.26,91253.82,Completed,Amit
100412,2025-06-14,CUST1088,West,Television,Home Appliances,6,19051.3,114307.8,Completed,Amit
100413,2025-02-22,CUST0786,North,Refrigerator,Home Appliances,6,6929.75,41578.5,Completed,Amit
100414,2025-11-02,CUST1074,North,Jeans,Fashion,8,2237.93,17903.44,Completed,Rahul
100415,2025-03-26,CUST0827,East,Jacket,Fashion,6,2300.32,13801.92,Completed,Rahul
100416,2025-03-28,CUST0253,North,Television,Home Appliances,1,12204.16,12204.16,Completed,Amit
100417,2025-11-01,CUST0099,East,Pen,Stationery,9,319.1,2871.9,Completed,Amit
100418,2025-03-05,CUST1121,North,Laptop,Electronics,7,2499.41,17495.87,Completed,Rahul
100419,2025-12-05,CUST0207,North,Television,Home Appliances,1,6721.21,6721.21,Completed,Rahul
100420,2025-03-02,CUST0579,East,Book,Stationery,9,365.01,3285.09,Cancelled,Meera
100421,2025-09-25,CUST0414,North,Television,Home Appliances,4,15781.22,63124.88,Completed,Karan
100422,2025-04-17,CUST1410,South,Refrigerator,Home Appliances,9,10430.74,93876.66,Completed,Amit
100423,2025-12-09,CUST1012,West,Laptop,Electronics,2,4258.54,8517.08,Returned,Priya
100424,2025-06-01,CUST0541,South,Headphones,Electronics,4,2555.38,10221.52,Completed,Rahul
100425,2025-06-10,CUST0873,East,Headphones,Electronics,6,4107.18,24643.08,Completed,Amit
100426,2025-08-13,CUST1274,North,Smartphone,Electronics,3,1978.97,5936.91,Cancelled,Priya
100427,2025-07-24,CUST0935,North,Jeans,Fashion,3,518.73,1556.19,Cancelled,Meera
100428,2025-01-31,CUST0327,East,Notebook,Stationery,2,83.61,167.22,Completed,Meera
100429,2025-07-03,CUST1253,East,Notebook,Stationery,10,202.28,2022.8,Cancelled,Rahul
100430,2025-08-14,CUST0095,East,Backpack,Stationery,2,446.05,892.1,Completed,Sneha
100431,2025-04-25,CUST1372,North,Mouse,Electronics,10,3756.98,37569.8,Completed,Priya
100432,2025-12-13,CUST1314,South,Notebook,Stationery,8,185.96,1487.68,Completed,Amit
100433,2025-09-11,CUST0339,East,Smartphone,Electronics,9,4319.81,38878.29,Cancelled,Sneha
100434,2025-04-25,CUST1128,South,Washing Machine,Home Appliances,5,1956.66,9783.3,Completed,Neha
100435,2025-08-18,CUST0181,South,Keyboard,Electronics,8,4105.68,32845.44,Completed,Priya
100436,2025-01-19,CUST1142,East,Book,Stationery,2,213.65,427.3,Cancelled,Karan
100437,2025-07-06,CUST0112,West,Television,Home Appliances,8,19056.75,152454.0,Cancelled,Sneha
100438,2025-12-04,CUST0455,East,Pen,Stationery,8,74.73,597.84,Completed,Karan
100439,2025-09-10,CUST0288,South,Shoes,Fashion,1,2711.26,2711.26,Completed,Neha
100440,2025-04-08,CUST1468,North,Refrigerator,Home Appliances,7,5096.2,35673.4,Completed,Arjun
100441,2025-08-19,CUST0937,West,Mouse,Electronics,2,3974.65,7949.3,Returned,Amit
100442,2025-09-05,CUST1042,West,Mouse,Electronics,7,4274.67,29922.69,Completed,Rahul
100443,2025-11-07,CUST0660,South,Refrigerator,Home Appliances,7,13492.91,94450.37,Completed,Neha
100444,2025-08-20,CUST0274,West,Jacket,Fashion,6,2917.38,17504.28,Completed,Karan
100445,2025-05-29,CUST1407,North,T-Shirt,Fashion,4,787.2,3148.8,Returned,Rahul
100446,2025-06-15,CUST1455,East,Television,Home Appliances,9,14191.93,127727.37,Cancelled,Meera
100447,2025-09-25,CUST0219,East,Pen,Stationery,7,407.99,2855.93,Completed,Amit
100448,2025-03-24,CUST0587,North,Smartphone,Electronics,5,3875.83,19379.15,Completed,Amit
100449,2025-08-20,CUST0210,West,T-Shirt,Fashion,9,290.46,2614.14,Completed,Arjun
100450,2025-01-25,CUST0782,South,Television,Home Appliances,5,14165.79,70828.95,Completed,Sneha
100451,2025-08-15,CUST0462,North,Laptop,Electronics,5,1413.89,7069.45,Cancelled,Neha
100452,2025-12-16,CUST0153,West,Washing Machine,Home Appliances,8,4371.09,34968.72,Returned,Priya
100453,2025-05-16,CUST0267,West,Book,Stationery,7,153.97,1077.79,Completed,Karan
100454,2025-03-21,CUST0082,West,Headphones,Electronics,8,3693.6,29548.8,Returned,Amit
100455,2025-02-07,CUST1450,North,Jacket,Fashion,10,1740.45,17404.5,Completed,Rahul
100456,2025-10-02,CUST0827,East,Mouse,Electronics,3,2371.69,7115.07,Completed,Neha
100457,2025-11-13,CUST1087,South,Jeans,Fashion,6,1022.01,6132.06,Returned,Amit
100458,2025-11-25,CUST1257,West,Headphones,Electronics,8,1581.57,12652.56,Returned,Sneha
100459,2025-05-25,CUST0051,North,Book,Stationery,7,143.16,1002.12,Completed,Meera
100460,2025-04-09,CUST0657,East,Book,Stationery,5,451.18,2255.9,Returned,Rahul
100461,2025-04-20,CUST1404,South,Laptop,Electronics,4,3516.51,14066.04,Cancelled,Neha
100462,2025-06-19,CUST0078,East,Book,Stationery,3,31.4,94.2,Completed,Rahul
100463,2025-05-13,CUST0835,South,Shoes,Fashion,10,2500.53,25005.3,Completed,Arjun
100464,2025-03-02,CUST1096,East,Pen,Stationery,1,206.96,206.96,Completed,Priya
100465,2025-02-24,CUST0594,North,Laptop,Electronics,6,4676.21,28057.26,Completed,Karan
100466,2025-01-16,CUST0971,West,Backpack,Stationery,7,414.62,2902.34,Completed,Rahul
100467,2025-11-28,CUST0765,East,Pen,Stationery,3,163.07,489.21,Completed,Rahul
100468,2025-07-21,CUST1101,East,Laptop,Electronics,1,3077.23,3077.23,Completed,Sneha
100469,2025-04-05,CUST0453,North,Washing Machine,Home Appliances,9,3706.65,33359.85,Completed,Rahul
100470,2025-02-07,CUST0596,East,Mouse,Electronics,8,3401.04,27208.32,Completed,Neha
100471,2025-12-02,CUST0481,East,Pen,Stationery,6,81.54,489.24,Completed,Priya
100472,2025-11-12,CUST1351,North,Washing Machine,Home Appliances,8,9562.27,76498.16,Completed,Rahul
100473,2025-06-10,CUST0505,West,Jeans,Fashion,7,672.19,4705.33,Completed,Arjun
100474,2025-06-19,CUST0983,South,Jeans,Fashion,3,2102.82,6308.46,Completed,Karan
100475,2025-02-11,CUST0575,West,Book,Stationery,3,329.86,989.58,Cancelled,Neha
100476,2025-09-17,CUST1294,East,Shoes,Fashion,2,2697.89,5395.78,Cancelled,Arjun
100477,2025-10-04,CUST0967,West,Refrigerator,Home Appliances,9,5951.71,53565.39,Completed,Neha
100478,2025-02-16,CUST0813,North,T-Shirt,Fashion,8,1603.14,12825.12,Completed,Neha
100479,2025-04-02,CUST1160,West,Television,Home Appliances,3,9478.19,28434.57,Completed,Meera
100480,2025-04-29,CUST0129,North,Shoes,Fashion,4,2332.12,9328.48,Completed,Amit
100481,2025-08-21,CUST0096,East,Television,Home Appliances,6,8373.77,50242.62,Returned,Sneha
100482,2025-05-15,CUST1186,West,Mouse,Electronics,5,4256.93,21284.65,Completed,Arjun
100483,2025-04-25,CUST1058,South,Shoes,Fashion,9,904.44,8139.96,Completed,Sneha
100484,2025-03-13,CUST0901,West,Backpack,Stationery,10,23.17,231.7,Completed,Karan
100485,2025-11-05,CUST1470,East,Refrigerator,Home Appliances,3,3989.79,11969.37,Completed,Arjun
100486,2025-09-03,CUST0432,West,Shoes,Fashion,8,2090.64,16725.12,Completed,Arjun
100487,2025-10-31,CUST0330,West,Smartphone,Electronics,1,1075.48,1075.48,Completed,Amit
100488,2025-04-03,CUST1059,South,Refrigerator,Home Appliances,3,5906.93,17720.79,Completed,Amit
100489,2025-08-30,CUST0987,West,Shoes,Fashion,4,1457.77,5831.08,Completed,Arjun
100490,2025-09-19,CUST0542,West,Television,Home Appliances,3,12841.02,38523.06,Completed,Sneha
100491,2025-03-09,CUST0223,East,Book,Stationery,4,201.54,806.16,Completed,Arjun
100492,2025-11-11,CUST1229,East,Television,Home Appliances,2,4371.02,8742.04,Cancelled,Priya
100493,2025-10-04,CUST0003,South,Keyboard,Electronics,3,4558.93,13676.79,Completed,Sneha
100494,2025-09-04,CUST0781,North,Mouse,Electronics,7,1532.69,10728.83,Completed,Priya
100495,2025-04-30,CUST0172,North,Notebook,Stationery,5,249.03,1245.15,Completed,Arjun
100496,2025-01-04,CUST1184,East,T-Shirt,Fashion,1,2185.62,2185.62,Completed,Arjun
100497,2025-02-24,CUST0317,South,Television,Home Appliances,6,8768.06,52608.36,Completed,Karan
100498,2025-05-22,CUST1394,South,Jacket,Fashion,10,1223.8,12238.0,Cancelled,Arjun
100499,2025-09-05,CUST0520,North,Notebook,Stationery,6,288.37,1730.22,Completed,Arjun
100500,2025-08-17,CUST1433,West,Television,Home Appliances,2,15208.47,30416.94,Completed,Arjun
100501,2025-11-22,CUST0011,East,Shoes,Fashion,3,1289.49,3868.47,Cancelled,Meera
100502,2025-07-09,CUST0164,East,Book,Stationery,2,146.28,292.56,Completed,Arjun
100503,2025-08-13,CUST0022,West,Shoes,Fashion,3,1992.82,5978.46,Cancelled,Karan
100504,2025-12-24,CUST0475,West,Refrigerator,Home Appliances,10,10700.41,107004.1,Completed,Sneha
100505,2025-02-14,CUST0566,South,Television,Home Appliances,1,19537.27,19537.27,Completed,Arjun
100506,2025-12-27,CUST0141,East,Notebook,Stationery,9,27.38,246.42,Completed,Sneha
100507,2025-04-10,CUST0932,South,Jeans,Fashion,4,1897.82,7591.28,Completed,Karan
100508,2025-02-07,CUST1031,North,Washing Machine,Home Appliances,9,3022.83,27205.47,Completed,Priya
100509,2025-10-16,CUST0991,West,Jeans,Fashion,8,2904.96,23239.68,Cancelled,Meera
100510,2025-02-04,CUST0784,West,Book,Stationery,8,75.81,606.48,Completed,Neha
100511,2025-01-05,CUST1436,North,Jacket,Fashion,6,1646.21,9877.26,Completed,Priya
100512,2025-04-02,CUST0976,North,Pen,Stationery,2,286.18,572.36,Completed,Karan
100513,2025-04-13,CUST0481,West,Television,Home Appliances,4,10480.99,41923.96,Cancelled,Neha
100514,2025-07-02,CUST0320,East,Refrigerator,Home Appliances,4,16890.36,67561.44,Completed,Priya
100515,2025-09-04,CUST0761,North,Book,Stationery,9,479.84,4318.56,Completed,Karan
100516,2025-04-24,CUST1182,West,Notebook,Stationery,9,154.53,1390.77,Completed,Arjun
100517,2025-12-18,CUST0358,South,Book,Stationery,9,186.7,1680.3,Returned,Meera
100518,2025-07-14,CUST1190,East,Shoes,Fashion,1,2087.49,2087.49,Completed,Karan
100519,2025-08-30,CUST1256,North,Television,Home Appliances,5,5505.64,27528.2,Completed,Meera
100520,2025-07-10,CUST0748,South,Notebook,Stationery,7,356.34,2494.38,Completed,Rahul
100521,2025-05-19,CUST0483,South,Television,Home Appliances,4,16469.62,65878.48,Cancelled,Neha
100522,2025-01-05,CUST0362,South,Television,Home Appliances,3,9986.75,29960.25,Completed,Sneha
100523,2025-10-18,CUST0098,South,Pen,Stationery,5,289.83,1449.15,Completed,Rahul
100524,2025-11-19,CUST0198,South,Smartphone,Electronics,5,2644.43,13222.15,Completed,Karan
100525,2025-05-12,CUST0705,East,Jeans,Fashion,9,1760.98,15848.82,Completed,Sneha
100526,2025-10-03,CUST0358,North,Television,Home Appliances,10,13347.44,133474.4,Completed,Meera
100527,2025-08-26,CUST1294,West,Book,Stationery,7,314.56,2201.92,Cancelled,Sneha
100528,2025-06-25,CUST0468,North,Backpack,Stationery,2,57.97,115.94,Completed,Karan
100529,2025-07-05,CUST1203,South,Jacket,Fashion,5,2685.54,13427.7,Completed,Rahul
100530,2025-12-25,CUST0164,West,Smartphone,Electronics,4,3479.1,13916.4,Completed,Priya
100531,2025-01-14,CUST0814,East,Laptop,Electronics,8,2967.95,23743.6,Completed,Rahul
100532,2025-05-26,CUST0908,West,Keyboard,Electronics,5,1532.1,7660.5,Completed,Rahul
100533,2025-06-16,CUST0976,South,Laptop,Electronics,6,4371.66,26229.96,Returned,Karan
100534,2025-11-02,CUST0936,South,Notebook,Stationery,9,104.98,944.82,Completed,Karan
100535,2025-02-15,CUST0905,North,Jacket,Fashion,9,835.96,7523.64,Completed,Karan
100536,2025-03-11,CUST0705,North,Washing Machine,Home Appliances,1,1001.75,1001.75,Completed,Amit
100537,2025-08-09,CUST0600,West,Backpack,Stationery,5,24.38,121.9,Cancelled,Sneha
100538,2025-05-08,CUST0335,South,Washing Machine,Home Appliances,9,9305.02,83745.18,Cancelled,Neha
100539,2025-09-22,CUST1256,North,Shoes,Fashion,7,1950.9,13656.3,Completed,Karan
100540,2025-05-29,CUST0227,South,Notebook,Stationery,2,107.56,215.12,Completed,Karan
100541,2025-01-26,CUST1096,East,Notebook,Stationery,6,29.31,175.86,Completed,Priya
100542,2025-01-05,CUST0477,East,Jeans,Fashion,3,2202.55,6607.65,Completed,Meera
100543,2025-09-13,CUST0761,South,Washing Machine,Home Appliances,7,6919.96,48439.72,Completed,Amit
100544,2025-07-20,CUST0147,South,Shoes,Fashion,3,356.91,1070.73,Completed,Karan
100545,2025-05-08,CUST0789,South,Book,Stationery,2,487.81,975.62,Completed,Amit
100546,2025-04-17,CUST0969,South,Washing Machine,Home Appliances,2,10901.64,21803.28,Completed,Karan
100547,2025-10-09,CUST1067,East,T-Shirt,Fashion,1,2285.23,2285.23,Completed,Karan
100548,2025-04-22,CUST0232,West,Washing Machine,Home Appliances,1,17409.5,17409.5,Completed,Sneha
100549,2025-07-22,CUST0498,East,Smartphone,Electronics,5,3131.14,15655.7,Returned,Meera
100550,2025-09-13,CUST0188,North,Washing Machine,Home Appliances,2,5725.72,11451.44,Returned,Amit
100551,2025-02-24,CUST0258,South,Headphones,Electronics,3,3655.98,10967.94,Completed,Sneha
100552,2025-07-03,CUST1484,West,Notebook,Stationery,1,350.84,350.84,Completed,Amit
100553,2025-12-23,CUST1004,West,Backpack,Stationery,9,161.46,1453.14,Completed,Sneha
100554,2025-11-03,CUST1136,West,Jacket,Fashion,5,2629.45,13147.25,Completed,Rahul
100555,2025-08-21,CUST0002,South,Pen,Stationery,5,279.97,1399.85,Completed,Amit
100556,2025-12-04,CUST1104,South,T-Shirt,Fashion,6,2218.81,13312.86,Completed,Meera
100557,2025-11-25,CUST0660,East,Television,Home Appliances,5,7129.4,35647.0,Completed,Priya
100558,2025-04-14,CUST0220,South,Smartphone,Electronics,3,4430.72,13292.16,Completed,Amit
100559,2025-10-30,CUST0525,East,Backpack,Stationery,9,319.51,2875.59,Completed,Priya
100560,2025-02-10,CUST0959,East,Smartphone,Electronics,8,4677.82,37422.56,Completed,Arjun
100561,2025-01-21,CUST0145,North,Shoes,Fashion,10,944.28,9442.8,Completed,Neha
100562,2025-04-08,CUST0396,West,Laptop,Electronics,4,2892.47,11569.88,Completed,Rahul
100563,2025-08-23,CUST1439,South,Book,Stationery,10,191.82,1918.2,Cancelled,Rahul
100564,2025-12-03,CUST0324,South,Television,Home Appliances,7,10589.16,74124.12,Returned,Sneha
100565,2025-08-09,CUST1487,North,Jeans,Fashion,7,2339.72,16378.04,Completed,Neha
100566,2025-08-18,CUST0814,East,Pen,Stationery,6,481.59,2889.54,Completed,Karan
100567,2025-06-04,CUST0014,North,Mouse,Electronics,3,4970.35,14911.05,Returned,Neha
100568,2025-09-19,CUST1140,West,Shoes,Fashion,5,2773.51,13867.55,Completed,Meera
100569,2025-10-26,CUST0512,West,T-Shirt,Fashion,3,941.97,2825.91,Completed,Karan
100570,2025-04-22,CUST0159,North,Mouse,Electronics,7,3060.79,21425.53,Cancelled,Rahul
100571,2025-01-20,CUST1497,South,Book,Stationery,10,328.28,3282.8,Completed,Amit
100572,2025-03-03,CUST0465,East,Jeans,Fashion,7,1366.26,9563.82,Completed,Arjun
100573,2025-10-04,CUST1157,West,Headphones,Electronics,9,685.32,6167.88,Completed,Neha
100574,2025-11-01,CUST1179,East,Refrigerator,Home Appliances,7,19449.76,136148.32,Completed,Karan
100575,2025-09-01,CUST1171,East,Notebook,Stationery,3,181.36,544.08,Completed,Karan
100576,2025-12-24,CUST0268,West,Keyboard,Electronics,9,2455.21,22096.89,Completed,Neha
100577,2025-11-12,CUST1074,West,Backpack,Stationery,10,114.13,1141.3,Completed,Karan
100578,2025-12-10,CUST0848,South,Pen,Stationery,10,63.01,630.1,Completed,Neha
100579,2025-06-06,CUST0347,North,Jeans,Fashion,10,2035.15,20351.5,Completed,Meera
100580,2025-04-30,CUST0409,North,Washing Machine,Home Appliances,1,18560.05,18560.05,Completed,Priya
100581,2025-03-17,CUST0590,East,Laptop,Electronics,4,4770.23,19080.92,Completed,Priya
100582,2025-04-18,CUST1102,West,Jacket,Fashion,8,263.69,2109.52,Completed,Karan
100583,2025-12-06,CUST1079,East,Notebook,Stationery,1,200.77,200.77,Completed,Amit
100584,2025-08-27,CUST1341,East,T-Shirt,Fashion,10,959.59,9595.9,Completed,Karan
100585,2025-11-29,CUST0792,West,Shoes,Fashion,1,1018.99,1018.99,Returned,Priya
100586,2025-04-06,CUST0408,South,Jacket,Fashion,10,1688.37,16883.7,Completed,Amit
100587,2025-09-08,CUST0806,West,Smartphone,Electronics,9,1872.17,16849.53,Completed,Sneha
100588,2025-09-14,CUST0565,East,Jeans,Fashion,4,2988.78,11955.12,Completed,Arjun
100589,2025-06-24,CUST0805,West,Mouse,Electronics,5,1515.12,7575.6,Completed,Arjun
100590,2025-08-07,CUST0640,North,Washing Machine,Home Appliances,4,11885.07,47540.28,Completed,Rahul
100591,2025-12-17,CUST0415,West,Television,Home Appliances,3,12039.58,36118.74,Completed,Rahul
100592,2025-06-12,CUST0139,East,Notebook,Stationery,10,460.21,4602.1,Completed,Rahul
100593,2025-06-05,CUST0908,North,Headphones,Electronics,7,4825.38,33777.66,Completed,Neha
100594,2025-11-10,CUST1264,North,Smartphone,Electronics,3,617.89,1853.67,Completed,Neha
100595,2025-12-19,CUST0977,West,Refrigerator,Home Appliances,1,7825.97,7825.97,Completed,Meera
100596,2025-03-12,CUST0336,West,T-Shirt,Fashion,7,1576.05,11032.35,Completed,Arjun
100597,2025-12-10,CUST0416,West,Headphones,Electronics,7,1501.49,10510.43,Completed,Meera
100598,2025-08-07,CUST0830,East,Pen,Stationery,8,446.04,3568.32,Completed,Arjun
100599,2025-10-20,CUST1217,East,Jacket,Fashion,10,2829.59,28295.9,Completed,Meera
100600,2025-07-22,CUST0081,South,Book,Stationery,4,268.98,1075.92,Completed,Amit
100601,2025-06-05,CUST0586,South,Washing Machine,Home Appliances,8,8562.76,68502.08,Completed,Karan
100602,2025-11-27,CUST0926,East,Mouse,Electronics,3,2586.11,7758.33,Completed,Priya
100603,2025-07-31,CUST0663,South,Television,Home Appliances,9,3570.83,32137.47,Completed,Meera
100604,2025-12-21,CUST1329,West,Washing Machine,Home Appliances,2,5751.56,11503.12,Completed,Priya
100605,2025-02-13,CUST1073,South,Laptop,Electronics,8,3353.33,26826.64,Completed,Rahul
100606,2025-06-21,CUST1159,West,Backpack,Stationery,1,388.76,388.76,Completed,Rahul
100607,2025-06-08,CUST1496,South,Television,Home Appliances,1,8972.05,8972.05,Completed,Rahul
100608,2025-05-10,CUST0026,South,Smartphone,Electronics,4,515.9,2063.6,Completed,Meera
100609,2025-10-29,CUST1351,South,Mouse,Electronics,8,1570.45,12563.6,Completed,Meera
100610,2025-10-08,CUST0570,West,Mouse,Electronics,10,529.58,5295.8,Completed,Rahul
100611,2025-01-17,CUST1367,North,Headphones,Electronics,1,1154.18,1154.18,Completed,Priya
100612,2025-03-24,CUST1377,North,Laptop,Electronics,7,4971.81,34802.67,Completed,Rahul
100613,2025-06-03,CUST0662,North,Pen,Stationery,1,64.7,64.7,Cancelled,Priya
100614,2025-03-04,CUST1423,North,Book,Stationery,5,245.99,1229.95,Completed,Arjun
100615,2025-02-25,CUST1171,East,Television,Home Appliances,4,12629.02,50516.08,Completed,Karan
100616,2025-11-16,CUST0725,West,Pen,Stationery,5,272.19,1360.95,Completed,Meera
100617,2025-04-30,CUST1452,North,Backpack,Stationery,3,444.16,1332.48,Returned,Amit
100618,2025-03-02,CUST0425,South,Laptop,Electronics,8,3314.57,26516.56,Completed,Sneha
100619,2025-12-20,CUST0577,North,T-Shirt,Fashion,1,1993.73,1993.73,Cancelled,Karan
100620,2025-06-20,CUST0700,South,Jeans,Fashion,1,518.74,518.74,Completed,Amit
100621,2025-12-11,CUST0982,South,Refrigerator,Home Appliances,6,16842.68,101056.08,Cancelled,Rahul
100622,2025-10-02,CUST0687,South,Notebook,Stationery,8,448.19,3585.52,Cancelled,Arjun
100623,2025-12-14,CUST0647,East,Mouse,Electronics,5,3042.24,15211.2,Completed,Sneha
100624,2025-01-16,CUST0695,South,Shoes,Fashion,3,985.29,2955.87,Completed,Rahul
100625,2025-06-07,CUST1445,North,Notebook,Stationery,10,76.09,760.9,Completed,Karan
100626,2025-07-10,CUST0926,North,Book,Stationery,8,440.98,3527.84,Completed,Karan
100627,2025-04-14,CUST0190,South,Refrigerator,Home Appliances,6,15913.94,95483.64,Completed,Meera
100628,2025-09-26,CUST0636,North,Refrigerator,Home Appliances,6,18549.1,111294.6,Completed,Priya
100629,2025-09-25,CUST0238,East,Refrigerator,Home Appliances,1,9728.0,9728.0,Completed,Amit
100630,2025-02-22,CUST1067,North,Headphones,Electronics,8,4501.34,36010.72,Completed,Karan
100631,2025-05-22,CUST1091,North,Washing Machine,Home Appliances,4,4658.37,18633.48,Cancelled,Priya
100632,2025-01-08,CUST1276,East,T-Shirt,Fashion,3,966.18,2898.54,Completed,Sneha
100633,2025-05-26,CUST1176,West,Jeans,Fashion,3,2841.18,8523.54,Completed,Karan
100634,2025-08-30,CUST1384,East,Jacket,Fashion,1,564.21,564.21,Completed,Amit
100635,2025-11-02,CUST1214,South,Keyboard,Electronics,7,1305.42,9137.94,Completed,Karan
100636,2025-08-27,CUST1163,West,T-Shirt,Fashion,9,419.93,3779.37,Completed,Meera
100637,2025-12-30,CUST0954,South,Keyboard,Electronics,5,3580.15,17900.75,Completed,Neha
100638,2025-07-20,CUST0376,North,Television,Home Appliances,5,18344.37,91721.85,Cancelled,Sneha
100639,2025-02-27,CUST0720,South,Backpack,Stationery,1,51.38,51.38,Completed,Rahul
100640,2025-09-18,CUST0211,South,Jeans,Fashion,10,1809.1,18091.0,Cancelled,Priya
100641,2025-07-25,CUST1210,South,Shoes,Fashion,5,1691.69,8458.45,Completed,Neha
100642,2025-04-17,CUST1422,South,Washing Machine,Home Appliances,7,2255.14,15785.98,Cancelled,Arjun
100643,2025-02-09,CUST1458,South,T-Shirt,Fashion,3,2055.31,6165.93,Completed,Meera
100644,2025-07-27,CUST0143,East,Shoes,Fashion,8,693.29,5546.32,Completed,Arjun
100645,2025-03-13,CUST1190,East,Jacket,Fashion,1,453.49,453.49,Cancelled,Rahul
100646,2025-08-17,CUST0401,West,Pen,Stationery,7,315.47,2208.29,Completed,Sneha
100647,2025-06-26,CUST0183,East,Jeans,Fashion,7,2209.82,15468.74,Completed,Arjun
100648,2025-10-09,CUST0109,East,Washing Machine,Home Appliances,1,8015.23,8015.23,Completed,Sneha
100649,2025-12-26,CUST1209,South,Headphones,Electronics,1,1558.59,1558.59,Completed,Arjun
100650,2025-12-06,CUST0356,South,Backpack,Stationery,7,281.66,1971.62,Completed,Arjun
100651,2025-12-10,CUST0258,West,Jacket,Fashion,3,1007.72,3023.16,Completed,Amit
100652,2025-03-11,CUST0174,West,Television,Home Appliances,8,13500.61,108004.88,Completed,Arjun
100653,2025-09-18,CUST0869,South,Backpack,Stationery,10,106.3,1063.0,Completed,Neha
100654,2025-09-13,CUST1497,West,Washing Machine,Home Appliances,10,1141.17,11411.7,Completed,Karan
100655,2025-10-18,CUST0990,North,Pen,Stationery,1,489.55,489.55,Completed,Meera
100656,2025-05-24,CUST0953,East,Smartphone,Electronics,9,4926.11,44334.99,Completed,Priya
100657,2025-10-04,CUST1188,North,Washing Machine,Home Appliances,2,13997.41,27994.82,Completed,Sneha
100658,2025-08-29,CUST1176,North,Keyboard,Electronics,8,2806.98,22455.84,Completed,Karan
100659,2025-11-02,CUST0623,North,T-Shirt,Fashion,1,2146.14,2146.14,Completed,Meera
100660,2025-05-30,CUST1279,East,Television,Home Appliances,1,13470.08,13470.08,Completed,Priya
100661,2025-05-23,CUST0517,West,Television,Home Appliances,2,17177.46,34354.92,Completed,Karan
100662,2025-10-30,CUST0310,South,Shoes,Fashion,2,1890.7,3781.4,Completed,Rahul
100663,2025-09-28,CUST0068,North,T-Shirt,Fashion,8,706.27,5650.16,Returned,Rahul
100664,2025-05-02,CUST1354,South,Washing Machine,Home Appliances,7,15636.99,109458.93,Completed,Rahul
100665,2025-05-16,CUST0238,East,Television,Home Appliances,6,2032.19,12193.14,Completed,Arjun
100666,2025-09-30,CUST0479,South,Pen,Stationery,8,378.15,3025.2,Completed,Arjun
100667,2025-08-11,CUST0025,North,Pen,Stationery,3,274.61,823.83,Returned,Meera
100668,2025-01-22,CUST0200,North,Pen,Stationery,9,347.78,3130.02,Returned,Arjun
100669,2025-02-20,CUST0523,South,Jeans,Fashion,5,947.85,4739.25,Completed,Neha
100670,2025-04-03,CUST0642,East,Television,Home Appliances,6,13876.65,83259.9,Completed,Priya
100671,2025-12-17,CUST0914,North,Keyboard,Electronics,2,2863.69,5727.38,Completed,Karan
100672,2025-02-17,CUST0117,West,T-Shirt,Fashion,1,266.36,266.36,Returned,Priya
100673,2025-12-03,CUST1327,West,Laptop,Electronics,10,1084.58,10845.8,Cancelled,Rahul
100674,2025-02-08,CUST1309,South,Jeans,Fashion,8,2049.34,16394.72,Returned,Karan
100675,2025-02-07,CUST0568,East,Pen,Stationery,5,97.74,488.7,Completed,Sneha
100676,2025-02-05,CUST1008,West,Headphones,Electronics,5,1300.68,6503.4,Completed,Rahul
100677,2025-08-09,CUST0448,East,Book,Stationery,3,279.5,838.5,Returned,Karan
100678,2025-05-09,CUST0914,East,Laptop,Electronics,2,816.86,1633.72,Cancelled,Rahul
100679,2025-12-25,CUST0676,South,Laptop,Electronics,7,1698.96,11892.72,Completed,Meera
100680,2025-02-05,CUST1107,West,Backpack,Stationery,7,425.14,2975.98,Completed,Meera
100681,2025-07-03,CUST0683,North,Mouse,Electronics,9,4707.69,42369.21,Completed,Priya
100682,2025-05-29,CUST1327,West,Jeans,Fashion,2,2555.31,5110.62,Completed,Amit
100683,2025-02-24,CUST1292,North,Notebook,Stationery,5,354.02,1770.1,Completed,Meera
100684,2025-10-31,CUST0489,South,Refrigerator,Home Appliances,1,4668.76,4668.76,Completed,Karan
100685,2025-01-29,CUST0692,East,Backpack,Stationery,1,37.78,37.78,Completed,Neha
100686,2025-02-06,CUST0076,West,Notebook,Stationery,10,131.83,1318.3,Completed,Amit
100687,2025-03-08,CUST0030,West,Book,Stationery,4,356.62,1426.48,Completed,Karan
100688,2025-10-30,CUST0131,East,Keyboard,Electronics,10,1268.1,12681.0,Completed,Neha
100689,2025-12-14,CUST0824,North,Smartphone,Electronics,7,2018.04,14126.28,Completed,Rahul
100690,2025-06-21,CUST0130,East,T-Shirt,Fashion,1,1860.64,1860.64,Completed,Arjun
100691,2025-08-13,CUST0499,East,Television,Home Appliances,6,11514.75,69088.5,Completed,Arjun
100692,2025-01-04,CUST0368,East,Refrigerator,Home Appliances,8,2533.73,20269.84,Completed,Karan
100693,2025-11-24,CUST0555,South,Backpack,Stationery,3,118.96,356.88,Completed,Rahul
100694,2025-11-10,CUST0181,North,Mouse,Electronics,3,3727.39,11182.17,Completed,Amit
100695,2025-02-18,CUST1268,North,Refrigerator,Home Appliances,2,19745.47,39490.94,Cancelled,Neha
100696,2025-02-27,CUST0306,South,Notebook,Stationery,5,45.47,227.35,Completed,Rahul
100697,2025-08-11,CUST0515,North,Laptop,Electronics,6,1782.79,10696.74,Completed,Meera
100698,2025-04-01,CUST0324,East,Laptop,Electronics,1,4661.88,4661.88,Completed,Priya
100699,2025-06-16,CUST0859,West,Smartphone,Electronics,8,3167.18,25337.44,Completed,Sneha
100700,2025-05-02,CUST0845,West,Refrigerator,Home Appliances,6,5327.86,31967.16,Completed,Neha
100701,2025-08-12,CUST0297,West,Keyboard,Electronics,10,2679.83,26798.3,Returned,Meera
100702,2025-04-10,CUST1295,North,Washing Machine,Home Appliances,6,3591.69,21550.14,Returned,Neha
100703,2025-01-31,CUST0575,West,T-Shirt,Fashion,1,2138.19,2138.19,Completed,Meera
100704,2025-04-23,CUST0605,West,Backpack,Stationery,3,384.96,1154.88,Cancelled,Rahul
100705,2025-09-08,CUST0444,South,Refrigerator,Home Appliances,7,17282.5,120977.5,Cancelled,Karan
100706,2025-08-11,CUST1187,West,Keyboard,Electronics,4,1615.24,6460.96,Cancelled,Rahul
100707,2025-08-29,CUST1033,East,Keyboard,Electronics,1,680.26,680.26,Completed,Arjun
100708,2025-02-12,CUST1144,East,Book,Stationery,8,257.74,2061.92,Completed,Arjun
100709,2025-11-28,CUST0186,East,Refrigerator,Home Appliances,6,6620.02,39720.12,Completed,Karan
100710,2025-10-26,CUST0050,South,Television,Home Appliances,8,17300.52,138404.16,Completed,Rahul
100711,2025-12-27,CUST1298,East,Notebook,Stationery,6,320.87,1925.22,Cancelled,Priya
100712,2025-08-07,CUST0553,West,Pen,Stationery,9,35.7,321.3,Cancelled,Priya
100713,2025-12-12,CUST0746,East,Shoes,Fashion,9,2846.9,25622.1,Completed,Sneha
100714,2025-11-28,CUST1145,East,Book,Stationery,6,195.89,1175.34,Completed,Neha
100715,2025-11-29,CUST0980,West,Washing Machine,Home Appliances,4,11253.04,45012.16,Cancelled,Neha
100716,2025-08-05,CUST0568,East,Jeans,Fashion,5,1609.98,8049.9,Completed,Sneha
100717,2025-03-04,CUST0963,North,Backpack,Stationery,9,272.81,2455.29,Completed,Sneha
100718,2025-07-20,CUST0367,North,Smartphone,Electronics,8,892.89,7143.12,Returned,Priya
100719,2025-03-17,CUST1017,West,Smartphone,Electronics,5,1004.11,5020.55,Cancelled,Amit
100720,2025-08-31,CUST0711,South,Jacket,Fashion,9,2808.82,25279.38,Completed,Amit
100721,2025-04-29,CUST1065,North,T-Shirt,Fashion,2,261.7,523.4,Completed,Sneha
100722,2025-09-29,CUST1124,South,Jacket,Fashion,10,2064.39,20643.9,Completed,Rahul
100723,2025-07-10,CUST0591,East,T-Shirt,Fashion,5,834.99,4174.95,Completed,Karan
100724,2025-12-31,CUST1097,North,Notebook,Stationery,10,463.58,4635.8,Completed,Rahul
100725,2025-06-12,CUST1177,West,Refrigerator,Home Appliances,4,3221.43,12885.72,Completed,Sneha
100726,2025-12-07,CUST0650,North,Refrigerator,Home Appliances,9,14435.55,129919.95,Completed,Meera
100727,2025-01-13,CUST0829,South,Television,Home Appliances,5,3308.31,16541.55,Cancelled,Meera
100728,2025-10-07,CUST1040,North,T-Shirt,Fashion,1,2916.42,2916.42,Completed,Karan
100729,2025-10-17,CUST1493,South,Pen,Stationery,10,340.11,3401.1,Completed,Priya
100730,2025-03-01,CUST0631,East,Book,Stationery,3,345.44,1036.32,Completed,Neha
100731,2025-11-08,CUST1314,West,Pen,Stationery,2,176.66,353.32,Completed,Neha
100732,2025-08-17,CUST1387,East,T-Shirt,Fashion,1,434.05,434.05,Returned,Arjun
100733,2025-09-19,CUST0115,North,Washing Machine,Home Appliances,6,12460.27,74761.62,Completed,Arjun
100734,2025-06-26,CUST0720,North,Jacket,Fashion,6,234.13,1404.78,Returned,Priya
100735,2025-08-01,CUST0907,North,Television,Home Appliances,8,15089.03,120712.24,Completed,Arjun
100736,2025-03-15,CUST0426,North,Notebook,Stationery,10,307.01,3070.1,Completed,Sneha
100737,2025-07-29,CUST1309,North,Mouse,Electronics,7,898.02,6286.14,Completed,Meera
100738,2025-05-29,CUST1135,South,Refrigerator,Home Appliances,3,16813.39,50440.17,Completed,Karan
100739,2025-04-25,CUST0055,East,Jacket,Fashion,9,2271.6,20444.4,Completed,Karan
100740,2025-09-09,CUST1409,West,Book,Stationery,5,220.24,1101.2,Completed,Karan
100741,2025-10-25,CUST0985,South,Book,Stationery,10,377.87,3778.7,Cancelled,Meera
100742,2025-01-09,CUST0532,West,Headphones,Electronics,9,3798.31,34184.79,Completed,Rahul
100743,2025-01-28,CUST0559,North,Jacket,Fashion,3,1200.68,3602.04,Completed,Sneha
100744,2025-02-09,CUST1053,West,Headphones,Electronics,5,2883.26,14416.3,Cancelled,Rahul
100745,2025-06-11,CUST1403,North,Mouse,Electronics,3,2946.71,8840.13,Completed,Sneha
100746,2025-03-15,CUST0027,West,Mouse,Electronics,10,2082.33,20823.3,Completed,Sneha
100747,2025-03-25,CUST0210,West,Backpack,Stationery,6,462.04,2772.24,Completed,Neha
100748,2025-09-27,CUST1090,East,Television,Home Appliances,10,14103.4,141034.0,Completed,Priya
100749,2025-06-09,CUST1416,North,Smartphone,Electronics,1,2657.83,2657.83,Completed,Meera
100750,2025-03-02,CUST0456,West,T-Shirt,Fashion,5,280.53,1402.65,Cancelled,Rahul
100751,2025-02-10,CUST0871,East,Washing Machine,Home Appliances,3,4986.98,14960.94,Completed,Meera
100752,2025-12-04,CUST1052,East,Book,Stationery,4,71.75,287.0,Completed,Karan
100753,2025-02-19,CUST0254,West,Laptop,Electronics,5,3504.14,17520.7,Completed,Neha
100754,2025-03-16,CUST0569,North,Television,Home Appliances,6,1555.92,9335.52,Completed,Neha
100755,2025-09-28,CUST0445,West,Laptop,Electronics,10,3934.6,39346.0,Returned,Rahul
100756,2025-12-29,CUST0973,North,Laptop,Electronics,4,4642.15,18568.6,Completed,Rahul
100757,2025-07-14,CUST0869,West,Book,Stationery,3,420.68,1262.04,Completed,Arjun
100758,2025-09-24,CUST0279,South,Headphones,Electronics,2,2596.56,5193.12,Cancelled,Karan
100759,2025-07-17,CUST0581,South,Laptop,Electronics,6,2721.71,16330.26,Completed,Karan
100760,2025-08-08,CUST0387,East,Notebook,Stationery,9,215.5,1939.5,Cancelled,Meera
100761,2025-09-09,CUST1377,East,T-Shirt,Fashion,1,2996.43,2996.43,Completed,Priya
100762,2025-10-30,CUST0209,West,Smartphone,Electronics,7,2302.81,16119.67,Completed,Neha
100763,2025-07-26,CUST0252,West,T-Shirt,Fashion,10,2563.28,25632.8,Cancelled,Meera
100764,2025-12-08,CUST1236,South,Jeans,Fashion,7,1197.07,8379.49,Returned,Karan
100765,2025-09-08,CUST1019,West,Washing Machine,Home Appliances,2,3321.61,6643.22,Completed,Rahul
100766,2025-09-13,CUST1389,East,Laptop,Electronics,1,4236.41,4236.41,Returned,Arjun
100767,2025-02-19,CUST0157,South,T-Shirt,Fashion,5,1941.51,9707.55,Cancelled,Neha
100768,2025-10-05,CUST0704,East,Jacket,Fashion,8,1613.43,12907.44,Returned,Amit
100769,2025-07-12,CUST0907,South,Book,Stationery,7,236.06,1652.42,Completed,Rahul
100770,2025-06-09,CUST1466,South,T-Shirt,Fashion,8,1405.91,11247.28,Completed,Priya
100771,2025-03-22,CUST1038,East,Backpack,Stationery,8,289.88,2319.04,Completed,Meera
100772,2025-01-15,CUST1210,East,Pen,Stationery,5,173.83,869.15,Completed,Sneha
100773,2025-08-08,CUST0707,North,Shoes,Fashion,6,1265.61,7593.66,Completed,Amit
100774,2025-10-31,CUST0174,East,Refrigerator,Home Appliances,4,13313.57,53254.28,Cancelled,Priya
100775,2025-01-20,CUST0944,South,T-Shirt,Fashion,1,1707.57,1707.57,Completed,Arjun
100776,2025-06-12,CUST0774,South,Shoes,Fashion,8,1846.37,14770.96,Completed,Priya
100777,2025-09-15,CUST1367,North,Book,Stationery,4,181.26,725.04,Completed,Karan
100778,2025-02-08,CUST1098,West,Jacket,Fashion,4,1591.46,6365.84,Completed,Amit
100779,2025-02-17,CUST1470,East,Jacket,Fashion,4,1948.8,7795.2,Completed,Karan
100780,2025-04-18,CUST0712,East,Mouse,Electronics,9,2638.71,23748.39,Completed,Karan
100781,2025-08-01,CUST0824,North,Jacket,Fashion,9,1077.39,9696.51,Completed,Meera
100782,2025-10-23,CUST1023,West,Refrigerator,Home Appliances,9,17391.49,156523.41,Completed,Meera
100783,2025-01-31,CUST1070,West,Jacket,Fashion,10,2234.52,22345.2,Completed,Rahul
100784,2025-07-30,CUST0653,East,Refrigerator,Home Appliances,5,17038.32,85191.6,Completed,Arjun
100785,2025-11-04,CUST0484,South,Jeans,Fashion,3,918.05,2754.15,Completed,Rahul
100786,2025-06-08,CUST0951,South,Refrigerator,Home Appliances,4,16143.85,64575.4,Completed,Arjun
100787,2025-03-11,CUST0060,North,Book,Stationery,4,96.49,385.96,Cancelled,Karan
100788,2025-09-06,CUST0041,East,Television,Home Appliances,1,19311.95,19311.95,Cancelled,Priya
100789,2025-07-28,CUST0745,East,Jeans,Fashion,2,2721.61,5443.22,Completed,Rahul
100790,2025-03-03,CUST1069,North,Refrigerator,Home Appliances,10,14955.13,149551.3,Completed,Priya
100791,2025-06-10,CUST0675,South,Television,Home Appliances,2,15690.63,31381.26,Cancelled,Neha
100792,2025-04-20,CUST0563,South,Notebook,Stationery,3,71.27,213.81,Completed,Amit
100793,2025-08-05,CUST0973,West,Pen,Stationery,2,171.92,343.84,Returned,Rahul
100794,2025-01-11,CUST1322,East,Jacket,Fashion,6,2499.82,14998.92,Cancelled,Amit
100795,2025-11-24,CUST1435,North,Washing Machine,Home Appliances,9,8309.11,74781.99,Returned,Priya
100796,2025-07-21,CUST0524,North,Washing Machine,Home Appliances,7,1149.46,8046.22,Completed,Neha
100797,2025-11-20,CUST0650,South,T-Shirt,Fashion,3,2764.49,8293.47,Cancelled,Karan
100798,2025-06-20,CUST1470,South,Keyboard,Electronics,8,3816.24,30529.92,Cancelled,Priya
100799,2025-06-30,CUST0862,North,Television,Home Appliances,5,10620.36,53101.8,Completed,Amit
100800,2025-03-11,CUST0007,South,Smartphone,Electronics,8,4059.59,32476.72,Completed,Karan
100801,2025-09-22,CUST1462,West,Shoes,Fashion,2,641.9,1283.8,Cancelled,Arjun
100802,2025-03-10,CUST0534,West,Jacket,Fashion,8,2645.82,21166.56,Completed,Sneha
100803,2025-04-04,CUST0806,South,T-Shirt,Fashion,2,1360.59,2721.18,Returned,Neha
100804,2025-11-17,CUST0469,East,Laptop,Electronics,9,3411.98,30707.82,Returned,Neha
100805,2025-08-08,CUST1230,North,T-Shirt,Fashion,1,1322.9,1322.9,Completed,Sneha
100806,2025-09-27,CUST0892,South,Television,Home Appliances,2,1268.18,2536.36,Cancelled,Meera
100807,2025-05-17,CUST0590,South,Smartphone,Electronics,4,1357.45,5429.8,Completed,Arjun
100808,2025-05-25,CUST1489,West,Television,Home Appliances,4,19908.94,79635.76,Completed,Arjun
100809,2025-05-01,CUST1266,South,Refrigerator,Home Appliances,5,19546.44,97732.2,Returned,Sneha
100810,2025-06-15,CUST1420,South,Book,Stationery,1,245.06,245.06,Completed,Arjun
100811,2025-01-31,CUST0107,North,Pen,Stationery,2,65.73,131.46,Returned,Meera
100812,2025-11-14,CUST0781,North,Shoes,Fashion,1,910.24,910.24,Returned,Sneha
100813,2025-05-14,CUST0348,South,Television,Home Appliances,1,12029.25,12029.25,Returned,Meera
100814,2025-08-10,CUST0291,North,Refrigerator,Home Appliances,6,14494.86,86969.16,Completed,Amit
100815,2025-08-09,CUST0580,North,Washing Machine,Home Appliances,5,15208.64,76043.2,Completed,Karan
100816,2025-09-09,CUST0310,South,Jacket,Fashion,3,1083.52,3250.56,Completed,Rahul
100817,2025-05-14,CUST0335,South,Smartphone,Electronics,3,661.38,1984.14,Completed,Meera
100818,2025-10-15,CUST0994,South,Keyboard,Electronics,6,4949.68,29698.08,Completed,Rahul
100819,2025-05-26,CUST0370,West,Headphones,Electronics,2,1416.8,2833.6,Completed,Karan
100820,2025-10-20,CUST0370,South,Television,Home Appliances,1,10994.29,10994.29,Returned,Neha
100821,2025-12-15,CUST1394,East,Book,Stationery,6,32.46,194.76,Completed,Priya
100822,2025-12-29,CUST1351,South,T-Shirt,Fashion,1,426.98,426.98,Completed,Karan
100823,2025-08-20,CUST0666,West,Headphones,Electronics,1,3452.78,3452.78,Completed,Amit
100824,2025-10-08,CUST1234,South,Jeans,Fashion,1,2282.64,2282.64,Completed,Karan
100825,2025-04-17,CUST0334,South,Refrigerator,Home Appliances,7,2694.58,18862.06,Cancelled,Karan
100826,2025-08-10,CUST0636,West,Refrigerator,Home Appliances,5,10326.06,51630.3,Completed,Priya
100827,2025-07-18,CUST0976,North,T-Shirt,Fashion,8,1447.24,11577.92,Completed,Arjun
100828,2025-08-11,CUST1292,South,Keyboard,Electronics,6,3262.41,19574.46,Completed,Sneha
100829,2025-09-27,CUST1290,East,Notebook,Stationery,3,466.72,1400.16,Completed,Arjun
100830,2025-03-07,CUST1402,North,Keyboard,Electronics,5,1168.73,5843.65,Cancelled,Arjun
100831,2025-01-24,CUST1052,East,Shoes,Fashion,9,414.29,3728.61,Completed,Arjun
100832,2025-07-01,CUST0522,East,Keyboard,Electronics,10,4157.71,41577.1,Cancelled,Amit
100833,2025-07-21,CUST0093,East,Keyboard,Electronics,3,4037.8,12113.4,Completed,Karan
100834,2025-05-16,CUST0700,West,Jacket,Fashion,8,1946.67,15573.36,Completed,Priya
100835,2025-01-03,CUST0809,East,Shoes,Fashion,7,1696.25,11873.75,Completed,Meera
100836,2025-06-05,CUST1267,North,Backpack,Stationery,10,368.44,3684.4,Completed,Arjun
100837,2025-04-08,CUST0230,East,Shoes,Fashion,3,578.32,1734.96,Completed,Neha
100838,2025-11-29,CUST0496,South,Smartphone,Electronics,8,3418.8,27350.4,Cancelled,Neha
100839,2025-08-05,CUST0045,East,Headphones,Electronics,8,1166.75,9334.0,Completed,Rahul
100840,2025-08-19,CUST1199,West,Backpack,Stationery,8,29.42,235.36,Completed,Arjun
100841,2025-08-10,CUST0852,South,Headphones,Electronics,1,961.99,961.99,Completed,Karan
100842,2025-10-30,CUST1485,South,Keyboard,Electronics,7,2687.45,18812.15,Completed,Amit
100843,2025-02-02,CUST0549,South,Keyboard,Electronics,10,1921.33,19213.3,Cancelled,Priya
100844,2025-01-11,CUST0331,North,Pen,Stationery,8,354.81,2838.48,Completed,Meera
100845,2025-10-28,CUST1403,North,Jacket,Fashion,4,1621.38,6485.52,Returned,Meera
100846,2025-12-11,CUST1337,North,Washing Machine,Home Appliances,7,19236.26,134653.82,Cancelled,Rahul
100847,2025-03-08,CUST0355,West,Washing Machine,Home Appliances,2,13674.07,27348.14,Completed,Meera
100848,2025-04-18,CUST1141,East,Keyboard,Electronics,8,1866.43,14931.44,Returned,Sneha
100849,2025-09-15,CUST0066,East,Jeans,Fashion,3,689.2,2067.6,Completed,Priya
100850,2025-05-13,CUST0697,North,Refrigerator,Home Appliances,9,5257.82,47320.38,Cancelled,Karan
100851,2025-02-23,CUST1447,East,Television,Home Appliances,9,12481.5,112333.5,Returned,Meera
100852,2025-11-09,CUST0209,East,Book,Stationery,2,395.19,790.38,Completed,Rahul
100853,2025-05-30,CUST1451,South,Smartphone,Electronics,6,1206.65,7239.9,Cancelled,Meera
100854,2025-03-12,CUST0252,West,Smartphone,Electronics,6,2005.73,12034.38,Completed,Arjun
100855,2025-09-16,CUST0351,East,Smartphone,Electronics,8,2035.94,16287.52,Completed,Arjun
100856,2025-09-29,CUST0864,West,T-Shirt,Fashion,3,2308.98,6926.94,Completed,Arjun
100857,2025-09-22,CUST1398,North,Backpack,Stationery,8,476.88,3815.04,Returned,Meera
100858,2025-02-13,CUST0693,North,Refrigerator,Home Appliances,9,18929.21,170362.89,Completed,Rahul
100859,2025-12-05,CUST1314,West,Book,Stationery,7,384.41,2690.87,Returned,Amit
100860,2025-12-25,CUST1134,North,Jacket,Fashion,7,2680.19,18761.33,Completed,Sneha
100861,2025-11-09,CUST0301,South,Shoes,Fashion,5,2720.58,13602.9,Completed,Neha
100862,2025-06-04,CUST0173,East,Pen,Stationery,7,392.19,2745.33,Completed,Arjun
100863,2025-02-17,CUST1048,North,Television,Home Appliances,9,6394.63,57551.67,Completed,Rahul
100864,2025-05-04,CUST0623,South,Laptop,Electronics,9,3166.27,28496.43,Returned,Priya
100865,2025-07-01,CUST0254,East,Headphones,Electronics,5,3321.45,16607.25,Cancelled,Priya
100866,2025-08-21,CUST0695,West,Pen,Stationery,10,373.69,3736.9,Cancelled,Neha
100867,2025-10-21,CUST1378,West,Jeans,Fashion,5,2067.38,10336.9,Completed,Neha
100868,2025-07-04,CUST0931,East,Headphones,Electronics,9,3120.66,28085.94,Completed,Arjun
100869,2025-03-08,CUST0976,West,Book,Stationery,2,49.85,99.7,Completed,Sneha
100870,2025-11-22,CUST0868,South,Backpack,Stationery,5,300.47,1502.35,Completed,Meera
100871,2025-09-06,CUST1457,South,Notebook,Stationery,3,262.78,788.34,Completed,Priya
100872,2025-03-22,CUST1145,North,Washing Machine,Home Appliances,8,1619.54,12956.32,Returned,Priya
100873,2025-05-29,CUST0083,West,Book,Stationery,2,197.4,394.8,Completed,Karan
100874,2025-03-15,CUST0292,South,Jeans,Fashion,5,1560.59,7802.95,Completed,Karan
100875,2025-09-08,CUST0005,East,T-Shirt,Fashion,3,2493.55,7480.65,Completed,Priya
100876,2025-10-17,CUST0927,North,Keyboard,Electronics,8,3078.77,24630.16,Cancelled,Meera
100877,2025-08-19,CUST1367,South,Refrigerator,Home Appliances,9,13092.74,117834.66,Completed,Sneha
100878,2025-04-30,CUST0810,North,Mouse,Electronics,10,2343.33,23433.3,Completed,Meera
100879,2025-10-20,CUST1291,North,Shoes,Fashion,3,2180.18,6540.54,Completed,Priya
100880,2025-01-28,CUST1168,West,Smartphone,Electronics,10,2938.25,29382.5,Cancelled,Amit
100881,2025-05-21,CUST0422,West,Mouse,Electronics,3,4830.7,14492.1,Cancelled,Meera
100882,2025-10-29,CUST0093,South,Mouse,Electronics,10,1941.94,19419.4,Cancelled,Amit
100883,2025-09-28,CUST0650,South,Jacket,Fashion,3,1361.82,4085.46,Completed,Priya
100884,2025-04-04,CUST0524,East,Mouse,Electronics,3,1784.08,5352.24,Completed,Arjun
100885,2025-04-03,CUST0056,East,Refrigerator,Home Appliances,10,19261.34,192613.4,Completed,Priya
100886,2025-05-13,CUST0770,East,T-Shirt,Fashion,7,2700.43,18903.01,Completed,Neha
100887,2025-07-17,CUST0236,North,Washing Machine,Home Appliances,9,15295.41,137658.69,Completed,Meera
100888,2025-11-21,CUST0479,East,Book,Stationery,8,33.88,271.04,Completed,Priya
100889,2025-07-28,CUST0914,East,Television,Home Appliances,3,6787.64,20362.92,Cancelled,Neha
100890,2025-05-06,CUST1101,South,Washing Machine,Home Appliances,9,19720.87,177487.83,Returned,Meera
100891,2025-11-14,CUST0593,West,Laptop,Electronics,8,4825.01,38600.08,Completed,Meera
100892,2025-11-20,CUST0436,North,Jeans,Fashion,7,2997.88,20985.16,Completed,Priya
100893,2025-03-13,CUST1485,North,Shoes,Fashion,7,2155.6,15089.2,Cancelled,Neha
100894,2025-12-29,CUST0928,North,Jeans,Fashion,5,2942.99,14714.95,Completed,Sneha
100895,2025-06-18,CUST0033,West,T-Shirt,Fashion,8,2885.18,23081.44,Completed,Amit
100896,2025-07-31,CUST1139,South,Book,Stationery,1,342.9,342.9,Cancelled,Priya
100897,2025-12-10,CUST0912,East,Mouse,Electronics,1,4516.57,4516.57,Completed,Arjun
100898,2025-12-23,CUST0018,East,Jacket,Fashion,3,2549.61,7648.83,Completed,Neha
100899,2025-05-24,CUST1394,North,Book,Stationery,4,376.71,1506.84,Completed,Karan
100900,2025-01-19,CUST0575,South,Refrigerator,Home Appliances,8,19378.63,155029.04,Returned,Neha
100901,2025-05-23,CUST1166,South,Smartphone,Electronics,7,999.26,6994.82,Completed,Neha
100902,2025-02-03,CUST0261,North,Refrigerator,Home Appliances,10,3436.68,34366.8,Returned,Neha
100903,2025-12-21,CUST1389,North,T-Shirt,Fashion,1,2977.46,2977.46,Completed,Meera
100904,2025-06-15,CUST0886,South,Keyboard,Electronics,1,4342.37,4342.37,Completed,Meera
100905,2025-04-25,CUST0097,North,Pen,Stationery,9,384.33,3458.97,Returned,Meera
100906,2025-02-11,CUST1172,East,Shoes,Fashion,7,744.9,5214.3,Returned,Neha
100907,2025-06-18,CUST0637,East,Book,Stationery,4,114.5,458.0,Completed,Priya
100908,2025-10-31,CUST1283,North,Keyboard,Electronics,7,4136.27,28953.89,Cancelled,Neha
100909,2025-01-28,CUST0684,West,Keyboard,Electronics,4,4814.61,19258.44,Returned,Meera
100910,2025-02-01,CUST0069,South,Keyboard,Electronics,10,1061.72,10617.2,Completed,Priya
100911,2025-11-09,CUST1283,South,Refrigerator,Home Appliances,8,2040.99,16327.92,Completed,Amit
100912,2025-11-13,CUST0842,West,Headphones,Electronics,7,2307.57,16152.99,Cancelled,Amit
100913,2025-11-14,CUST1269,East,Backpack,Stationery,8,401.68,3213.44,Completed,Amit
100914,2025-02-22,CUST0026,East,Pen,Stationery,10,112.39,1123.9,Completed,Neha
100915,2025-08-04,CUST0986,South,Television,Home Appliances,9,5869.44,52824.96,Completed,Rahul
100916,2025-08-12,CUST1051,North,Laptop,Electronics,3,1902.5,5707.5,Completed,Rahul
100917,2025-05-30,CUST0756,East,Washing Machine,Home Appliances,5,12463.26,62316.3,Completed,Rahul
100918,2025-10-14,CUST0112,South,Smartphone,Electronics,9,4186.33,37676.97,Completed,Neha
100919,2025-09-01,CUST1423,South,Refrigerator,Home Appliances,6,4597.76,27586.56,Completed,Sneha
100920,2025-02-23,CUST0931,East,Jeans,Fashion,7,1120.13,7840.91,Completed,Amit
100921,2025-04-20,CUST0490,South,Television,Home Appliances,4,9864.2,39456.8,Completed,Sneha
100922,2025-01-04,CUST0744,East,Notebook,Stationery,7,108.44,759.08,Completed,Amit
100923,2025-11-20,CUST1200,North,Smartphone,Electronics,5,2481.84,12409.2,Completed,Amit
100924,2025-05-15,CUST1473,West,Refrigerator,Home Appliances,5,4308.79,21543.95,Completed,Neha
100925,2025-05-15,CUST0208,East,Refrigerator,Home Appliances,1,4345.47,4345.47,Cancelled,Rahul
100926,2025-06-06,CUST0935,West,Book,Stationery,6,469.33,2815.98,Completed,Sneha
100927,2025-12-31,CUST0134,East,Television,Home Appliances,10,17751.61,177516.1,Completed,Rahul
100928,2025-07-11,CUST0652,South,Refrigerator,Home Appliances,9,8185.72,73671.48,Returned,Neha
100929,2025-10-02,CUST0603,West,Mouse,Electronics,10,1350.96,13509.6,Completed,Amit
100930,2025-09-08,CUST0429,East,T-Shirt,Fashion,9,2911.48,26203.32,Cancelled,Priya
100931,2025-11-27,CUST1043,North,Television,Home Appliances,7,15274.85,106923.95,Completed,Meera
100932,2025-09-05,CUST1466,South,Washing Machine,Home Appliances,6,10984.04,65904.24,Completed,Arjun
100933,2025-08-20,CUST0481,South,Smartphone,Electronics,4,4526.98,18107.92,Completed,Arjun
100934,2025-02-13,CUST0276,East,Notebook,Stationery,6,142.17,853.02,Completed,Sneha
100935,2025-11-15,CUST0689,South,Television,Home Appliances,1,9839.81,9839.81,Completed,Arjun
100936,2025-07-15,CUST0051,West,Pen,Stationery,8,172.17,1377.36,Completed,Karan
100937,2025-09-14,CUST1051,East,Headphones,Electronics,2,1825.33,3650.66,Cancelled,Neha
100938,2025-10-07,CUST0411,North,Laptop,Electronics,2,2121.07,4242.14,Completed,Sneha
100939,2025-11-06,CUST0283,North,Jeans,Fashion,5,733.8,3669.0,Completed,Karan
100940,2025-10-24,CUST1343,East,Jeans,Fashion,7,2848.28,19937.96,Completed,Rahul
100941,2025-04-18,CUST0972,West,Notebook,Stationery,4,367.2,1468.8,Completed,Meera
100942,2025-04-07,CUST0879,South,Pen,Stationery,2,170.28,340.56,Completed,Meera
100943,2025-03-07,CUST0626,East,Headphones,Electronics,3,3098.79,9296.37,Completed,Sneha
100944,2025-07-26,CUST1415,North,T-Shirt,Fashion,7,1392.01,9744.07,Completed,Amit
100945,2025-06-19,CUST1164,South,Smartphone,Electronics,3,4897.6,14692.8,Returned,Neha
100946,2025-09-01,CUST0223,North,Book,Stationery,9,205.49,1849.41,Completed,Meera
100947,2025-10-11,CUST0364,East,Shoes,Fashion,3,492.08,1476.24,Cancelled,Meera
100948,2025-07-17,CUST0582,West,Smartphone,Electronics,4,812.71,3250.84,Completed,Priya
100949,2025-03-29,CUST0670,South,Book,Stationery,6,268.9,1613.4,Completed,Priya
100950,2025-02-05,CUST0797,West,Television,Home Appliances,7,10086.77,70607.39,Completed,Neha
100951,2025-10-22,CUST0636,West,Jacket,Fashion,8,644.59,5156.72,Completed,Meera
100952,2025-08-17,CUST0132,South,T-Shirt,Fashion,1,2975.04,2975.04,Completed,Neha
100953,2025-01-21,CUST0187,North,Jacket,Fashion,8,1495.55,11964.4,Completed,Meera
100954,2025-03-31,CUST0851,West,Jeans,Fashion,7,1916.48,13415.36,Completed,Arjun
100955,2025-02-18,CUST0806,East,Backpack,Stationery,3,355.29,1065.87,Completed,Rahul
100956,2025-04-22,CUST1011,South,Jeans,Fashion,2,2154.52,4309.04,Returned,Priya
100957,2025-06-16,CUST0840,South,Shoes,Fashion,2,1612.31,3224.62,Completed,Neha
100958,2025-12-22,CUST1384,South,Keyboard,Electronics,1,829.38,829.38,Completed,Arjun
100959,2025-02-28,CUST1453,West,Washing Machine,Home Appliances,1,1204.01,1204.01,Completed,Meera
100960,2025-12-03,CUST0497,South,Backpack,Stationery,2,59.62,119.24,Completed,Karan
100961,2025-04-01,CUST0603,East,Refrigerator,Home Appliances,1,12532.78,12532.78,Completed,Arjun
100962,2025-03-20,CUST0903,North,Refrigerator,Home Appliances,1,13870.28,13870.28,Completed,Amit
100963,2025-09-25,CUST1313,East,Washing Machine,Home Appliances,1,16893.52,16893.52,Completed,Karan
100964,2025-07-13,CUST0414,West,Book,Stationery,10,22.24,222.4,Completed,Neha
100965,2025-01-08,CUST0691,West,Refrigerator,Home Appliances,1,9011.97,9011.97,Completed,Priya
100966,2025-01-23,CUST0852,East,Refrigerator,Home Appliances,3,14756.22,44268.66,Cancelled,Sneha
100967,2025-07-22,CUST0877,East,Television,Home Appliances,4,18752.22,75008.88,Completed,Priya
100968,2025-12-01,CUST0648,East,Jeans,Fashion,3,241.98,725.94,Completed,Meera
100969,2025-07-08,CUST0090,East,Refrigerator,Home Appliances,5,13348.95,66744.75,Cancelled,Arjun
100970,2025-10-19,CUST0352,North,Jacket,Fashion,2,2195.09,4390.18,Returned,Sneha
100971,2025-12-19,CUST0652,South,Notebook,Stationery,6,104.16,624.96,Completed,Amit
100972,2025-04-30,CUST1032,East,Backpack,Stationery,9,327.48,2947.32,Completed,Priya
100973,2025-11-14,CUST0163,East,T-Shirt,Fashion,7,2320.29,16242.03,Completed,Meera
100974,2025-11-25,CUST0078,West,T-Shirt,Fashion,3,1252.09,3756.27,Returned,Meera
100975,2025-01-21,CUST1067,South,T-Shirt,Fashion,5,1089.11,5445.55,Completed,Karan
100976,2025-04-16,CUST1105,East,Smartphone,Electronics,6,2042.28,12253.68,Returned,Neha
100977,2025-04-04,CUST0906,East,Television,Home Appliances,7,10907.97,76355.79,Completed,Meera
100978,2025-03-14,CUST0419,West,Smartphone,Electronics,1,3354.65,3354.65,Completed,Neha
100979,2025-08-28,CUST0638,West,Television,Home Appliances,2,9098.56,18197.12,Completed,Neha
100980,2025-05-27,CUST1181,South,Notebook,Stationery,10,139.51,1395.1,Returned,Neha
100981,2025-07-04,CUST0816,South,Jacket,Fashion,2,2862.84,5725.68,Completed,Meera
100982,2025-09-04,CUST0041,South,Backpack,Stationery,3,413.41,1240.23,Completed,Priya
100983,2025-05-12,CUST0780,South,T-Shirt,Fashion,9,2234.62,20111.58,Completed,Karan
100984,2025-08-29,CUST0401,West,Backpack,Stationery,2,179.95,359.9,Returned,Amit
100985,2025-08-01,CUST0809,North,Mouse,Electronics,6,2711.54,16269.24,Completed,Karan
100986,2025-03-05,CUST0789,West,Keyboard,Electronics,1,4966.13,4966.13,Completed,Arjun
100987,2025-11-22,CUST1411,North,Jeans,Fashion,9,2185.56,19670.04,Completed,Arjun
100988,2025-07-05,CUST1293,East,Notebook,Stationery,4,249.31,997.24,Completed,Rahul
100989,2025-11-05,CUST1185,West,Jacket,Fashion,3,912.01,2736.03,Completed,Priya
100990,2025-02-11,CUST1062,West,Backpack,Stationery,10,487.59,4875.9,Cancelled,Rahul
100991,2025-09-30,CUST1349,South,Pen,Stationery,5,260.31,1301.55,Completed,Arjun
100992,2025-06-26,CUST0293,North,Laptop,Electronics,10,3995.11,39951.1,Completed,Arjun
100993,2025-01-01,CUST0199,East,Shoes,Fashion,3,2485.89,7457.67,Cancelled,Arjun
100994,2025-07-11,CUST0382,West,Pen,Stationery,7,101.9,713.3,Completed,Rahul
100995,2025-04-06,CUST0412,East,Keyboard,Electronics,10,4164.67,41646.7,Completed,Neha
100996,2025-11-16,CUST0224,West,Jacket,Fashion,8,1955.14,15641.12,Completed,Priya
100997,2025-01-16,CUST1200,West,Book,Stationery,5,50.85,254.25,Completed,Priya
100998,2025-01-04,CUST1363,East,Laptop,Electronics,5,3883.09,19415.45,Completed,Amit
100999,2025-06-22,CUST1238,South,Pen,Stationery,8,247.15,1977.2,Completed,Sneha
101000,2025-07-13,CUST1251,East,T-Shirt,Fashion,6,2062.22,12373.32,Returned,Sneha
101001,2025-07-25,CUST1486,West,Laptop,Electronics,8,4417.44,35339.52,Completed,Priya
101002,2025-12-18,CUST1350,South,T-Shirt,Fashion,6,1465.37,8792.22,Completed,Neha
101003,2025-01-24,CUST0667,South,Headphones,Electronics,1,3352.0,3352.0,Completed,Meera
101004,2025-09-01,CUST1349,East,Book,Stationery,6,225.4,1352.4,Completed,Karan
101005,2025-10-20,CUST1468,East,Television,Home Appliances,3,17527.32,52581.96,Completed,Priya
101006,2025-03-01,CUST0988,West,Jacket,Fashion,3,2709.94,8129.82,Completed,Rahul
101007,2025-01-15,CUST0329,North,Laptop,Electronics,7,4970.13,34790.91,Returned,Karan
101008,2025-12-10,CUST0253,West,Television,Home Appliances,5,13652.72,68263.6,Returned,Meera
101009,2025-11-04,CUST0133,North,Headphones,Electronics,4,4693.01,18772.04,Completed,Arjun
101010,2025-05-29,CUST0180,East,Notebook,Stationery,4,144.37,577.48,Completed,Neha
101011,2025-06-10,CUST0779,East,Mouse,Electronics,6,1073.38,6440.28,Completed,Neha
101012,2025-12-14,CUST0259,West,Backpack,Stationery,6,390.21,2341.26,Completed,Amit
101013,2025-06-01,CUST0449,South,Pen,Stationery,3,411.75,1235.25,Completed,Rahul
101014,2025-06-08,CUST1029,East,T-Shirt,Fashion,1,1876.86,1876.86,Completed,Meera
101015,2025-07-12,CUST0121,North,Washing Machine,Home Appliances,5,14378.67,71893.35,Completed,Neha
101016,2025-04-02,CUST0999,South,Television,Home Appliances,1,18540.0,18540.0,Completed,Rahul
101017,2025-12-14,CUST0970,North,Mouse,Electronics,7,2018.35,14128.45,Cancelled,Arjun
101018,2025-04-10,CUST1436,South,Mouse,Electronics,5,1770.64,8853.2,Completed,Sneha
101019,2025-10-23,CUST0282,South,Headphones,Electronics,8,3445.85,27566.8,Completed,Karan
101020,2025-04-11,CUST1334,East,Refrigerator,Home Appliances,4,16282.81,65131.24,Completed,Priya
101021,2025-03-28,CUST0116,East,Washing Machine,Home Appliances,7,13909.46,97366.22,Completed,Meera
101022,2025-11-29,CUST0694,South,Refrigerator,Home Appliances,2,19625.26,39250.52,Returned,Arjun
101023,2025-09-08,CUST0620,West,Refrigerator,Home Appliances,2,5576.25,11152.5,Completed,Arjun
101024,2025-12-01,CUST0912,North,Keyboard,Electronics,7,1738.47,12169.29,Completed,Priya
101025,2025-09-18,CUST0461,East,Laptop,Electronics,8,3386.34,27090.72,Completed,Meera
101026,2025-09-05,CUST1321,South,Shoes,Fashion,10,707.07,7070.7,Completed,Rahul
101027,2025-10-03,CUST0379,South,Headphones,Electronics,2,3711.96,7423.92,Cancelled,Amit
101028,2025-10-27,CUST1104,East,Backpack,Stationery,2,269.07,538.14,Cancelled,Neha
101029,2025-01-03,CUST1137,South,Smartphone,Electronics,10,3628.47,36284.7,Cancelled,Priya
101030,2025-03-24,CUST0180,North,Smartphone,Electronics,10,1428.03,14280.3,Cancelled,Amit
101031,2025-10-06,CUST0352,South,Laptop,Electronics,9,1843.6,16592.4,Returned,Amit
101032,2025-09-23,CUST0601,South,Washing Machine,Home Appliances,1,18978.08,18978.08,Completed,Meera
101033,2025-04-18,CUST1409,East,Jeans,Fashion,10,1706.99,17069.9,Completed,Amit
101034,2025-04-21,CUST0275,West,Refrigerator,Home Appliances,4,3691.68,14766.72,Completed,Karan
101035,2025-10-09,CUST0523,North,Television,Home Appliances,10,9018.29,90182.9,Completed,Rahul
101036,2025-12-13,CUST0872,West,Backpack,Stationery,2,473.48,946.96,Completed,Priya
101037,2025-11-28,CUST1048,West,T-Shirt,Fashion,6,1778.2,10669.2,Completed,Rahul
101038,2025-11-06,CUST0507,East,Jacket,Fashion,7,272.55,1907.85,Completed,Priya
101039,2025-07-05,CUST0684,North,Book,Stationery,6,327.29,1963.74,Completed,Neha
101040,2025-04-24,CUST0776,East,Shoes,Fashion,2,1256.04,2512.08,Cancelled,Priya
101041,2025-09-08,CUST0196,North,Television,Home Appliances,5,12187.71,60938.55,Completed,Karan
101042,2025-07-19,CUST0371,North,Shoes,Fashion,1,678.09,678.09,Cancelled,Arjun
101043,2025-09-20,CUST1461,West,Notebook,Stationery,5,24.56,122.8,Completed,Rahul
101044,2025-11-24,CUST0759,West,Pen,Stationery,1,460.85,460.85,Completed,Arjun
101045,2025-08-28,CUST1029,North,Notebook,Stationery,8,493.4,3947.2,Completed,Arjun
101046,2025-07-28,CUST0641,East,Washing Machine,Home Appliances,2,19001.64,38003.28,Completed,Priya
101047,2025-02-13,CUST0586,South,Refrigerator,Home Appliances,3,11931.02,35793.06,Cancelled,Amit
101048,2025-12-17,CUST1387,East,Notebook,Stationery,8,258.95,2071.6,Completed,Neha
101049,2025-05-06,CUST1355,East,Keyboard,Electronics,9,3873.51,34861.59,Completed,Rahul
101050,2025-03-10,CUST1053,North,Refrigerator,Home Appliances,2,7973.97,15947.94,Returned,Arjun
101051,2025-02-27,CUST0693,West,Backpack,Stationery,3,199.18,597.54,Cancelled,Priya
101052,2025-04-20,CUST0005,South,Jeans,Fashion,8,1021.93,8175.44,Completed,Karan
101053,2025-01-30,CUST0729,East,Keyboard,Electronics,10,4317.58,43175.8,Completed,Sneha
101054,2025-04-06,CUST0824,North,Jeans,Fashion,2,214.43,428.86,Completed,Arjun
101055,2025-03-20,CUST0842,East,Notebook,Stationery,2,273.97,547.94,Returned,Amit
101056,2025-07-22,CUST0767,North,Television,Home Appliances,5,5295.81,26479.05,Completed,Rahul
101057,2025-08-13,CUST0332,West,Shoes,Fashion,8,2037.58,16300.64,Completed,Arjun
101058,2025-05-26,CUST0083,West,Headphones,Electronics,4,998.0,3992.0,Completed,Sneha
101059,2025-12-07,CUST0545,East,Smartphone,Electronics,4,4767.69,19070.76,Completed,Meera
101060,2025-07-19,CUST0270,East,Washing Machine,Home Appliances,7,10535.31,73747.17,Returned,Amit
101061,2025-12-17,CUST0485,East,Refrigerator,Home Appliances,6,10500.02,63000.12,Completed,Sneha
101062,2025-05-25,CUST0996,East,Book,Stationery,7,250.49,1753.43,Cancelled,Neha
101063,2025-05-24,CUST0236,North,Television,Home Appliances,9,4550.34,40953.06,Returned,Neha
101064,2025-02-22,CUST1436,West,Notebook,Stationery,8,359.1,2872.8,Completed,Rahul
101065,2025-05-21,CUST0394,West,Refrigerator,Home Appliances,3,8624.38,25873.14,Completed,Neha
101066,2025-06-06,CUST1434,West,Laptop,Electronics,7,2332.84,16329.88,Completed,Arjun
101067,2025-01-27,CUST0624,East,Book,Stationery,9,224.99,2024.91,Completed,Karan
101068,2025-01-25,CUST0373,East,Jacket,Fashion,4,1095.55,4382.2,Completed,Sneha
101069,2025-11-07,CUST0207,South,Washing Machine,Home Appliances,8,6323.03,50584.24,Completed,Meera
101070,2025-12-09,CUST0028,West,Jeans,Fashion,5,512.28,2561.4,Completed,Sneha
101071,2025-07-16,CUST0179,East,T-Shirt,Fashion,5,788.09,3940.45,Completed,Priya
101072,2025-08-17,CUST0203,East,Mouse,Electronics,4,1368.17,5472.68,Returned,Sneha
101073,2025-03-20,CUST0090,West,Jacket,Fashion,4,1693.96,6775.84,Completed,Karan
101074,2025-03-02,CUST0894,East,Jeans,Fashion,8,1963.62,15708.96,Completed,Amit
101075,2025-03-08,CUST0594,East,Television,Home Appliances,5,14237.42,71187.1,Returned,Amit
101076,2025-09-30,CUST1052,East,Television,Home Appliances,7,10405.49,72838.43,Completed,Arjun
101077,2025-04-05,CUST0008,West,Backpack,Stationery,10,150.32,1503.2,Completed,Amit
101078,2025-06-01,CUST1451,North,Pen,Stationery,5,429.19,2145.95,Completed,Rahul
101079,2025-01-21,CUST1310,West,Refrigerator,Home Appliances,9,5526.12,49735.08,Returned,Karan
101080,2025-05-08,CUST0431,East,Washing Machine,Home Appliances,1,13205.85,13205.85,Completed,Sneha
101081,2025-10-09,CUST0541,West,Jeans,Fashion,2,2850.0,5700.0,Completed,Karan
101082,2025-04-23,CUST1497,North,Shoes,Fashion,1,2507.01,2507.01,Completed,Amit
101083,2025-11-21,CUST1238,West,Keyboard,Electronics,5,4415.12,22075.6,Cancelled,Neha
101084,2025-07-22,CUST0319,South,Jeans,Fashion,4,1828.66,7314.64,Completed,Arjun
101085,2025-04-03,CUST0941,West,T-Shirt,Fashion,8,462.33,3698.64,Cancelled,Rahul
101086,2025-04-03,CUST1327,North,Television,Home Appliances,8,18923.75,151390.0,Completed,Rahul
101087,2025-03-15,CUST0148,South,Washing Machine,Home Appliances,10,4569.11,45691.1,Completed,Arjun
101088,2025-01-07,CUST1236,East,Mouse,Electronics,3,3770.44,11311.32,Completed,Amit
101089,2025-02-12,CUST0549,West,Laptop,Electronics,1,1094.81,1094.81,Returned,Amit
101090,2025-06-23,CUST1449,East,Laptop,Electronics,9,3812.59,34313.31,Completed,Meera
101091,2025-03-21,CUST0500,East,Notebook,Stationery,5,179.24,896.2,Completed,Karan
101092,2025-06-01,CUST0211,South,Laptop,Electronics,1,962.67,962.67,Completed,Neha
101093,2025-06-30,CUST1343,North,Smartphone,Electronics,7,2234.22,15639.54,Completed,Arjun
101094,2025-04-25,CUST0209,North,Keyboard,Electronics,3,4958.46,14875.38,Completed,Sneha
101095,2025-11-06,CUST0310,West,Headphones,Electronics,2,4530.14,9060.28,Completed,Sneha
101096,2025-12-08,CUST1408,North,Television,Home Appliances,7,3854.18,26979.26,Completed,Karan
101097,2025-12-05,CUST0756,North,Shoes,Fashion,5,2765.46,13827.3,Cancelled,Priya
101098,2025-07-19,CUST0915,South,Smartphone,Electronics,3,1941.15,5823.45,Cancelled,Priya
101099,2025-03-07,CUST0373,South,Pen,Stationery,3,63.41,190.23,Completed,Meera
101100,2025-11-22,CUST0683,West,Backpack,Stationery,7,308.84,2161.88,Cancelled,Neha
101101,2025-10-01,CUST1009,West,Backpack,Stationery,9,258.61,2327.49,Completed,Arjun
101102,2025-01-02,CUST0417,East,Television,Home Appliances,2,5468.67,10937.34,Completed,Meera
101103,2025-07-04,CUST0286,North,Refrigerator,Home Appliances,1,18315.88,18315.88,Completed,Arjun
101104,2025-03-12,CUST0241,West,Refrigerator,Home Appliances,4,2061.45,8245.8,Completed,Amit
101105,2025-12-06,CUST1192,East,Pen,Stationery,1,356.67,356.67,Completed,Rahul
101106,2025-05-06,CUST0158,East,Smartphone,Electronics,6,1135.75,6814.5,Completed,Arjun
101107,2025-09-28,CUST1431,North,Refrigerator,Home Appliances,8,15127.6,121020.8,Completed,Sneha
101108,2025-01-31,CUST1316,East,Book,Stationery,5,73.41,367.05,Completed,Rahul
101109,2025-12-15,CUST0931,North,Refrigerator,Home Appliances,7,16820.92,117746.44,Returned,Karan
101110,2025-02-17,CUST1069,South,Washing Machine,Home Appliances,3,6164.72,18494.16,Returned,Rahul
101111,2025-07-20,CUST0377,East,Washing Machine,Home Appliances,10,2063.94,20639.4,Cancelled,Meera
101112,2025-03-26,CUST0112,North,Pen,Stationery,7,417.08,2919.56,Completed,Neha
101113,2025-11-05,CUST0688,East,Shoes,Fashion,2,417.86,835.72,Completed,Rahul
101114,2025-06-08,CUST0385,West,Laptop,Electronics,4,3187.0,12748.0,Completed,Amit
101115,2025-10-17,CUST0092,South,Washing Machine,Home Appliances,2,19556.6,39113.2,Completed,Sneha
101116,2025-05-25,CUST0816,West,Headphones,Electronics,1,4912.44,4912.44,Completed,Arjun
101117,2025-09-15,CUST0207,West,T-Shirt,Fashion,2,1127.69,2255.38,Completed,Arjun
101118,2025-12-16,CUST0949,East,Book,Stationery,5,97.39,486.95,Cancelled,Priya
101119,2025-03-24,CUST1028,North,Refrigerator,Home Appliances,3,15607.69,46823.07,Completed,Rahul
101120,2025-08-09,CUST0082,South,Jeans,Fashion,6,1945.72,11674.32,Completed,Priya
101121,2025-01-08,CUST0293,North,Television,Home Appliances,8,2850.71,22805.68,Completed,Priya
101122,2025-06-01,CUST0331,East,Book,Stationery,8,170.58,1364.64,Completed,Sneha
101123,2025-08-24,CUST0529,South,Shoes,Fashion,2,701.72,1403.44,Returned,Meera
101124,2025-07-06,CUST0588,South,Refrigerator,Home Appliances,10,10276.92,102769.2,Completed,Rahul
101125,2025-06-10,CUST0766,East,Pen,Stationery,9,425.52,3829.68,Completed,Meera
101126,2025-01-30,CUST0502,East,Shoes,Fashion,10,2936.81,29368.1,Completed,Priya
101127,2025-02-07,CUST0457,South,Jacket,Fashion,3,1796.37,5389.11,Cancelled,Priya
101128,2025-08-27,CUST0224,East,Jacket,Fashion,8,1998.96,15991.68,Completed,Priya
101129,2025-02-03,CUST0650,North,Backpack,Stationery,4,212.73,850.92,Returned,Meera
101130,2025-08-21,CUST0079,West,Television,Home Appliances,8,3172.2,25377.6,Returned,Rahul
101131,2025-11-04,CUST0779,East,Washing Machine,Home Appliances,10,1595.14,15951.4,Returned,Sneha
101132,2025-01-12,CUST1401,South,Backpack,Stationery,4,45.96,183.84,Completed,Rahul
101133,2025-02-11,CUST0611,South,Smartphone,Electronics,2,1732.57,3465.14,Cancelled,Neha
101134,2025-08-08,CUST0701,North,T-Shirt,Fashion,1,458.84,458.84,Completed,Sneha
101135,2025-03-24,CUST1427,South,Backpack,Stationery,8,277.04,2216.32,Completed,Arjun
101136,2025-12-08,CUST1185,West,Mouse,Electronics,10,1393.52,13935.2,Completed,Sneha
101137,2025-09-13,CUST0649,East,Smartphone,Electronics,8,4702.19,37617.52,Cancelled,Arjun
101138,2025-03-06,CUST1300,South,Shoes,Fashion,8,2841.31,22730.48,Completed,Priya
101139,2025-10-07,CUST0341,South,Smartphone,Electronics,4,2390.79,9563.16,Completed,Neha
101140,2025-07-09,CUST0746,East,Television,Home Appliances,10,19146.98,191469.8,Completed,Karan
101141,2025-06-30,CUST0722,South,Keyboard,Electronics,8,2363.24,18905.92,Completed,Sneha
101142,2025-04-01,CUST1133,West,Smartphone,Electronics,8,2427.73,19421.84,Completed,Arjun
101143,2025-02-20,CUST0180,East,Jacket,Fashion,5,2165.86,10829.3,Completed,Amit
101144,2025-11-16,CUST1116,East,Book,Stationery,8,379.97,3039.76,Completed,Amit
101145,2025-08-21,CUST1130,South,Jacket,Fashion,4,824.06,3296.24,Completed,Meera
101146,2025-11-27,CUST1442,South,Headphones,Electronics,8,2358.21,18865.68,Completed,Sneha
101147,2025-12-04,CUST0542,North,Television,Home Appliances,5,6084.57,30422.85,Cancelled,Arjun
101148,2025-01-14,CUST0315,North,Refrigerator,Home Appliances,7,1620.82,11345.74,Cancelled,Sneha
101149,2025-05-04,CUST1139,South,T-Shirt,Fashion,10,2979.92,29799.2,Completed,Arjun
101150,2025-11-22,CUST0800,West,Mouse,Electronics,7,1079.92,7559.44,Completed,Sneha
101151,2025-03-06,CUST1033,East,Washing Machine,Home Appliances,4,2891.98,11567.92,Completed,Arjun
101152,2025-02-17,CUST0053,South,T-Shirt,Fashion,6,770.54,4623.24,Completed,Rahul
101153,2025-02-10,CUST1172,South,Mouse,Electronics,9,4642.67,41784.03,Completed,Rahul
101154,2025-04-24,CUST0609,West,Pen,Stationery,3,135.07,405.21,Completed,Neha
101155,2025-03-15,CUST1285,East,Pen,Stationery,1,151.98,151.98,Completed,Priya
101156,2025-03-14,CUST0579,North,Keyboard,Electronics,10,1052.08,10520.8,Cancelled,Priya
101157,2025-04-17,CUST0801,East,Keyboard,Electronics,6,4607.24,27643.44,Completed,Amit
101158,2025-02-09,CUST0431,South,Book,Stationery,8,480.42,3843.36,Completed,Sneha
101159,2025-04-02,CUST1351,East,Notebook,Stationery,3,163.4,490.2,Completed,Sneha
101160,2025-01-03,CUST0325,North,Jacket,Fashion,10,1879.98,18799.8,Returned,Neha
101161,2025-03-20,CUST0443,North,Mouse,Electronics,1,2830.98,2830.98,Completed,Neha
101162,2025-12-21,CUST0260,North,Headphones,Electronics,3,1488.93,4466.79,Completed,Neha
101163,2025-08-28,CUST1016,South,Headphones,Electronics,9,3433.66,30902.94,Completed,Arjun
101164,2025-05-24,CUST0805,East,Washing Machine,Home Appliances,3,4759.65,14278.95,Completed,Karan
101165,2025-08-17,CUST0868,North,Refrigerator,Home Appliances,8,9235.96,73887.68,Cancelled,Priya
101166,2025-07-11,CUST1296,East,Backpack,Stationery,4,292.23,1168.92,Completed,Amit
101167,2025-11-27,CUST1087,North,Jacket,Fashion,5,1890.87,9454.35,Completed,Priya
101168,2025-07-03,CUST0503,East,Washing Machine,Home Appliances,7,16027.03,112189.21,Completed,Sneha
101169,2025-06-13,CUST1410,East,T-Shirt,Fashion,6,542.45,3254.7,Completed,Neha
101170,2025-07-17,CUST0581,West,Pen,Stationery,4,289.59,1158.36,Completed,Priya
101171,2025-08-04,CUST1398,South,Shoes,Fashion,10,2699.46,26994.6,Completed,Sneha
101172,2025-09-13,CUST0096,North,Refrigerator,Home Appliances,1,16251.78,16251.78,Completed,Priya
101173,2025-07-16,CUST0485,East,Notebook,Stationery,10,176.9,1769.0,Completed,Amit
101174,2025-07-26,CUST0076,East,Pen,Stationery,3,423.99,1271.97,Completed,Amit
101175,2025-08-01,CUST1482,North,Keyboard,Electronics,2,4234.33,8468.66,Completed,Sneha
101176,2025-09-10,CUST1255,East,Book,Stationery,9,391.81,3526.29,Completed,Meera
101177,2025-02-22,CUST0060,West,Book,Stationery,6,470.1,2820.6,Completed,Amit
101178,2025-08-12,CUST0464,West,Refrigerator,Home Appliances,6,17366.39,104198.34,Completed,Sneha
101179,2025-01-23,CUST0227,East,Laptop,Electronics,5,4474.94,22374.7,Returned,Priya
101180,2025-07-14,CUST0553,West,Jeans,Fashion,10,2416.56,24165.6,Returned,Meera
101181,2025-10-27,CUST0847,South,Smartphone,Electronics,6,4378.53,26271.18,Completed,Neha
101182,2025-09-05,CUST0463,East,Backpack,Stationery,5,174.52,872.6,Completed,Karan
101183,2025-05-05,CUST1351,West,Headphones,Electronics,9,4259.94,38339.46,Completed,Priya
101184,2025-04-21,CUST0959,South,Book,Stationery,4,26.3,105.2,Completed,Priya
101185,2025-09-21,CUST0642,North,T-Shirt,Fashion,10,2332.49,23324.9,Completed,Rahul
101186,2025-07-17,CUST0927,West,Smartphone,Electronics,4,4625.14,18500.56,Cancelled,Neha
101187,2025-06-07,CUST1183,East,Headphones,Electronics,7,1238.88,8672.16,Completed,Priya
101188,2025-04-06,CUST0547,East,Smartphone,Electronics,1,4523.44,4523.44,Completed,Meera
101189,2025-02-13,CUST0726,South,Jeans,Fashion,2,2795.4,5590.8,Completed,Arjun
101190,2025-07-09,CUST0201,East,Pen,Stationery,1,231.84,231.84,Completed,Arjun
101191,2025-11-01,CUST0566,South,Washing Machine,Home Appliances,4,8651.15,34604.6,Completed,Priya
101192,2025-01-28,CUST0074,North,Smartphone,Electronics,2,1488.11,2976.22,Completed,Priya
101193,2025-07-27,CUST0803,South,T-Shirt,Fashion,10,2158.63,21586.3,Completed,Karan
101194,2025-06-27,CUST1305,North,Notebook,Stationery,3,397.15,1191.45,Completed,Karan
101195,2025-12-25,CUST1275,South,Laptop,Electronics,3,2764.58,8293.74,Completed,Neha
101196,2025-06-20,CUST0933,West,Washing Machine,Home Appliances,2,4166.26,8332.52,Returned,Meera
101197,2025-05-16,CUST0158,West,Pen,Stationery,1,105.21,105.21,Completed,Amit
101198,2025-05-07,CUST0968,East,Jacket,Fashion,10,202.82,2028.2,Completed,Amit
101199,2025-03-17,CUST0193,East,T-Shirt,Fashion,9,1608.81,14479.29,Completed,Sneha
101200,2025-05-12,CUST1359,South,Backpack,Stationery,6,495.1,2970.6,Completed,Meera
101201,2025-09-23,CUST1360,South,Headphones,Electronics,5,3695.71,18478.55,Completed,Amit
101202,2025-03-14,CUST0732,South,Washing Machine,Home Appliances,4,13527.97,54111.88,Completed,Arjun
101203,2025-07-13,CUST1309,East,T-Shirt,Fashion,2,742.76,1485.52,Returned,Meera
101204,2025-07-20,CUST1207,South,Washing Machine,Home Appliances,6,17871.9,107231.4,Returned,Karan
101205,2025-12-26,CUST0704,East,T-Shirt,Fashion,1,1822.65,1822.65,Completed,Meera
101206,2025-09-13,CUST1404,West,Jeans,Fashion,2,2914.52,5829.04,Completed,Rahul
101207,2025-02-03,CUST0604,East,T-Shirt,Fashion,5,1563.11,7815.55,Completed,Neha
101208,2025-01-03,CUST0882,North,Shoes,Fashion,1,1567.43,1567.43,Completed,Amit
101209,2025-05-26,CUST1029,West,Headphones,Electronics,3,2075.98,6227.94,Returned,Karan
101210,2025-02-11,CUST0596,West,Television,Home Appliances,4,9208.96,36835.84,Completed,Sneha
101211,2025-02-20,CUST0536,North,Television,Home Appliances,7,9028.7,63200.9,Completed,Rahul
101212,2025-04-13,CUST0513,West,Pen,Stationery,10,86.8,868.0,Completed,Neha
101213,2025-11-18,CUST0945,West,Jeans,Fashion,2,1032.54,2065.08,Completed,Arjun
101214,2025-06-10,CUST1032,North,Smartphone,Electronics,9,2488.56,22397.04,Completed,Arjun
101215,2025-10-14,CUST0055,South,Backpack,Stationery,7,241.42,1689.94,Completed,Rahul
101216,2025-03-07,CUST1272,North,T-Shirt,Fashion,10,1634.18,16341.8,Completed,Arjun
101217,2025-09-23,CUST0943,East,Washing Machine,Home Appliances,1,9793.35,9793.35,Completed,Karan
101218,2025-05-29,CUST1159,South,Headphones,Electronics,10,938.3,9383.0,Completed,Amit
101219,2025-01-28,CUST1437,West,Mouse,Electronics,9,3827.14,34444.26,Completed,Meera
101220,2025-06-09,CUST1473,East,Refrigerator,Home Appliances,3,6716.95,20150.85,Cancelled,Neha
101221,2025-03-03,CUST1065,East,Laptop,Electronics,1,1188.6,1188.6,Completed,Priya
101222,2025-01-29,CUST0250,North,Book,Stationery,9,233.03,2097.27,Completed,Rahul
101223,2025-12-15,CUST0900,East,Television,Home Appliances,5,16612.04,83060.2,Completed,Amit
101224,2025-12-25,CUST1120,West,Refrigerator,Home Appliances,4,4244.73,16978.92,Completed,Karan
101225,2025-12-08,CUST0564,South,Shoes,Fashion,10,1580.3,15803.0,Completed,Priya
101226,2025-05-26,CUST0937,East,Backpack,Stationery,7,91.12,637.84,Completed,Amit
101227,2025-07-01,CUST0286,South,Shoes,Fashion,10,1444.54,14445.4,Cancelled,Meera
101228,2025-09-15,CUST0432,North,Shoes,Fashion,3,1201.69,3605.07,Returned,Arjun
101229,2025-10-16,CUST0695,South,Smartphone,Electronics,3,2083.4,6250.2,Completed,Rahul
101230,2025-11-27,CUST0991,South,Jeans,Fashion,7,390.99,2736.93,Returned,Rahul
101231,2025-10-25,CUST0713,South,T-Shirt,Fashion,6,1848.79,11092.74,Completed,Amit
101232,2025-09-13,CUST1392,South,Refrigerator,Home Appliances,2,13639.96,27279.92,Completed,Neha
101233,2025-07-16,CUST0861,East,Refrigerator,Home Appliances,3,14835.1,44505.3,Completed,Karan
101234,2025-07-11,CUST1243,East,Laptop,Electronics,2,2486.88,4973.76,Returned,Sneha
101235,2025-11-23,CUST1176,West,Keyboard,Electronics,7,1099.47,7696.29,Completed,Meera
101236,2025-03-24,CUST0889,West,Pen,Stationery,4,116.57,466.28,Completed,Amit
101237,2025-01-03,CUST0737,South,Smartphone,Electronics,1,4145.04,4145.04,Completed,Priya
101238,2025-04-17,CUST1169,South,T-Shirt,Fashion,9,1589.29,14303.61,Completed,Sneha
101239,2025-07-12,CUST0146,East,Refrigerator,Home Appliances,8,9122.72,72981.76,Completed,Karan
101240,2025-11-04,CUST1108,North,Laptop,Electronics,8,1537.58,12300.64,Completed,Karan
101241,2025-03-22,CUST0590,East,Jacket,Fashion,6,390.27,2341.62,Completed,Neha
101242,2025-12-24,CUST0228,South,Jacket,Fashion,10,358.61,3586.1,Returned,Karan
101243,2025-04-13,CUST0686,East,Laptop,Electronics,6,2396.33,14377.98,Completed,Sneha
101244,2025-10-16,CUST1250,East,Smartphone,Electronics,8,828.1,6624.8,Completed,Priya
101245,2025-03-08,CUST0555,East,Book,Stationery,9,249.81,2248.29,Completed,Meera
101246,2025-06-05,CUST0467,East,Television,Home Appliances,6,9198.8,55192.8,Returned,Amit
101247,2025-12-16,CUST1401,East,Television,Home Appliances,10,17345.59,173455.9,Completed,Amit
101248,2025-08-07,CUST1126,West,Backpack,Stationery,3,226.26,678.78,Completed,Priya
101249,2025-01-30,CUST0488,West,Jeans,Fashion,4,1160.75,4643.0,Completed,Amit
101250,2025-01-08,CUST1475,West,Washing Machine,Home Appliances,9,11792.92,106136.28,Cancelled,Priya
101251,2025-01-23,CUST0644,North,Smartphone,Electronics,8,1312.67,10501.36,Completed,Neha
101252,2025-12-03,CUST0251,East,T-Shirt,Fashion,10,1313.89,13138.9,Completed,Neha
101253,2025-06-04,CUST0752,North,Pen,Stationery,4,232.9,931.6,Cancelled,Neha
101254,2025-01-28,CUST0710,South,Jeans,Fashion,9,1609.65,14486.85,Completed,Meera
101255,2025-09-24,CUST0473,North,Shoes,Fashion,4,2753.74,11014.96,Completed,Neha
101256,2025-05-01,CUST1431,South,Headphones,Electronics,3,661.4,1984.2,Completed,Meera
101257,2025-05-19,CUST0570,South,Laptop,Electronics,8,4263.46,34107.68,Completed,Priya
101258,2025-01-10,CUST0784,South,Headphones,Electronics,10,2227.71,22277.1,Completed,Neha
101259,2025-09-30,CUST0108,North,Washing Machine,Home Appliances,3,13538.59,40615.77,Completed,Sneha
101260,2025-05-15,CUST1211,West,Mouse,Electronics,6,4652.14,27912.84,Cancelled,Sneha
101261,2025-10-11,CUST0795,North,Backpack,Stationery,1,407.55,407.55,Cancelled,Meera
101262,2025-08-28,CUST0488,West,Pen,Stationery,3,480.95,1442.85,Returned,Karan
101263,2025-06-01,CUST0692,South,Shoes,Fashion,4,2359.75,9439.0,Completed,Karan
101264,2025-11-08,CUST0026,East,Jeans,Fashion,5,2390.79,11953.95,Completed,Sneha
101265,2025-08-14,CUST0019,South,T-Shirt,Fashion,8,1495.63,11965.04,Completed,Sneha
101266,2025-02-10,CUST0567,North,Notebook,Stationery,7,48.12,336.84,Returned,Meera
101267,2025-09-11,CUST0261,West,Washing Machine,Home Appliances,5,5931.28,29656.4,Completed,Rahul
101268,2025-04-05,CUST1402,South,Smartphone,Electronics,2,3445.7,6891.4,Completed,Amit
101269,2025-01-09,CUST1390,North,Refrigerator,Home Appliances,5,19530.36,97651.8,Completed,Amit
101270,2025-08-16,CUST0232,East,Washing Machine,Home Appliances,2,2472.1,4944.2,Completed,Sneha
101271,2025-05-25,CUST0294,East,Jacket,Fashion,2,1997.28,3994.56,Completed,Sneha
101272,2025-05-31,CUST1274,East,Jacket,Fashion,6,1517.92,9107.52,Completed,Amit
101273,2025-11-08,CUST0434,North,T-Shirt,Fashion,10,271.5,2715.0,Completed,Sneha
101274,2025-03-18,CUST0781,East,Washing Machine,Home Appliances,10,1619.39,16193.9,Returned,Neha
101275,2025-11-07,CUST0968,South,Book,Stationery,9,403.14,3628.26,Completed,Neha
101276,2025-07-05,CUST0473,South,T-Shirt,Fashion,6,880.61,5283.66,Completed,Priya
101277,2025-06-30,CUST1148,East,Washing Machine,Home Appliances,7,7875.74,55130.18,Returned,Meera
101278,2025-03-06,CUST1102,West,Washing Machine,Home Appliances,7,5365.5,37558.5,Cancelled,Arjun
101279,2025-06-24,CUST0643,East,Television,Home Appliances,5,16121.26,80606.3,Completed,Arjun
101280,2025-04-12,CUST0369,South,Television,Home Appliances,8,13019.97,104159.76,Completed,Priya
101281,2025-08-29,CUST0207,West,Pen,Stationery,9,361.46,3253.14,Cancelled,Arjun
101282,2025-09-29,CUST0795,South,Smartphone,Electronics,2,1095.7,2191.4,Completed,Arjun
101283,2025-06-22,CUST1212,East,Television,Home Appliances,5,3261.56,16307.8,Returned,Amit
101284,2025-11-19,CUST0922,South,Headphones,Electronics,8,4598.03,36784.24,Completed,Meera
101285,2025-10-29,CUST1044,East,Television,Home Appliances,3,14750.44,44251.32,Completed,Amit
101286,2025-04-01,CUST1042,North,Jacket,Fashion,7,1097.22,7680.54,Returned,Priya
101287,2025-10-16,CUST1061,South,Washing Machine,Home Appliances,8,7481.23,59849.84,Completed,Arjun
101288,2025-04-18,CUST0882,North,T-Shirt,Fashion,3,317.42,952.26,Completed,Sneha
101289,2025-05-28,CUST0561,South,Headphones,Electronics,5,1245.17,6225.85,Completed,Rahul
101290,2025-04-29,CUST1365,North,Jeans,Fashion,10,2309.71,23097.1,Completed,Neha
101291,2025-10-04,CUST1102,West,Refrigerator,Home Appliances,10,18148.28,181482.8,Completed,Amit
101292,2025-10-20,CUST0874,South,T-Shirt,Fashion,5,2837.06,14185.3,Completed,Meera
101293,2025-08-10,CUST1011,North,Shoes,Fashion,2,1444.33,2888.66,Completed,Rahul
101294,2025-04-24,CUST1490,East,Shoes,Fashion,6,2450.2,14701.2,Completed,Sneha
101295,2025-02-07,CUST1448,North,Jacket,Fashion,9,2081.83,18736.47,Cancelled,Amit
101296,2025-10-13,CUST1354,East,Book,Stationery,9,172.41,1551.69,Returned,Amit
101297,2025-04-23,CUST1380,West,Refrigerator,Home Appliances,10,8147.97,81479.7,Completed,Rahul
101298,2025-04-12,CUST1301,East,Notebook,Stationery,8,155.65,1245.2,Returned,Neha
101299,2025-11-09,CUST0428,West,Keyboard,Electronics,2,2708.11,5416.22,Completed,Karan
101300,2025-12-03,CUST0369,North,Notebook,Stationery,6,252.43,1514.58,Cancelled,Karan
101301,2025-10-06,CUST0986,North,Backpack,Stationery,7,306.96,2148.72,Completed,Priya
101302,2025-12-06,CUST0871,East,Jacket,Fashion,8,1111.11,8888.88,Completed,Sneha
101303,2025-09-05,CUST1002,South,Headphones,Electronics,7,3671.68,25701.76,Completed,Amit
101304,2025-07-29,CUST0125,North,Jeans,Fashion,9,802.3,7220.7,Completed,Sneha
101305,2025-05-14,CUST0112,North,Backpack,Stationery,8,224.1,1792.8,Completed,Neha
101306,2025-04-24,CUST1173,West,Shoes,Fashion,5,1453.38,7266.9,Completed,Priya
101307,2025-01-11,CUST0777,East,T-Shirt,Fashion,10,1711.35,17113.5,Cancelled,Sneha
101308,2025-07-05,CUST1097,West,Shoes,Fashion,1,1652.22,1652.22,Returned,Arjun
101309,2025-06-19,CUST0847,West,Washing Machine,Home Appliances,3,18302.42,54907.26,Completed,Neha
101310,2025-09-27,CUST0210,South,Laptop,Electronics,1,3898.05,3898.05,Cancelled,Amit
101311,2025-11-20,CUST1410,West,Washing Machine,Home Appliances,5,1460.64,7303.2,Completed,Priya
101312,2025-05-19,CUST0174,East,Backpack,Stationery,3,412.78,1238.34,Completed,Arjun
101313,2025-03-19,CUST0196,South,Laptop,Electronics,9,3221.92,28997.28,Completed,Karan
101314,2025-06-04,CUST0562,South,Jacket,Fashion,9,2281.75,20535.75,Completed,Karan
101315,2025-04-24,CUST0833,North,Backpack,Stationery,5,226.18,1130.9,Completed,Neha
101316,2025-07-10,CUST1120,East,Book,Stationery,8,369.23,2953.84,Completed,Amit
101317,2025-10-16,CUST0224,North,Notebook,Stationery,8,197.51,1580.08,Completed,Priya
101318,2025-09-08,CUST1216,West,Mouse,Electronics,3,1434.57,4303.71,Completed,Arjun
101319,2025-05-10,CUST0844,North,Notebook,Stationery,1,388.36,388.36,Completed,Rahul
101320,2025-01-03,CUST0550,West,Headphones,Electronics,10,3194.29,31942.9,Cancelled,Meera
101321,2025-12-29,CUST0990,East,Pen,Stationery,4,174.48,697.92,Returned,Arjun
101322,2025-03-24,CUST1065,East,Keyboard,Electronics,3,3905.99,11717.97,Completed,Meera
101323,2025-11-17,CUST1075,South,Laptop,Electronics,7,2728.33,19098.31,Completed,Arjun
101324,2025-05-31,CUST1475,North,Book,Stationery,5,76.44,382.2,Completed,Sneha
101325,2025-04-15,CUST1258,North,Refrigerator,Home Appliances,5,10941.77,54708.85,Completed,Karan
101326,2025-03-11,CUST0337,South,Backpack,Stationery,4,469.38,1877.52,Completed,Arjun
101327,2025-01-03,CUST0639,West,Refrigerator,Home Appliances,8,2273.91,18191.28,Completed,Priya
101328,2025-08-28,CUST1218,West,Pen,Stationery,2,49.33,98.66,Completed,Neha
101329,2025-08-07,CUST1197,North,Shoes,Fashion,4,968.83,3875.32,Completed,Arjun
101330,2025-02-22,CUST1497,West,T-Shirt,Fashion,2,1859.39,3718.78,Completed,Karan
101331,2025-07-16,CUST0677,North,Smartphone,Electronics,9,3142.93,28286.37,Returned,Meera
101332,2025-04-21,CUST0188,West,Refrigerator,Home Appliances,1,15883.93,15883.93,Completed,Meera
101333,2025-01-27,CUST0281,South,Headphones,Electronics,2,4531.79,9063.58,Completed,Meera
101334,2025-05-04,CUST1148,South,Jeans,Fashion,9,2328.02,20952.18,Completed,Arjun
101335,2025-06-12,CUST1087,East,Pen,Stationery,5,422.55,2112.75,Cancelled,Neha
101336,2025-08-12,CUST1148,South,Television,Home Appliances,5,14515.61,72578.05,Completed,Karan
101337,2025-04-02,CUST0052,North,Mouse,Electronics,7,3434.41,24040.87,Cancelled,Sneha
101338,2025-04-08,CUST0784,North,Notebook,Stationery,10,288.7,2887.0,Completed,Amit
101339,2025-01-03,CUST1201,North,Washing Machine,Home Appliances,6,10994.05,65964.3,Completed,Sneha
101340,2025-11-28,CUST0564,South,Shoes,Fashion,10,964.48,9644.8,Completed,Karan
101341,2025-08-30,CUST1245,South,Shoes,Fashion,10,2505.31,25053.1,Completed,Meera
101342,2025-03-20,CUST1446,West,Laptop,Electronics,6,629.77,3778.62,Cancelled,Rahul
101343,2025-11-23,CUST1456,East,Keyboard,Electronics,2,752.22,1504.44,Completed,Karan
101344,2025-06-20,CUST1377,North,Television,Home Appliances,10,15011.62,150116.2,Cancelled,Rahul
101345,2025-12-08,CUST1372,East,Shoes,Fashion,7,1365.86,9561.02,Completed,Rahul
101346,2025-05-22,CUST1247,West,Shoes,Fashion,3,1441.52,4324.56,Completed,Arjun
101347,2025-10-15,CUST0719,East,Television,Home Appliances,1,6912.13,6912.13,Completed,Priya
101348,2025-04-04,CUST1495,East,Book,Stationery,2,460.65,921.3,Completed,Amit
101349,2025-08-24,CUST0167,West,Refrigerator,Home Appliances,4,13120.97,52483.88,Completed,Neha
101350,2025-05-27,CUST0365,North,Washing Machine,Home Appliances,1,8206.9,8206.9,Completed,Sneha
101351,2025-04-13,CUST0363,North,Notebook,Stationery,4,150.94,603.76,Completed,Meera
101352,2025-07-06,CUST0715,South,Shoes,Fashion,8,1194.43,9555.44,Cancelled,Rahul
101353,2025-10-19,CUST0432,South,Mouse,Electronics,7,1200.67,8404.69,Completed,Karan
101354,2025-05-18,CUST0186,West,Washing Machine,Home Appliances,9,11480.61,103325.49,Completed,Meera
101355,2025-11-20,CUST0382,South,Shoes,Fashion,2,1647.68,3295.36,Completed,Sneha
101356,2025-06-15,CUST1437,East,Jacket,Fashion,10,2723.57,27235.7,Completed,Amit
101357,2025-11-28,CUST0206,West,Washing Machine,Home Appliances,8,7359.54,58876.32,Returned,Karan
101358,2025-01-12,CUST0900,South,Washing Machine,Home Appliances,9,4537.05,40833.45,Completed,Arjun
101359,2025-07-11,CUST1231,North,Backpack,Stationery,4,141.24,564.96,Completed,Arjun
101360,2025-09-17,CUST0221,South,Shoes,Fashion,4,2336.88,9347.52,Completed,Karan
101361,2025-06-03,CUST1223,West,Book,Stationery,3,265.86,797.58,Returned,Rahul
101362,2025-01-28,CUST0186,North,Television,Home Appliances,6,15982.82,95896.92,Cancelled,Rahul
101363,2025-01-01,CUST1349,West,Jacket,Fashion,7,662.96,4640.72,Completed,Rahul
101364,2025-04-15,CUST0895,East,Jeans,Fashion,2,716.86,1433.72,Completed,Rahul
101365,2025-02-21,CUST0965,South,Shoes,Fashion,8,646.12,5168.96,Completed,Meera
101366,2025-02-19,CUST0794,West,Backpack,Stationery,4,386.27,1545.08,Completed,Rahul
101367,2025-08-06,CUST1223,South,Pen,Stationery,5,413.5,2067.5,Completed,Sneha
101368,2025-04-02,CUST0482,North,Book,Stationery,4,445.08,1780.32,Completed,Amit
101369,2025-04-07,CUST0091,West,Book,Stationery,4,86.28,345.12,Completed,Priya
101370,2025-05-26,CUST0638,South,Jacket,Fashion,3,1391.99,4175.97,Completed,Meera
101371,2025-07-23,CUST1398,East,Headphones,Electronics,7,1307.83,9154.81,Completed,Priya
101372,2025-01-07,CUST0330,North,Shoes,Fashion,7,2449.94,17149.58,Completed,Arjun
101373,2025-12-10,CUST0823,South,Book,Stationery,8,333.83,2670.64,Cancelled,Karan
101374,2025-08-19,CUST1029,North,Pen,Stationery,2,309.75,619.5,Cancelled,Sneha
101375,2025-09-30,CUST0786,East,Shoes,Fashion,3,2946.06,8838.18,Completed,Sneha
101376,2025-08-21,CUST0891,East,T-Shirt,Fashion,9,2475.94,22283.46,Completed,Amit
101377,2025-11-03,CUST1406,North,Keyboard,Electronics,8,2151.97,17215.76,Completed,Sneha
101378,2025-05-31,CUST0731,South,Shoes,Fashion,9,948.26,8534.34,Completed,Sneha
101379,2025-01-19,CUST1089,South,Shoes,Fashion,10,512.71,5127.1,Completed,Priya
101380,2025-08-09,CUST0563,North,Smartphone,Electronics,3,3348.14,10044.42,Returned,Neha
101381,2025-01-20,CUST0301,East,Book,Stationery,2,176.76,353.52,Completed,Priya
101382,2025-04-05,CUST0527,East,Jeans,Fashion,7,1322.07,9254.49,Cancelled,Arjun
101383,2025-06-05,CUST1261,West,Smartphone,Electronics,10,1674.39,16743.9,Completed,Amit
101384,2025-08-12,CUST0563,West,Jacket,Fashion,4,2330.01,9320.04,Completed,Amit
101385,2025-07-28,CUST0425,East,Notebook,Stationery,5,150.89,754.45,Cancelled,Rahul
101386,2025-11-22,CUST0652,East,Jeans,Fashion,8,1877.42,15019.36,Completed,Amit
101387,2025-12-31,CUST1248,South,T-Shirt,Fashion,2,1911.88,3823.76,Completed,Sneha
101388,2025-06-24,CUST0655,North,Backpack,Stationery,9,26.03,234.27,Cancelled,Rahul
101389,2025-03-29,CUST1379,South,Backpack,Stationery,4,275.48,1101.92,Completed,Amit
101390,2025-02-12,CUST0426,North,Keyboard,Electronics,9,4932.26,44390.34,Completed,Sneha
101391,2025-10-27,CUST0342,North,Backpack,Stationery,1,94.83,94.83,Completed,Arjun
101392,2025-05-01,CUST0769,West,Headphones,Electronics,9,3848.23,34634.07,Completed,Priya
101393,2025-02-26,CUST1169,North,Keyboard,Electronics,4,1450.87,5803.48,Completed,Rahul
101394,2025-08-03,CUST1228,North,Backpack,Stationery,6,380.61,2283.66,Completed,Sneha
101395,2025-07-20,CUST0462,South,Headphones,Electronics,9,2910.32,26192.88,Completed,Meera
101396,2025-04-01,CUST0820,North,Jacket,Fashion,3,2786.95,8360.85,Completed,Sneha
101397,2025-12-01,CUST0857,South,Notebook,Stationery,2,204.01,408.02,Completed,Amit
101398,2025-02-11,CUST1228,South,Refrigerator,Home Appliances,10,12778.49,127784.9,Returned,Sneha
101399,2025-12-17,CUST0187,North,Refrigerator,Home Appliances,10,12884.41,128844.1,Completed,Arjun
101400,2025-05-03,CUST0359,South,Refrigerator,Home Appliances,8,8012.22,64097.76,Returned,Neha
101401,2025-01-16,CUST0424,South,T-Shirt,Fashion,5,381.48,1907.4,Completed,Meera
101402,2025-02-26,CUST1238,North,Refrigerator,Home Appliances,8,10504.08,84032.64,Cancelled,Rahul
101403,2025-01-17,CUST1397,South,Washing Machine,Home Appliances,2,1130.78,2261.56,Cancelled,Meera
101404,2025-10-03,CUST0248,East,Book,Stationery,7,479.64,3357.48,Completed,Amit
101405,2025-09-19,CUST1289,South,Jacket,Fashion,1,1217.45,1217.45,Completed,Priya
101406,2025-10-24,CUST0229,West,Smartphone,Electronics,5,3910.73,19553.65,Completed,Sneha
101407,2025-02-19,CUST0676,East,Refrigerator,Home Appliances,8,4991.61,39932.88,Completed,Meera
101408,2025-08-16,CUST0678,South,Washing Machine,Home Appliances,6,6610.55,39663.3,Completed,Karan
101409,2025-01-14,CUST0453,North,Smartphone,Electronics,3,2848.01,8544.03,Completed,Karan
101410,2025-09-01,CUST1461,South,T-Shirt,Fashion,10,1974.9,19749.0,Completed,Rahul
101411,2025-07-16,CUST0527,West,Refrigerator,Home Appliances,10,6554.32,65543.2,Completed,Neha
101412,2025-07-06,CUST1477,South,T-Shirt,Fashion,10,233.79,2337.9,Completed,Rahul
101413,2025-06-10,CUST1072,North,T-Shirt,Fashion,10,2587.31,25873.1,Completed,Meera
101414,2025-07-14,CUST0030,East,Television,Home Appliances,8,4332.36,34658.88,Completed,Karan
101415,2025-03-03,CUST1332,West,Refrigerator,Home Appliances,3,6288.0,18864.0,Completed,Meera
101416,2025-07-06,CUST1361,East,Mouse,Electronics,4,3836.2,15344.8,Completed,Priya
101417,2025-10-01,CUST1102,East,Shoes,Fashion,5,1749.2,8746.0,Returned,Amit
101418,2025-04-04,CUST1413,West,Notebook,Stationery,4,142.91,571.64,Completed,Meera
101419,2025-05-23,CUST0188,West,Refrigerator,Home Appliances,10,6049.5,60495.0,Completed,Priya
101420,2025-04-27,CUST0500,South,Television,Home Appliances,5,2156.44,10782.2,Completed,Amit
101421,2025-08-15,CUST0171,South,Shoes,Fashion,4,1539.24,6156.96,Completed,Neha
101422,2025-08-09,CUST0229,South,Pen,Stationery,10,24.61,246.1,Cancelled,Neha
101423,2025-11-04,CUST0555,South,Book,Stationery,5,382.19,1910.95,Completed,Sneha
101424,2025-09-30,CUST0510,North,Pen,Stationery,5,146.82,734.1,Completed,Karan
101425,2025-06-13,CUST1044,South,Book,Stationery,3,254.04,762.12,Completed,Rahul
101426,2025-08-15,CUST0702,West,Keyboard,Electronics,5,925.56,4627.8,Completed,Priya
101427,2025-06-13,CUST1087,South,Refrigerator,Home Appliances,5,10533.81,52669.05,Completed,Karan
101428,2025-04-09,CUST0812,West,Television,Home Appliances,3,7151.54,21454.62,Cancelled,Rahul
101429,2025-05-18,CUST0469,North,Jacket,Fashion,10,2408.5,24085.0,Completed,Karan
101430,2025-07-01,CUST0646,South,T-Shirt,Fashion,5,1134.42,5672.1,Completed,Arjun
101431,2025-07-29,CUST0725,West,Book,Stationery,7,46.55,325.85,Returned,Karan
101432,2025-05-12,CUST0604,North,Smartphone,Electronics,4,3479.25,13917.0,Completed,Arjun
101433,2025-04-13,CUST0441,South,Pen,Stationery,9,288.79,2599.11,Cancelled,Priya
101434,2025-09-03,CUST1478,South,Smartphone,Electronics,3,1964.67,5894.01,Returned,Amit
101435,2025-11-07,CUST1201,South,Backpack,Stationery,4,154.47,617.88,Completed,Amit
101436,2025-05-26,CUST0228,South,Jeans,Fashion,9,1234.46,11110.14,Completed,Priya
101437,2025-10-29,CUST0613,West,Jacket,Fashion,3,2647.06,7941.18,Completed,Meera
101438,2025-12-05,CUST0534,North,Washing Machine,Home Appliances,10,11385.12,113851.2,Completed,Rahul
101439,2025-08-17,CUST0440,West,Headphones,Electronics,6,4572.97,27437.82,Completed,Neha
101440,2025-12-27,CUST0531,North,Pen,Stationery,6,115.51,693.06,Completed,Amit
101441,2025-09-07,CUST0099,East,Refrigerator,Home Appliances,7,9119.29,63835.03,Returned,Sneha
101442,2025-09-16,CUST0670,South,Mouse,Electronics,7,4980.45,34863.15,Completed,Sneha
101443,2025-10-13,CUST0231,West,Laptop,Electronics,10,914.65,9146.5,Cancelled,Priya
101444,2025-08-09,CUST0568,South,Notebook,Stationery,2,388.22,776.44,Completed,Rahul
101445,2025-06-23,CUST0930,South,Shoes,Fashion,3,2013.95,6041.85,Cancelled,Arjun
101446,2025-01-10,CUST0018,West,Shoes,Fashion,10,2519.02,25190.2,Completed,Rahul
101447,2025-06-17,CUST1091,South,T-Shirt,Fashion,10,2088.71,20887.1,Completed,Neha
101448,2025-04-16,CUST0632,West,T-Shirt,Fashion,4,2364.38,9457.52,Completed,Amit
101449,2025-06-17,CUST0646,West,Television,Home Appliances,6,19138.55,114831.3,Completed,Neha
101450,2025-04-30,CUST0445,North,T-Shirt,Fashion,7,2974.81,20823.67,Completed,Meera
101451,2025-04-17,CUST0780,East,Keyboard,Electronics,1,2497.79,2497.79,Completed,Arjun
101452,2025-03-05,CUST0191,West,Refrigerator,Home Appliances,7,12214.13,85498.91,Completed,Priya
101453,2025-11-06,CUST0734,North,Refrigerator,Home Appliances,2,18873.22,37746.44,Completed,Neha
101454,2025-09-18,CUST0230,South,Mouse,Electronics,6,2650.91,15905.46,Completed,Arjun
101455,2025-06-08,CUST0134,South,Backpack,Stationery,2,190.25,380.5,Returned,Karan
101456,2025-07-19,CUST0966,East,Television,Home Appliances,2,13358.22,26716.44,Returned,Karan
101457,2025-04-01,CUST1157,East,Shoes,Fashion,3,2572.76,7718.28,Completed,Rahul
101458,2025-02-01,CUST1222,West,Television,Home Appliances,8,15483.47,123867.76,Cancelled,Karan
101459,2025-03-31,CUST1063,West,Jacket,Fashion,3,1373.87,4121.61,Completed,Rahul
101460,2025-04-15,CUST0627,South,Shoes,Fashion,3,283.94,851.82,Completed,Karan
101461,2025-08-29,CUST0071,West,Shoes,Fashion,1,1128.43,1128.43,Returned,Amit
101462,2025-06-28,CUST0457,East,Notebook,Stationery,3,68.06,204.18,Completed,Priya
101463,2025-10-02,CUST0902,West,Keyboard,Electronics,8,4925.16,39401.28,Cancelled,Amit
101464,2025-05-12,CUST0263,North,Jacket,Fashion,8,2718.74,21749.92,Completed,Sneha
101465,2025-10-20,CUST0402,West,Keyboard,Electronics,8,3869.24,30953.92,Completed,Rahul
101466,2025-07-26,CUST0579,East,Refrigerator,Home Appliances,2,15120.52,30241.04,Completed,Karan
101467,2025-08-25,CUST1369,North,Television,Home Appliances,5,7243.89,36219.45,Cancelled,Rahul
101468,2025-10-24,CUST0071,South,Jacket,Fashion,6,2051.37,12308.22,Completed,Neha
101469,2025-05-02,CUST0332,South,Refrigerator,Home Appliances,3,13057.98,39173.94,Completed,Meera
101470,2025-10-23,CUST0831,South,Pen,Stationery,4,321.78,1287.12,Returned,Meera
101471,2025-12-02,CUST1054,North,Jacket,Fashion,2,2285.89,4571.78,Completed,Rahul
101472,2025-08-22,CUST1359,East,Jeans,Fashion,8,2361.62,18892.96,Completed,Sneha
101473,2025-01-14,CUST1113,West,Shoes,Fashion,6,1394.24,8365.44,Completed,Meera
101474,2025-03-06,CUST0712,North,Laptop,Electronics,9,3707.13,33364.17,Completed,Priya
101475,2025-12-15,CUST0455,East,Washing Machine,Home Appliances,9,4702.68,42324.12,Completed,Sneha
101476,2025-09-30,CUST0743,West,Television,Home Appliances,9,10975.86,98782.74,Completed,Rahul
101477,2025-11-22,CUST1300,West,T-Shirt,Fashion,2,2105.11,4210.22,Cancelled,Rahul
101478,2025-07-25,CUST0608,South,Notebook,Stationery,5,43.48,217.4,Returned,Arjun
101479,2025-06-03,CUST0001,East,Backpack,Stationery,6,85.34,512.04,Completed,Karan
101480,2025-02-04,CUST0122,South,Television,Home Appliances,10,12285.71,122857.1,Completed,Meera
101481,2025-11-27,CUST0859,South,Refrigerator,Home Appliances,7,15939.94,111579.58,Completed,Neha
101482,2025-05-22,CUST0288,South,Shoes,Fashion,4,2897.4,11589.6,Completed,Rahul
101483,2025-06-17,CUST0023,East,Washing Machine,Home Appliances,3,13772.52,41317.56,Completed,Priya
101484,2025-03-05,CUST1109,South,Notebook,Stationery,8,163.43,1307.44,Completed,Sneha
101485,2025-05-11,CUST0232,South,Shoes,Fashion,7,2546.34,17824.38,Completed,Rahul
101486,2025-02-15,CUST1499,North,Pen,Stationery,4,270.96,1083.84,Completed,Meera
101487,2025-05-24,CUST1483,North,Backpack,Stationery,1,326.27,326.27,Returned,Sneha
101488,2025-02-21,CUST1461,South,Pen,Stationery,6,59.88,359.28,Completed,Meera
101489,2025-02-23,CUST1452,South,Television,Home Appliances,7,13646.94,95528.58,Completed,Arjun
101490,2025-11-26,CUST0202,East,Book,Stationery,10,71.74,717.4,Completed,Neha
101491,2025-01-21,CUST0712,South,Jacket,Fashion,7,2211.21,15478.47,Cancelled,Amit
101492,2025-04-03,CUST0050,North,Backpack,Stationery,1,123.7,123.7,Completed,Arjun
101493,2025-12-16,CUST0705,North,Keyboard,Electronics,5,2113.65,10568.25,Returned,Neha
101494,2025-12-24,CUST1301,North,Jacket,Fashion,1,1108.63,1108.63,Cancelled,Rahul
101495,2025-07-25,CUST0714,West,Television,Home Appliances,9,13317.45,119857.05,Cancelled,Priya
101496,2025-04-27,CUST0649,North,Jeans,Fashion,10,1707.06,17070.6,Completed,Priya
101497,2025-04-06,CUST0784,West,Pen,Stationery,10,258.65,2586.5,Completed,Meera
101498,2025-03-23,CUST0346,North,Jeans,Fashion,8,2708.18,21665.44,Completed,Neha
101499,2025-07-23,CUST1267,East,Jeans,Fashion,9,1707.11,15363.99,Completed,Priya
101500,2025-09-30,CUST0725,South,Pen,Stationery,3,363.63,1090.89,Completed,Arjun
101501,2025-02-12,CUST0664,West,Headphones,Electronics,10,3065.48,30654.8,Completed,Amit
101502,2025-05-21,CUST0054,South,Television,Home Appliances,3,13682.91,41048.73,Completed,Neha
101503,2025-04-21,CUST0298,East,Refrigerator,Home Appliances,8,13310.01,106480.08,Completed,Amit
101504,2025-10-18,CUST0394,South,Backpack,Stationery,7,287.03,2009.21,Completed,Arjun
101505,2025-05-15,CUST0884,North,Pen,Stationery,6,405.64,2433.84,Completed,Neha
101506,2025-03-10,CUST0659,West,Jeans,Fashion,2,2882.66,5765.32,Cancelled,Rahul
101507,2025-02-23,CUST1238,West,Mouse,Electronics,8,2909.12,23272.96,Completed,Neha
101508,2025-08-24,CUST1268,South,Pen,Stationery,10,421.57,4215.7,Completed,Arjun
101509,2025-10-14,CUST1332,East,Smartphone,Electronics,1,3019.81,3019.81,Cancelled,Meera
101510,2025-05-22,CUST1167,North,Refrigerator,Home Appliances,6,2242.84,13457.04,Returned,Amit
101511,2025-04-21,CUST1356,South,Backpack,Stationery,3,493.38,1480.14,Completed,Karan
101512,2025-09-18,CUST0834,West,T-Shirt,Fashion,10,2435.57,24355.7,Cancelled,Sneha
101513,2025-07-03,CUST1204,East,Mouse,Electronics,1,3704.51,3704.51,Cancelled,Priya
101514,2025-04-10,CUST0510,West,Mouse,Electronics,7,3786.71,26506.97,Cancelled,Amit
101515,2025-07-26,CUST1176,South,Book,Stationery,6,62.77,376.62,Cancelled,Arjun
101516,2025-06-09,CUST0728,West,Notebook,Stationery,6,107.84,647.04,Completed,Karan
101517,2025-04-13,CUST0465,North,Book,Stationery,3,145.04,435.12,Returned,Priya
101518,2025-01-11,CUST1242,East,Jacket,Fashion,2,1666.83,3333.66,Returned,Amit
101519,2025-09-28,CUST0026,East,Shoes,Fashion,3,204.84,614.52,Completed,Karan
101520,2025-02-05,CUST0354,West,Mouse,Electronics,10,2186.76,21867.6,Completed,Meera
101521,2025-02-19,CUST1400,West,Television,Home Appliances,4,19539.71,78158.84,Completed,Rahul
101522,2025-08-16,CUST0063,East,Notebook,Stationery,9,91.45,823.05,Returned,Priya
101523,2025-04-03,CUST1209,West,Jeans,Fashion,2,1177.35,2354.7,Returned,Meera
101524,2025-06-22,CUST0932,South,Television,Home Appliances,3,19949.5,59848.5,Cancelled,Priya
101525,2025-05-03,CUST1006,West,Headphones,Electronics,4,2145.62,8582.48,Cancelled,Amit
101526,2025-12-04,CUST1450,East,Shoes,Fashion,8,2470.54,19764.32,Cancelled,Priya
101527,2025-05-25,CUST0657,West,Jacket,Fashion,9,2000.96,18008.64,Completed,Neha
101528,2025-02-12,CUST1005,East,Jacket,Fashion,7,1418.39,9928.73,Completed,Sneha
101529,2025-05-28,CUST1401,East,Backpack,Stationery,5,258.86,1294.3,Completed,Amit
101530,2025-10-20,CUST1112,West,Refrigerator,Home Appliances,5,17949.76,89748.8,Completed,Amit
101531,2025-06-30,CUST1102,East,Laptop,Electronics,5,2232.06,11160.3,Cancelled,Arjun
101532,2025-01-23,CUST0440,East,Television,Home Appliances,6,13941.53,83649.18,Completed,Rahul
101533,2025-04-15,CUST1015,West,Television,Home Appliances,6,2386.31,14317.86,Completed,Amit
101534,2025-03-01,CUST0595,East,Keyboard,Electronics,4,4551.44,18205.76,Returned,Sneha
101535,2025-07-25,CUST0092,West,Washing Machine,Home Appliances,4,8063.89,32255.56,Completed,Neha
101536,2025-11-17,CUST0635,West,Jacket,Fashion,10,2188.48,21884.8,Returned,Karan
101537,2025-07-13,CUST0570,West,Book,Stationery,7,415.31,2907.17,Cancelled,Meera
101538,2025-08-18,CUST0264,West,Shoes,Fashion,7,317.04,2219.28,Completed,Priya
101539,2025-10-02,CUST0671,West,Smartphone,Electronics,8,799.25,6394.0,Returned,Karan
101540,2025-10-19,CUST0536,East,Pen,Stationery,9,157.49,1417.41,Cancelled,Arjun
101541,2025-04-13,CUST0261,East,Refrigerator,Home Appliances,9,17082.63,153743.67,Completed,Priya
101542,2025-04-05,CUST0172,East,Smartphone,Electronics,1,4248.93,4248.93,Completed,Sneha
101543,2025-01-22,CUST1358,West,Notebook,Stationery,8,306.56,2452.48,Cancelled,Sneha
101544,2025-06-24,CUST0514,West,Mouse,Electronics,1,4768.65,4768.65,Completed,Neha
101545,2025-05-30,CUST1036,East,Keyboard,Electronics,7,1188.94,8322.58,Completed,Neha
101546,2025-02-05,CUST0504,North,Jacket,Fashion,1,2639.74,2639.74,Completed,Rahul
101547,2025-07-29,CUST1061,East,Shoes,Fashion,2,2117.34,4234.68,Completed,Rahul
101548,2025-02-23,CUST1402,West,Jeans,Fashion,1,601.76,601.76,Completed,Amit
101549,2025-04-25,CUST1287,East,Keyboard,Electronics,10,1038.39,10383.9,Completed,Priya
101550,2025-05-25,CUST1405,South,Keyboard,Electronics,10,3401.56,34015.6,Completed,Neha
101551,2025-11-22,CUST0932,South,Pen,Stationery,6,490.46,2942.76,Returned,Rahul
101552,2025-11-23,CUST1498,West,Pen,Stationery,4,89.32,357.28,Returned,Arjun
101553,2025-08-10,CUST0615,West,T-Shirt,Fashion,6,2272.02,13632.12,Completed,Arjun
101554,2025-06-30,CUST0427,South,Washing Machine,Home Appliances,3,16962.57,50887.71,Completed,Arjun
101555,2025-08-26,CUST0745,North,Backpack,Stationery,8,477.14,3817.12,Completed,Arjun
101556,2025-04-22,CUST1460,West,Television,Home Appliances,9,4912.39,44211.51,Completed,Sneha
101557,2025-04-20,CUST0805,West,Backpack,Stationery,6,329.12,1974.72,Completed,Meera
101558,2025-06-22,CUST1130,West,Jacket,Fashion,1,758.35,758.35,Completed,Arjun
101559,2025-07-17,CUST1163,West,Washing Machine,Home Appliances,1,14185.42,14185.42,Completed,Rahul
101560,2025-08-28,CUST0504,West,Notebook,Stationery,3,217.42,652.26,Cancelled,Meera
101561,2025-02-13,CUST0044,East,Shoes,Fashion,2,2403.49,4806.98,Returned,Amit
101562,2025-07-02,CUST0416,West,Shoes,Fashion,6,2808.38,16850.28,Returned,Karan
101563,2025-10-26,CUST0915,South,Headphones,Electronics,10,4591.61,45916.1,Completed,Rahul
101564,2025-03-23,CUST0312,West,Jeans,Fashion,2,2446.54,4893.08,Completed,Arjun
101565,2025-12-25,CUST0576,West,Television,Home Appliances,9,12944.97,116504.73,Returned,Rahul
101566,2025-07-15,CUST0969,South,Book,Stationery,1,85.09,85.09,Completed,Amit
101567,2025-08-18,CUST0041,South,Jacket,Fashion,10,1801.35,18013.5,Returned,Sneha
101568,2025-03-11,CUST1279,North,Shoes,Fashion,6,392.89,2357.34,Completed,Rahul
101569,2025-02-12,CUST0727,South,Smartphone,Electronics,6,1815.57,10893.42,Completed,Arjun
101570,2025-05-24,CUST1066,East,Washing Machine,Home Appliances,5,4648.44,23242.2,Completed,Rahul
101571,2025-08-10,CUST0692,East,Smartphone,Electronics,5,1684.01,8420.05,Completed,Meera
101572,2025-11-16,CUST0022,East,Headphones,Electronics,9,641.18,5770.62,Completed,Neha
101573,2025-12-11,CUST0554,South,Backpack,Stationery,7,37.27,260.89,Completed,Arjun
101574,2025-05-14,CUST1132,West,Pen,Stationery,3,472.6,1417.8,Completed,Karan
101575,2025-06-13,CUST1043,East,Keyboard,Electronics,2,4124.64,8249.28,Completed,Rahul
101576,2025-02-03,CUST0316,West,Smartphone,Electronics,2,1296.98,2593.96,Cancelled,Priya
101577,2025-11-13,CUST0145,West,Laptop,Electronics,6,4415.72,26494.32,Completed,Meera
101578,2025-12-27,CUST0285,West,Shoes,Fashion,10,541.54,5415.4,Returned,Priya
101579,2025-12-18,CUST0478,West,Refrigerator,Home Appliances,2,1072.98,2145.96,Completed,Priya
101580,2025-04-12,CUST1451,South,Pen,Stationery,9,112.47,1012.23,Completed,Rahul
101581,2025-02-01,CUST0907,West,Pen,Stationery,10,435.2,4352.0,Completed,Priya
101582,2025-10-05,CUST1179,West,Refrigerator,Home Appliances,5,3733.96,18669.8,Completed,Priya
101583,2025-04-27,CUST0333,South,Refrigerator,Home Appliances,6,15369.44,92216.64,Completed,Karan
101584,2025-06-26,CUST0494,East,Pen,Stationery,4,224.73,898.92,Completed,Karan
101585,2025-09-10,CUST0705,East,T-Shirt,Fashion,2,372.53,745.06,Completed,Arjun
101586,2025-12-12,CUST0181,North,Keyboard,Electronics,1,4897.25,4897.25,Completed,Sneha
101587,2025-06-13,CUST0924,North,Mouse,Electronics,5,3772.17,18860.85,Completed,Meera
101588,2025-06-10,CUST1119,West,Jacket,Fashion,5,2337.55,11687.75,Completed,Rahul
101589,2025-08-25,CUST0665,South,Headphones,Electronics,7,2592.25,18145.75,Completed,Meera
101590,2025-07-17,CUST0860,East,Notebook,Stationery,3,374.17,1122.51,Cancelled,Sneha
101591,2025-08-11,CUST1356,West,Notebook,Stationery,7,195.54,1368.78,Completed,Rahul
101592,2025-03-18,CUST0555,North,Refrigerator,Home Appliances,1,8434.54,8434.54,Completed,Meera
101593,2025-10-09,CUST0569,West,Notebook,Stationery,5,418.29,2091.45,Completed,Meera
101594,2025-12-07,CUST0123,North,Backpack,Stationery,3,253.92,761.76,Returned,Priya
101595,2025-05-01,CUST1063,South,Jacket,Fashion,10,1010.1,10101.0,Cancelled,Arjun
101596,2025-06-23,CUST1292,North,Book,Stationery,5,323.12,1615.6,Completed,Arjun
101597,2025-06-24,CUST1485,North,Mouse,Electronics,3,2883.37,8650.11,Cancelled,Rahul
101598,2025-07-09,CUST0855,West,Jacket,Fashion,2,249.59,499.18,Completed,Sneha
101599,2025-10-12,CUST0698,North,Washing Machine,Home Appliances,8,15949.32,127594.56,Completed,Rahul
101600,2025-05-08,CUST1001,South,T-Shirt,Fashion,10,1906.28,19062.8,Cancelled,Sneha
101601,2025-02-11,CUST1084,South,Keyboard,Electronics,3,3306.23,9918.69,Completed,Karan
101602,2025-05-22,CUST1458,West,Keyboard,Electronics,7,3998.45,27989.15,Completed,Amit
101603,2025-06-17,CUST0730,South,Notebook,Stationery,4,323.87,1295.48,Completed,Karan
101604,2025-10-02,CUST0410,West,Jacket,Fashion,6,1893.36,11360.16,Returned,Priya
101605,2025-09-16,CUST0579,West,Shoes,Fashion,4,1665.81,6663.24,Cancelled,Arjun
101606,2025-06-01,CUST0052,East,Headphones,Electronics,5,1419.08,7095.4,Completed,Arjun
101607,2025-03-17,CUST0915,South,Headphones,Electronics,8,3991.09,31928.72,Completed,Meera
101608,2025-04-12,CUST1447,South,Shoes,Fashion,5,1476.64,7383.2,Completed,Rahul
101609,2025-06-17,CUST1132,South,Shoes,Fashion,2,346.79,693.58,Completed,Sneha
101610,2025-07-22,CUST0365,North,Book,Stationery,7,330.24,2311.68,Completed,Amit
101611,2025-01-21,CUST1048,East,Jeans,Fashion,10,2318.18,23181.8,Completed,Rahul
101612,2025-02-22,CUST1071,West,Book,Stationery,2,87.16,174.32,Returned,Neha
101613,2025-07-31,CUST0704,East,Headphones,Electronics,6,2021.71,12130.26,Completed,Amit
101614,2025-02-15,CUST0425,South,Backpack,Stationery,3,283.09,849.27,Completed,Karan
101615,2025-10-13,CUST0050,East,Refrigerator,Home Appliances,1,13250.41,13250.41,Completed,Neha
101616,2025-04-30,CUST0313,West,Book,Stationery,1,125.12,125.12,Completed,Sneha
101617,2025-05-29,CUST1009,East,Backpack,Stationery,1,264.92,264.92,Completed,Arjun
101618,2025-04-17,CUST0471,South,Laptop,Electronics,4,3153.51,12614.04,Completed,Priya
101619,2025-10-02,CUST0016,North,T-Shirt,Fashion,7,795.78,5570.46,Completed,Sneha
101620,2025-05-12,CUST0686,West,Notebook,Stationery,4,382.0,1528.0,Completed,Karan
101621,2025-08-17,CUST1236,South,Book,Stationery,5,236.79,1183.95,Completed,Priya
101622,2025-04-16,CUST0410,North,Keyboard,Electronics,2,3842.66,7685.32,Cancelled,Neha
101623,2025-11-17,CUST0471,North,Jeans,Fashion,8,352.23,2817.84,Completed,Amit
101624,2025-06-20,CUST0423,South,Shoes,Fashion,4,2522.84,10091.36,Returned,Arjun
101625,2025-03-26,CUST1007,South,Jacket,Fashion,7,1885.08,13195.56,Completed,Karan
101626,2025-01-01,CUST0064,East,Refrigerator,Home Appliances,10,3037.97,30379.7,Cancelled,Karan
101627,2025-10-18,CUST0327,East,Headphones,Electronics,8,2216.39,17731.12,Completed,Neha
101628,2025-08-02,CUST1339,East,Washing Machine,Home Appliances,6,2445.89,14675.34,Completed,Amit
101629,2025-04-15,CUST0247,East,Headphones,Electronics,3,1682.27,5046.81,Cancelled,Meera
101630,2025-05-01,CUST0933,North,Refrigerator,Home Appliances,2,2635.81,5271.62,Completed,Meera
101631,2025-12-14,CUST0773,East,Smartphone,Electronics,4,793.21,3172.84,Completed,Arjun
101632,2025-10-23,CUST0091,East,Backpack,Stationery,3,487.0,1461.0,Returned,Karan
101633,2025-01-13,CUST1375,North,Jacket,Fashion,4,2445.43,9781.72,Returned,Neha
101634,2025-11-29,CUST0091,South,Television,Home Appliances,8,16396.72,131173.76,Completed,Meera
101635,2025-02-15,CUST1225,North,Television,Home Appliances,1,6443.83,6443.83,Completed,Meera
101636,2025-10-04,CUST0299,North,Washing Machine,Home Appliances,6,14797.77,88786.62,Completed,Sneha
101637,2025-08-28,CUST0712,North,Notebook,Stationery,10,212.85,2128.5,Completed,Meera
101638,2025-05-10,CUST0282,North,Pen,Stationery,7,61.49,430.43,Returned,Meera
101639,2025-11-17,CUST0298,North,Notebook,Stationery,1,184.86,184.86,Completed,Rahul
101640,2025-08-03,CUST0230,East,Refrigerator,Home Appliances,7,2553.12,17871.84,Completed,Amit
101641,2025-06-21,CUST1002,East,T-Shirt,Fashion,4,2115.23,8460.92,Completed,Sneha
101642,2025-07-28,CUST1409,East,Backpack,Stationery,4,296.97,1187.88,Completed,Meera
101643,2025-09-16,CUST0221,South,Television,Home Appliances,4,14607.84,58431.36,Completed,Priya
101644,2025-04-18,CUST1110,East,T-Shirt,Fashion,7,1048.0,7336.0,Returned,Neha
101645,2025-04-17,CUST0381,East,Laptop,Electronics,1,1831.03,1831.03,Completed,Meera
101646,2025-01-06,CUST1430,North,Keyboard,Electronics,6,3477.13,20862.78,Completed,Sneha
101647,2025-09-02,CUST1301,East,Washing Machine,Home Appliances,7,12765.9,89361.3,Completed,Amit
101648,2025-12-25,CUST0970,South,Pen,Stationery,6,34.9,209.4,Cancelled,Priya
101649,2025-07-14,CUST0080,South,Pen,Stationery,8,497.43,3979.44,Cancelled,Priya
101650,2025-05-06,CUST1484,East,Pen,Stationery,9,64.18,577.62,Completed,Sneha
101651,2025-06-08,CUST1132,South,Television,Home Appliances,8,1652.5,13220.0,Completed,Arjun
101652,2025-12-12,CUST0058,South,Laptop,Electronics,3,3170.43,9511.29,Completed,Rahul
101653,2025-10-02,CUST1339,East,Pen,Stationery,10,206.33,2063.3,Completed,Priya
101654,2025-03-25,CUST0082,North,Notebook,Stationery,8,160.83,1286.64,Completed,Arjun
101655,2025-09-06,CUST0511,East,Smartphone,Electronics,2,1396.05,2792.1,Completed,Rahul
101656,2025-06-24,CUST1399,South,Book,Stationery,5,107.69,538.45,Completed,Meera
101657,2025-11-06,CUST1153,East,Laptop,Electronics,3,1126.42,3379.26,Completed,Sneha
101658,2025-07-08,CUST1301,East,Book,Stationery,9,450.89,4058.01,Completed,Amit
101659,2025-02-04,CUST0134,East,Jacket,Fashion,9,2165.73,19491.57,Completed,Sneha
101660,2025-03-12,CUST0248,East,Backpack,Stationery,9,461.25,4151.25,Completed,Rahul
101661,2025-05-15,CUST0979,East,Washing Machine,Home Appliances,9,8093.02,72837.18,Returned,Rahul
101662,2025-04-14,CUST0302,North,Book,Stationery,9,39.08,351.72,Completed,Arjun
101663,2025-01-07,CUST0231,North,Headphones,Electronics,1,2795.88,2795.88,Completed,Amit
101664,2025-09-03,CUST0438,West,T-Shirt,Fashion,6,2778.05,16668.3,Completed,Meera
101665,2025-10-11,CUST1298,East,Notebook,Stationery,2,102.76,205.52,Completed,Rahul
101666,2025-02-07,CUST1160,West,Refrigerator,Home Appliances,8,10754.31,86034.48,Completed,Arjun
101667,2025-08-10,CUST0088,North,T-Shirt,Fashion,5,1337.9,6689.5,Cancelled,Amit
101668,2025-11-07,CUST0461,West,Television,Home Appliances,6,8424.75,50548.5,Completed,Arjun
101669,2025-09-12,CUST0154,South,Refrigerator,Home Appliances,10,10903.91,109039.1,Completed,Arjun
101670,2025-03-16,CUST1314,East,Mouse,Electronics,2,3670.13,7340.26,Completed,Arjun
101671,2025-10-02,CUST1240,North,Jacket,Fashion,6,1049.79,6298.74,Returned,Meera
101672,2025-12-16,CUST1240,West,Backpack,Stationery,10,353.72,3537.2,Completed,Priya
101673,2025-11-20,CUST0129,North,Pen,Stationery,9,268.16,2413.44,Completed,Karan
101674,2025-06-15,CUST0491,West,T-Shirt,Fashion,6,2795.1,16770.6,Completed,Karan
101675,2025-05-23,CUST0541,South,Washing Machine,Home Appliances,9,13845.9,124613.1,Completed,Neha
101676,2025-12-18,CUST0741,North,Television,Home Appliances,5,4609.35,23046.75,Completed,Meera
101677,2025-04-16,CUST1225,North,Refrigerator,Home Appliances,5,13133.31,65666.55,Completed,Meera
101678,2025-05-19,CUST1164,South,T-Shirt,Fashion,7,1556.16,10893.12,Completed,Rahul
101679,2025-07-12,CUST1128,South,Shoes,Fashion,5,548.4,2742.0,Completed,Neha
101680,2025-10-09,CUST1196,North,Jacket,Fashion,8,2817.3,22538.4,Completed,Arjun
101681,2025-11-18,CUST1003,East,Washing Machine,Home Appliances,1,19649.98,19649.98,Completed,Arjun
101682,2025-07-05,CUST0112,East,Shoes,Fashion,3,707.09,2121.27,Cancelled,Karan
101683,2025-02-19,CUST1407,South,Mouse,Electronics,9,1707.86,15370.74,Completed,Amit
101684,2025-05-22,CUST0583,South,Laptop,Electronics,6,4895.76,29374.56,Completed,Neha
101685,2025-10-11,CUST1197,North,Jeans,Fashion,4,624.77,2499.08,Cancelled,Rahul
101686,2025-03-24,CUST0187,North,Notebook,Stationery,9,315.82,2842.38,Cancelled,Priya
101687,2025-08-24,CUST1249,West,Smartphone,Electronics,7,1494.38,10460.66,Cancelled,Neha
101688,2025-06-07,CUST0892,South,Shoes,Fashion,1,868.56,868.56,Completed,Neha
101689,2025-08-15,CUST0308,South,Laptop,Electronics,7,3705.91,25941.37,Cancelled,Arjun
101690,2025-12-11,CUST1007,South,Mouse,Electronics,5,1423.08,7115.4,Cancelled,Sneha
101691,2025-07-18,CUST0906,West,Shoes,Fashion,8,1621.17,12969.36,Completed,Priya
101692,2025-06-10,CUST0724,South,Notebook,Stationery,7,119.42,835.94,Completed,Karan
101693,2025-01-13,CUST1406,West,Washing Machine,Home Appliances,10,17676.88,176768.8,Completed,Priya
101694,2025-07-04,CUST0781,East,Book,Stationery,7,294.4,2060.8,Completed,Meera
101695,2025-04-28,CUST0552,North,Book,Stationery,7,142.36,996.52,Returned,Karan
101696,2025-10-27,CUST1321,West,Notebook,Stationery,3,125.19,375.57,Cancelled,Arjun
101697,2025-03-23,CUST0190,East,Shoes,Fashion,4,451.92,1807.68,Completed,Karan
101698,2025-08-12,CUST0571,West,Notebook,Stationery,5,87.98,439.9,Completed,Karan
101699,2025-02-17,CUST1272,East,Television,Home Appliances,2,5404.5,10809.0,Completed,Rahul
101700,2025-05-01,CUST0036,West,Jacket,Fashion,7,2705.78,18940.46,Completed,Priya
101701,2025-04-02,CUST1094,East,Laptop,Electronics,5,4177.8,20889.0,Cancelled,Sneha
101702,2025-05-06,CUST0018,North,Refrigerator,Home Appliances,9,18710.85,168397.65,Cancelled,Karan
101703,2025-07-21,CUST0277,West,Mouse,Electronics,9,4526.77,40740.93,Completed,Rahul
101704,2025-10-21,CUST0572,South,Refrigerator,Home Appliances,10,16851.32,168513.2,Completed,Rahul
101705,2025-01-22,CUST0138,South,Smartphone,Electronics,3,3380.61,10141.83,Completed,Karan
101706,2025-07-26,CUST1076,South,Backpack,Stationery,7,284.15,1989.05,Returned,Sneha
101707,2025-03-27,CUST1031,South,Pen,Stationery,9,469.7,4227.3,Completed,Amit
101708,2025-06-02,CUST0237,South,Refrigerator,Home Appliances,10,19899.58,198995.8,Completed,Karan
101709,2025-01-09,CUST0442,South,Shoes,Fashion,6,1564.22,9385.32,Cancelled,Rahul
101710,2025-03-14,CUST0034,West,Notebook,Stationery,5,210.25,1051.25,Returned,Karan
101711,2025-07-10,CUST0420,South,Backpack,Stationery,8,362.19,2897.52,Completed,Amit
101712,2025-01-28,CUST0718,South,Refrigerator,Home Appliances,2,6612.94,13225.88,Returned,Arjun
101713,2025-09-20,CUST1130,South,Mouse,Electronics,5,2096.48,10482.4,Completed,Meera
101714,2025-09-17,CUST0340,East,Headphones,Electronics,6,1370.66,8223.96,Returned,Rahul
101715,2025-11-19,CUST1068,North,Shoes,Fashion,1,1626.62,1626.62,Completed,Arjun
101716,2025-05-26,CUST0754,East,Jacket,Fashion,6,1940.96,11645.76,Cancelled,Priya
101717,2025-01-19,CUST1365,East,Backpack,Stationery,7,386.55,2705.85,Returned,Rahul
101718,2025-11-22,CUST0548,West,Pen,Stationery,8,371.1,2968.8,Completed,Neha
101719,2025-04-23,CUST0086,East,Mouse,Electronics,7,1740.92,12186.44,Completed,Rahul
101720,2025-03-19,CUST0875,North,Washing Machine,Home Appliances,10,4679.62,46796.2,Returned,Neha
101721,2025-05-16,CUST1490,South,Laptop,Electronics,3,4364.78,13094.34,Cancelled,Neha
101722,2025-12-09,CUST0942,North,Notebook,Stationery,8,74.83,598.64,Completed,Sneha
101723,2025-06-19,CUST1294,North,Pen,Stationery,10,288.11,2881.1,Completed,Karan
101724,2025-05-20,CUST0673,North,Refrigerator,Home Appliances,1,9243.59,9243.59,Completed,Arjun
101725,2025-05-12,CUST0219,West,Mouse,Electronics,5,4107.53,20537.65,Completed,Neha
101726,2025-12-24,CUST1111,North,Washing Machine,Home Appliances,3,18594.98,55784.94,Completed,Arjun
101727,2025-03-25,CUST1277,South,Pen,Stationery,5,58.94,294.7,Returned,Priya
101728,2025-08-10,CUST0316,South,Shoes,Fashion,7,1336.59,9356.13,Completed,Amit
101729,2025-09-07,CUST1008,South,Jeans,Fashion,2,1062.42,2124.84,Completed,Arjun
101730,2025-03-26,CUST0689,West,Notebook,Stationery,5,136.75,683.75,Completed,Arjun
101731,2025-01-05,CUST0308,South,Laptop,Electronics,2,870.4,1740.8,Completed,Priya
101732,2025-01-17,CUST0274,North,Refrigerator,Home Appliances,1,9952.95,9952.95,Returned,Sneha
101733,2025-06-08,CUST0677,East,Shoes,Fashion,1,662.62,662.62,Completed,Priya
101734,2025-04-09,CUST0349,South,Mouse,Electronics,1,4196.43,4196.43,Cancelled,Meera
101735,2025-09-27,CUST0147,North,Headphones,Electronics,10,1811.43,18114.3,Completed,Meera
101736,2025-11-07,CUST0459,North,T-Shirt,Fashion,9,469.14,4222.26,Completed,Sneha
101737,2025-07-03,CUST1043,North,Television,Home Appliances,8,16395.15,131161.2,Completed,Arjun
101738,2025-04-18,CUST0493,South,Notebook,Stationery,5,339.8,1699.0,Completed,Rahul
101739,2025-03-02,CUST0303,East,Laptop,Electronics,1,3144.57,3144.57,Returned,Rahul
101740,2025-06-20,CUST1409,North,Television,Home Appliances,2,6367.03,12734.06,Completed,Meera
101741,2025-12-09,CUST1376,North,Backpack,Stationery,2,466.34,932.68,Returned,Neha
101742,2025-04-09,CUST0707,East,Book,Stationery,6,95.13,570.78,Completed,Karan
101743,2025-07-23,CUST1453,North,Notebook,Stationery,8,242.48,1939.84,Completed,Sneha
101744,2025-04-05,CUST0016,West,Pen,Stationery,10,436.7,4367.0,Returned,Arjun
101745,2025-03-13,CUST0492,South,Keyboard,Electronics,6,1166.75,7000.5,Returned,Neha
101746,2025-11-20,CUST0739,North,Washing Machine,Home Appliances,1,15646.34,15646.34,Cancelled,Sneha
101747,2025-09-14,CUST0414,West,Shoes,Fashion,2,1551.84,3103.68,Completed,Karan
101748,2025-01-21,CUST0932,North,Notebook,Stationery,7,389.46,2726.22,Completed,Meera
101749,2025-10-29,CUST1285,East,Headphones,Electronics,6,580.62,3483.72,Completed,Arjun
101750,2025-04-25,CUST0921,North,Notebook,Stationery,6,420.71,2524.26,Completed,Amit
101751,2025-05-16,CUST0009,West,Television,Home Appliances,10,5828.7,58287.0,Completed,Meera
101752,2025-02-08,CUST0561,South,Washing Machine,Home Appliances,1,9170.2,9170.2,Completed,Karan
101753,2025-12-05,CUST1132,North,Keyboard,Electronics,10,1460.37,14603.7,Cancelled,Neha
101754,2025-04-13,CUST0030,South,Pen,Stationery,3,281.63,844.89,Completed,Neha
101755,2025-05-13,CUST0347,North,Book,Stationery,2,82.34,164.68,Completed,Arjun
101756,2025-07-05,CUST0200,North,Washing Machine,Home Appliances,4,14854.07,59416.28,Completed,Priya
101757,2025-01-02,CUST0491,East,Smartphone,Electronics,2,4338.64,8677.28,Cancelled,Karan
101758,2025-09-14,CUST1095,South,Refrigerator,Home Appliances,8,7413.07,59304.56,Completed,Meera
101759,2025-06-30,CUST0362,South,Shoes,Fashion,6,2409.2,14455.2,Cancelled,Karan
101760,2025-03-25,CUST0299,North,Mouse,Electronics,2,4964.55,9929.1,Completed,Neha
101761,2025-07-19,CUST0886,East,Pen,Stationery,1,183.29,183.29,Cancelled,Arjun
101762,2025-09-05,CUST1201,East,Refrigerator,Home Appliances,4,12800.43,51201.72,Returned,Neha
101763,2025-07-08,CUST0408,East,Backpack,Stationery,7,174.66,1222.62,Completed,Neha
101764,2025-12-07,CUST0763,North,Mouse,Electronics,6,577.05,3462.3,Completed,Amit
101765,2025-02-19,CUST1218,East,Jacket,Fashion,2,575.42,1150.84,Completed,Meera
101766,2025-01-17,CUST1307,North,Pen,Stationery,2,319.97,639.94,Completed,Arjun
101767,2025-06-03,CUST1362,West,Shoes,Fashion,2,353.76,707.52,Completed,Arjun
101768,2025-02-08,CUST1088,North,Washing Machine,Home Appliances,6,17145.0,102870.0,Completed,Karan
101769,2025-05-26,CUST0672,West,Jacket,Fashion,1,273.21,273.21,Completed,Rahul
101770,2025-05-16,CUST0684,North,Headphones,Electronics,2,928.21,1856.42,Cancelled,Rahul
101771,2025-05-22,CUST0638,East,Television,Home Appliances,2,5398.87,10797.74,Cancelled,Karan
101772,2025-01-21,CUST0639,South,Shoes,Fashion,7,2306.45,16145.15,Completed,Sneha
101773,2025-10-29,CUST0009,East,Shoes,Fashion,3,392.49,1177.47,Cancelled,Amit
101774,2025-05-16,CUST0326,West,Pen,Stationery,7,280.14,1960.98,Completed,Rahul
101775,2025-02-23,CUST1292,East,Television,Home Appliances,10,14313.25,143132.5,Completed,Rahul
101776,2025-07-28,CUST0011,North,Television,Home Appliances,9,5533.14,49798.26,Completed,Neha
101777,2025-11-10,CUST1366,South,Notebook,Stationery,1,226.27,226.27,Completed,Karan
101778,2025-07-30,CUST1185,North,T-Shirt,Fashion,7,2926.42,20484.94,Completed,Priya
101779,2025-02-28,CUST0831,West,Pen,Stationery,10,258.89,2588.9,Completed,Rahul
101780,2025-12-10,CUST0510,West,Television,Home Appliances,10,3279.57,32795.7,Completed,Neha
101781,2025-12-17,CUST0809,West,Television,Home Appliances,1,14893.8,14893.8,Returned,Karan
101782,2025-02-26,CUST1426,East,Mouse,Electronics,1,3433.34,3433.34,Completed,Sneha
101783,2025-11-28,CUST0253,North,Washing Machine,Home Appliances,3,3792.76,11378.28,Completed,Arjun
101784,2025-11-22,CUST0299,West,Pen,Stationery,8,338.3,2706.4,Completed,Neha
101785,2025-08-12,CUST0101,North,Washing Machine,Home Appliances,8,19033.72,152269.76,Completed,Meera
101786,2025-09-26,CUST0593,West,Refrigerator,Home Appliances,1,15218.16,15218.16,Completed,Karan
101787,2025-01-08,CUST0970,East,Washing Machine,Home Appliances,5,4364.14,21820.7,Completed,Sneha
101788,2025-05-22,CUST0977,South,T-Shirt,Fashion,8,762.59,6100.72,Completed,Meera
101789,2025-05-01,CUST1322,South,Washing Machine,Home Appliances,3,1325.77,3977.31,Completed,Rahul
101790,2025-12-20,CUST0203,North,Headphones,Electronics,6,2849.13,17094.78,Cancelled,Karan
101791,2025-02-24,CUST0495,North,Book,Stationery,2,292.23,584.46,Completed,Neha
101792,2025-01-02,CUST0306,East,Television,Home Appliances,8,19571.58,156572.64,Completed,Arjun
101793,2025-02-25,CUST0628,South,Shoes,Fashion,8,741.57,5932.56,Completed,Karan
101794,2025-11-05,CUST1158,North,Television,Home Appliances,7,13726.89,96088.23,Completed,Meera
101795,2025-06-22,CUST0731,South,Refrigerator,Home Appliances,6,1870.27,11221.62,Cancelled,Sneha
101796,2025-01-09,CUST1413,East,Notebook,Stationery,7,479.6,3357.2,Completed,Rahul
101797,2025-07-31,CUST1096,East,Washing Machine,Home Appliances,1,4894.23,4894.23,Completed,Meera
101798,2025-02-19,CUST0075,North,Refrigerator,Home Appliances,4,5150.94,20603.76,Completed,Arjun
101799,2025-04-18,CUST0192,North,Headphones,Electronics,10,4504.11,45041.1,Returned,Priya
101800,2025-11-19,CUST0494,East,Headphones,Electronics,10,2916.01,29160.1,Completed,Karan
101801,2025-09-08,CUST0444,South,Television,Home Appliances,1,18598.34,18598.34,Cancelled,Priya
101802,2025-10-22,CUST0569,East,Mouse,Electronics,10,1531.98,15319.8,Completed,Sneha
101803,2025-01-14,CUST0200,East,Jacket,Fashion,9,2148.63,19337.67,Completed,Neha
101804,2025-04-02,CUST0402,West,Refrigerator,Home Appliances,4,15012.03,60048.12,Completed,Karan
101805,2025-03-10,CUST0065,East,Book,Stationery,8,128.3,1026.4,Completed,Neha
101806,2025-02-02,CUST0326,South,Jeans,Fashion,7,631.0,4417.0,Completed,Rahul
101807,2025-08-04,CUST0223,East,Shoes,Fashion,9,690.27,6212.43,Cancelled,Neha
101808,2025-04-28,CUST1433,West,Smartphone,Electronics,7,987.98,6915.86,Completed,Sneha
101809,2025-10-18,CUST0442,South,Notebook,Stationery,10,275.77,2757.7,Completed,Meera
101810,2025-01-11,CUST0402,South,Jeans,Fashion,5,1897.59,9487.95,Completed,Meera
101811,2025-03-06,CUST0111,West,Mouse,Electronics,2,4084.71,8169.42,Completed,Priya
101812,2025-03-11,CUST0109,West,Backpack,Stationery,10,361.98,3619.8,Completed,Neha
101813,2025-11-07,CUST1114,East,Refrigerator,Home Appliances,1,10659.9,10659.9,Completed,Priya
101814,2025-10-09,CUST0279,West,Shoes,Fashion,5,931.19,4655.95,Completed,Meera
101815,2025-02-15,CUST1061,West,Refrigerator,Home Appliances,4,14276.73,57106.92,Completed,Priya
101816,2025-12-15,CUST0566,North,Book,Stationery,6,241.23,1447.38,Completed,Amit
101817,2025-03-26,CUST1305,East,Laptop,Electronics,1,876.35,876.35,Completed,Neha
101818,2025-10-03,CUST1327,North,Book,Stationery,8,396.15,3169.2,Completed,Amit
101819,2025-02-28,CUST1033,North,Washing Machine,Home Appliances,6,8201.86,49211.16,Cancelled,Karan
101820,2025-11-04,CUST1369,South,Refrigerator,Home Appliances,9,16442.55,147982.95,Completed,Priya
101821,2025-01-22,CUST0644,South,Refrigerator,Home Appliances,5,10526.89,52634.45,Completed,Arjun
101822,2025-01-02,CUST1356,North,Book,Stationery,1,307.62,307.62,Cancelled,Arjun
101823,2025-09-22,CUST0564,West,Jeans,Fashion,2,1212.11,2424.22,Completed,Priya
101824,2025-09-19,CUST0467,North,Washing Machine,Home Appliances,3,16156.3,48468.9,Completed,Amit
101825,2025-07-12,CUST1495,East,Jeans,Fashion,3,2398.39,7195.17,Completed,Amit
101826,2025-07-30,CUST1234,South,Book,Stationery,7,119.8,838.6,Completed,Amit
101827,2025-01-25,CUST0251,South,Refrigerator,Home Appliances,2,2153.52,4307.04,Completed,Priya
101828,2025-11-26,CUST0364,South,Headphones,Electronics,5,4829.68,24148.4,Completed,Neha
101829,2025-02-02,CUST0819,North,Washing Machine,Home Appliances,4,11038.1,44152.4,Completed,Priya
101830,2025-06-01,CUST1487,West,Television,Home Appliances,7,12762.42,89336.94,Completed,Karan
101831,2025-08-03,CUST1469,West,Pen,Stationery,3,29.94,89.82,Completed,Arjun
101832,2025-05-09,CUST0169,South,Refrigerator,Home Appliances,5,19254.7,96273.5,Cancelled,Arjun
101833,2025-07-11,CUST0596,East,Jacket,Fashion,3,1193.09,3579.27,Completed,Neha
101834,2025-05-31,CUST0393,East,Jeans,Fashion,9,2112.91,19016.19,Completed,Meera
101835,2025-05-29,CUST1051,East,Pen,Stationery,7,400.21,2801.47,Cancelled,Priya
101836,2025-09-23,CUST0366,North,T-Shirt,Fashion,9,2152.74,19374.66,Completed,Rahul
101837,2025-12-18,CUST1309,East,Book,Stationery,6,38.02,228.12,Returned,Karan
101838,2025-07-01,CUST0398,North,Refrigerator,Home Appliances,4,4969.81,19879.24,Completed,Priya
101839,2025-02-16,CUST0194,South,Notebook,Stationery,3,406.86,1220.58,Completed,Priya
101840,2025-02-16,CUST1293,West,Mouse,Electronics,4,1584.93,6339.72,Completed,Rahul
101841,2025-07-28,CUST0072,East,Pen,Stationery,4,38.82,155.28,Returned,Meera
101842,2025-09-14,CUST0834,East,Jacket,Fashion,2,1492.8,2985.6,Completed,Rahul
101843,2025-06-21,CUST0850,East,Refrigerator,Home Appliances,1,12135.72,12135.72,Completed,Amit
101844,2025-11-23,CUST1440,South,Television,Home Appliances,7,7343.19,51402.33,Completed,Karan
101845,2025-12-15,CUST0438,South,Keyboard,Electronics,1,4470.27,4470.27,Completed,Sneha
101846,2025-02-06,CUST0253,North,Refrigerator,Home Appliances,2,6913.33,13826.66,Completed,Karan
101847,2025-06-25,CUST0055,West,Refrigerator,Home Appliances,7,11067.88,77475.16,Cancelled,Arjun
101848,2025-11-07,CUST1233,West,Refrigerator,Home Appliances,3,18890.4,56671.2,Completed,Meera
101849,2025-02-17,CUST0523,East,Jeans,Fashion,6,1371.15,8226.9,Completed,Karan
101850,2025-01-22,CUST0752,East,Television,Home Appliances,9,8737.71,78639.39,Cancelled,Sneha
101851,2025-01-24,CUST1064,East,Washing Machine,Home Appliances,7,9144.72,64013.04,Completed,Rahul
101852,2025-01-29,CUST1066,West,Book,Stationery,1,473.05,473.05,Completed,Arjun
101853,2025-08-22,CUST0149,North,Laptop,Electronics,7,1192.96,8350.72,Returned,Neha
101854,2025-06-24,CUST0729,East,Smartphone,Electronics,4,1643.12,6572.48,Cancelled,Rahul
101855,2025-09-06,CUST0870,West,Book,Stationery,8,320.66,2565.28,Completed,Karan
101856,2025-10-11,CUST0011,South,Shoes,Fashion,2,877.88,1755.76,Cancelled,Sneha
101857,2025-10-09,CUST1083,West,T-Shirt,Fashion,8,2615.93,20927.44,Completed,Neha
101858,2025-03-05,CUST0110,East,Television,Home Appliances,6,12675.66,76053.96,Completed,Meera
101859,2025-10-17,CUST1190,East,Mouse,Electronics,1,2783.3,2783.3,Cancelled,Karan
101860,2025-10-26,CUST0340,South,Refrigerator,Home Appliances,8,19845.99,158767.92,Cancelled,Arjun
101861,2025-11-04,CUST1495,South,Pen,Stationery,9,328.04,2952.36,Completed,Karan
101862,2025-11-23,CUST1165,West,Television,Home Appliances,6,12006.31,72037.86,Completed,Priya
101863,2025-10-19,CUST1268,West,Shoes,Fashion,9,2684.55,24160.95,Returned,Neha
101864,2025-03-14,CUST0881,South,Smartphone,Electronics,4,1824.94,7299.76,Completed,Amit
101865,2025-07-23,CUST1312,East,Book,Stationery,9,247.03,2223.27,Completed,Arjun
101866,2025-06-08,CUST1151,West,Keyboard,Electronics,3,3871.74,11615.22,Completed,Neha
101867,2025-09-24,CUST0284,East,Jeans,Fashion,4,2715.86,10863.44,Cancelled,Karan
101868,2025-03-02,CUST0292,South,Headphones,Electronics,7,4492.77,31449.39,Completed,Rahul
101869,2025-08-11,CUST1354,North,Pen,Stationery,9,344.75,3102.75,Completed,Arjun
101870,2025-04-21,CUST0031,South,Pen,Stationery,7,322.57,2257.99,Cancelled,Priya
101871,2025-06-22,CUST0247,North,Refrigerator,Home Appliances,9,6960.2,62641.8,Cancelled,Karan
101872,2025-06-09,CUST1043,North,Notebook,Stationery,4,302.05,1208.2,Completed,Amit
101873,2025-01-01,CUST0014,South,Smartphone,Electronics,8,3885.5,31084.0,Completed,Arjun
101874,2025-07-18,CUST1032,West,Laptop,Electronics,2,4251.7,8503.4,Completed,Neha
101875,2025-07-12,CUST1081,East,Shoes,Fashion,1,2846.96,2846.96,Completed,Karan
101876,2025-06-14,CUST0112,South,Headphones,Electronics,10,829.23,8292.3,Completed,Rahul
101877,2025-11-18,CUST0295,East,Television,Home Appliances,8,13199.39,105595.12,Completed,Neha
101878,2025-08-14,CUST0907,North,Jeans,Fashion,1,2708.01,2708.01,Completed,Amit
101879,2025-07-30,CUST1376,West,Notebook,Stationery,7,386.22,2703.54,Completed,Sneha
101880,2025-09-09,CUST1485,South,Mouse,Electronics,2,3856.38,7712.76,Returned,Amit
101881,2025-05-15,CUST0047,South,Television,Home Appliances,10,2269.09,22690.9,Returned,Karan
101882,2025-04-29,CUST0183,West,Smartphone,Electronics,4,1412.0,5648.0,Returned,Sneha
101883,2025-07-25,CUST0223,South,T-Shirt,Fashion,4,1165.28,4661.12,Completed,Priya
101884,2025-03-26,CUST1389,East,Book,Stationery,4,427.78,1711.12,Completed,Rahul
101885,2025-08-05,CUST0488,North,Keyboard,Electronics,2,1484.92,2969.84,Completed,Meera
101886,2025-08-18,CUST0153,North,Jacket,Fashion,2,733.08,1466.16,Completed,Amit
101887,2025-07-22,CUST0603,East,Television,Home Appliances,6,1907.93,11447.58,Returned,Priya
101888,2025-05-02,CUST0926,West,Pen,Stationery,5,497.57,2487.85,Completed,Priya
101889,2025-03-14,CUST0949,South,Backpack,Stationery,9,71.98,647.82,Completed,Rahul
101890,2025-11-24,CUST0189,South,Refrigerator,Home Appliances,1,16845.2,16845.2,Cancelled,Rahul
101891,2025-08-03,CUST0352,North,Smartphone,Electronics,5,2837.41,14187.05,Completed,Meera
101892,2025-04-29,CUST1105,West,Notebook,Stationery,7,435.96,3051.72,Cancelled,Rahul
101893,2025-10-21,CUST0921,East,Jacket,Fashion,1,1147.72,1147.72,Completed,Arjun
101894,2025-02-01,CUST0825,South,Book,Stationery,8,249.59,1996.72,Completed,Arjun
101895,2025-07-12,CUST1108,West,Refrigerator,Home Appliances,6,15526.18,93157.08,Completed,Rahul
101896,2025-03-23,CUST0177,South,Refrigerator,Home Appliances,6,7229.92,43379.52,Completed,Sneha
101897,2025-02-23,CUST1407,North,Headphones,Electronics,9,4949.93,44549.37,Completed,Rahul
101898,2025-10-20,CUST0285,North,Mouse,Electronics,3,827.39,2482.17,Completed,Meera
101899,2025-12-16,CUST0550,West,Mouse,Electronics,10,2904.17,29041.7,Completed,Karan
101900,2025-01-20,CUST0678,East,Smartphone,Electronics,3,4514.79,13544.37,Returned,Neha
101901,2025-11-28,CUST0267,North,Pen,Stationery,9,485.15,4366.35,Cancelled,Sneha
101902,2025-11-17,CUST1118,South,Laptop,Electronics,5,2060.51,10302.55,Returned,Amit
101903,2025-05-01,CUST1115,South,Book,Stationery,6,463.35,2780.1,Completed,Meera
101904,2025-11-12,CUST0926,North,Television,Home Appliances,3,1498.14,4494.42,Completed,Priya
101905,2025-09-10,CUST0788,West,Keyboard,Electronics,8,3246.94,25975.52,Cancelled,Arjun
101906,2025-10-23,CUST0402,South,Notebook,Stationery,3,173.66,520.98,Returned,Amit
101907,2025-12-16,CUST1281,West,Shoes,Fashion,7,2001.94,14013.58,Completed,Karan
101908,2025-11-14,CUST0680,South,Headphones,Electronics,7,2214.23,15499.61,Completed,Amit
101909,2025-04-01,CUST0702,North,Smartphone,Electronics,5,4548.95,22744.75,Completed,Rahul
101910,2025-03-13,CUST0723,North,Backpack,Stationery,10,209.15,2091.5,Completed,Neha
101911,2025-05-18,CUST0802,West,Television,Home Appliances,9,15047.85,135430.65,Cancelled,Neha
101912,2025-02-10,CUST1402,North,Headphones,Electronics,7,1239.9,8679.3,Completed,Sneha
101913,2025-10-22,CUST0352,South,Notebook,Stationery,6,206.76,1240.56,Returned,Neha
101914,2025-12-18,CUST0758,East,Washing Machine,Home Appliances,9,12550.81,112957.29,Completed,Priya
101915,2025-11-27,CUST1003,North,Pen,Stationery,6,32.32,193.92,Returned,Sneha
101916,2025-12-15,CUST0589,North,Mouse,Electronics,6,3901.95,23411.7,Completed,Neha
101917,2025-02-08,CUST0232,South,Shoes,Fashion,9,2508.12,22573.08,Completed,Rahul
101918,2025-06-20,CUST1192,West,Smartphone,Electronics,9,4248.61,38237.49,Completed,Amit
101919,2025-02-15,CUST0667,North,Headphones,Electronics,4,2275.39,9101.56,Completed,Sneha
101920,2025-03-30,CUST0750,West,T-Shirt,Fashion,2,806.47,1612.94,Cancelled,Meera
101921,2025-06-12,CUST0094,East,Smartphone,Electronics,7,2512.97,17590.79,Returned,Karan
101922,2025-02-14,CUST0073,North,Television,Home Appliances,2,6386.1,12772.2,Completed,Arjun
101923,2025-01-31,CUST1240,West,Mouse,Electronics,9,2627.99,23651.91,Cancelled,Amit
101924,2025-09-21,CUST1079,North,Jeans,Fashion,3,858.03,2574.09,Completed,Rahul
101925,2025-06-16,CUST1196,South,Jacket,Fashion,7,363.43,2544.01,Cancelled,Meera
101926,2025-03-12,CUST1010,North,Pen,Stationery,5,434.04,2170.2,Completed,Karan
101927,2025-06-12,CUST1460,North,Jacket,Fashion,6,2430.49,14582.94,Completed,Rahul
101928,2025-08-08,CUST0681,East,Shoes,Fashion,2,2474.77,4949.54,Completed,Amit
101929,2025-07-10,CUST1310,West,Laptop,Electronics,3,4107.3,12321.9,Completed,Neha
101930,2025-03-01,CUST0668,North,Smartphone,Electronics,3,3391.93,10175.79,Completed,Amit
101931,2025-04-15,CUST1298,South,Jeans,Fashion,8,294.61,2356.88,Completed,Rahul
101932,2025-09-24,CUST1075,South,Headphones,Electronics,5,1779.63,8898.15,Completed,Meera
101933,2025-11-23,CUST0904,North,Washing Machine,Home Appliances,4,9038.37,36153.48,Completed,Rahul
101934,2025-12-27,CUST0344,North,Smartphone,Electronics,6,4306.83,25840.98,Completed,Priya
101935,2025-02-24,CUST0274,West,Refrigerator,Home Appliances,9,16346.85,147121.65,Cancelled,Rahul
101936,2025-11-27,CUST0015,North,Television,Home Appliances,3,17694.62,53083.86,Completed,Amit
101937,2025-08-01,CUST0538,South,Book,Stationery,2,269.4,538.8,Completed,Meera
101938,2025-08-30,CUST0828,East,Shoes,Fashion,9,662.17,5959.53,Completed,Rahul
101939,2025-05-14,CUST0744,North,Washing Machine,Home Appliances,8,9820.97,78567.76,Completed,Arjun
101940,2025-11-13,CUST0185,South,Television,Home Appliances,1,7183.25,7183.25,Completed,Neha
101941,2025-04-04,CUST1472,South,Keyboard,Electronics,1,2972.18,2972.18,Returned,Meera
101942,2025-04-12,CUST0908,West,Refrigerator,Home Appliances,8,14062.17,112497.36,Returned,Rahul
101943,2025-10-23,CUST1161,West,Headphones,Electronics,3,1276.45,3829.35,Completed,Rahul
101944,2025-10-27,CUST0155,North,Keyboard,Electronics,6,3457.61,20745.66,Completed,Rahul
101945,2025-12-26,CUST0501,West,Refrigerator,Home Appliances,6,13413.07,80478.42,Completed,Karan
101946,2025-11-27,CUST0949,South,Jacket,Fashion,2,1569.49,3138.98,Completed,Arjun
101947,2025-05-14,CUST0520,South,T-Shirt,Fashion,1,1798.92,1798.92,Completed,Priya
101948,2025-10-26,CUST0899,East,Washing Machine,Home Appliances,10,16672.51,166725.1,Completed,Rahul
101949,2025-05-07,CUST1366,South,Book,Stationery,3,46.61,139.83,Cancelled,Meera
101950,2025-06-17,CUST0284,West,Smartphone,Electronics,8,3685.63,29485.04,Completed,Amit
101951,2025-01-28,CUST1123,West,Smartphone,Electronics,6,2287.09,13722.54,Completed,Amit
101952,2025-12-18,CUST0954,South,Jacket,Fashion,10,2470.33,24703.3,Completed,Neha
101953,2025-10-01,CUST0808,East,Jeans,Fashion,3,863.03,2589.09,Cancelled,Amit
101954,2025-05-01,CUST0795,East,Refrigerator,Home Appliances,5,19581.81,97909.05,Cancelled,Sneha
101955,2025-03-25,CUST0431,East,Keyboard,Electronics,2,2060.99,4121.98,Completed,Rahul
101956,2025-12-06,CUST0050,East,Television,Home Appliances,10,15236.29,152362.9,Completed,Meera
101957,2025-04-11,CUST0011,South,T-Shirt,Fashion,1,1913.82,1913.82,Returned,Priya
101958,2025-11-08,CUST0236,West,Television,Home Appliances,10,10497.44,104974.4,Completed,Rahul
101959,2025-12-18,CUST1435,South,Refrigerator,Home Appliances,4,3990.69,15962.76,Completed,Rahul
101960,2025-12-11,CUST0183,East,Laptop,Electronics,10,3971.2,39712.0,Completed,Arjun
101961,2025-11-13,CUST1478,East,Smartphone,Electronics,3,688.33,2064.99,Completed,Sneha
101962,2025-04-20,CUST0076,North,Notebook,Stationery,4,464.23,1856.92,Completed,Arjun
101963,2025-12-05,CUST0367,South,Pen,Stationery,4,277.35,1109.4,Completed,Karan
101964,2025-02-16,CUST0583,East,Smartphone,Electronics,5,1292.62,6463.1,Cancelled,Arjun
101965,2025-06-17,CUST0276,West,Washing Machine,Home Appliances,1,11952.16,11952.16,Completed,Arjun
101966,2025-07-07,CUST0717,South,Refrigerator,Home Appliances,10,4679.42,46794.2,Cancelled,Priya
101967,2025-03-07,CUST1423,South,Smartphone,Electronics,10,3182.91,31829.1,Cancelled,Priya
101968,2025-04-08,CUST0869,North,Washing Machine,Home Appliances,2,3695.7,7391.4,Completed,Sneha
101969,2025-01-14,CUST0532,East,Pen,Stationery,3,121.77,365.31,Cancelled,Rahul
101970,2025-08-05,CUST0253,North,Smartphone,Electronics,8,4685.83,37486.64,Completed,Meera
101971,2025-03-27,CUST1227,East,Television,Home Appliances,8,6280.68,50245.44,Completed,Priya
101972,2025-04-27,CUST0267,West,Backpack,Stationery,10,30.74,307.4,Cancelled,Priya
101973,2025-03-23,CUST1402,East,Jeans,Fashion,5,2868.16,14340.8,Completed,Karan
101974,2025-11-12,CUST0744,South,Smartphone,Electronics,1,1061.13,1061.13,Returned,Meera
101975,2025-07-09,CUST0907,North,Jacket,Fashion,5,1944.14,9720.7,Completed,Arjun
101976,2025-02-24,CUST0281,North,Refrigerator,Home Appliances,5,10111.86,50559.3,Completed,Amit
101977,2025-03-02,CUST1054,East,Laptop,Electronics,9,767.29,6905.61,Completed,Amit
101978,2025-05-22,CUST0185,South,Notebook,Stationery,2,235.68,471.36,Completed,Amit
101979,2025-12-10,CUST0751,South,Mouse,Electronics,2,4155.51,8311.02,Completed,Amit
101980,2025-04-11,CUST1042,East,Headphones,Electronics,1,2585.55,2585.55,Completed,Priya
101981,2025-06-20,CUST0164,East,Refrigerator,Home Appliances,8,14539.8,116318.4,Cancelled,Karan
101982,2025-07-25,CUST0359,East,Jeans,Fashion,8,1040.66,8325.28,Completed,Amit
101983,2025-09-30,CUST1082,North,Mouse,Electronics,7,1317.77,9224.39,Completed,Arjun
101984,2025-10-15,CUST0012,North,Jacket,Fashion,1,772.77,772.77,Completed,Neha
101985,2025-08-12,CUST0807,South,Notebook,Stationery,8,462.55,3700.4,Cancelled,Priya
101986,2025-03-12,CUST1433,South,Shoes,Fashion,9,873.53,7861.77,Completed,Amit
101987,2025-06-09,CUST0677,East,Jacket,Fashion,7,1391.58,9741.06,Cancelled,Priya
101988,2025-08-28,CUST0255,North,Keyboard,Electronics,10,2685.44,26854.4,Completed,Karan
101989,2025-10-16,CUST1434,North,Television,Home Appliances,9,2290.95,20618.55,Completed,Sneha
101990,2025-03-30,CUST0087,North,Television,Home Appliances,2,7016.65,14033.3,Completed,Amit
101991,2025-09-28,CUST1010,West,Jacket,Fashion,7,2393.31,16753.17,Completed,Neha
101992,2025-07-15,CUST1235,North,Backpack,Stationery,2,410.56,821.12,Completed,Arjun
101993,2025-01-26,CUST0994,South,Smartphone,Electronics,4,2682.3,10729.2,Completed,Neha
101994,2025-04-18,CUST1411,North,Refrigerator,Home Appliances,6,9300.98,55805.88,Completed,Priya
101995,2025-05-16,CUST0339,South,Book,Stationery,2,361.51,723.02,Cancelled,Rahul
101996,2025-08-24,CUST1108,West,Smartphone,Electronics,8,729.41,5835.28,Completed,Arjun
101997,2025-12-05,CUST1286,North,Smartphone,Electronics,1,3338.71,3338.71,Completed,Priya
101998,2025-11-01,CUST1034,South,Washing Machine,Home Appliances,10,11859.69,118596.9,Returned,Priya
101999,2025-10-03,CUST1032,North,Keyboard,Electronics,1,3789.31,3789.31,Returned,Amit
102000,2025-06-05,CUST1096,West,Mouse,Electronics,7,4523.74,31666.18,Completed,Priya
102001,2025-04-30,CUST1170,South,Pen,Stationery,9,266.31,2396.79,Returned,Sneha
102002,2025-01-14,CUST0532,East,Book,Stationery,9,102.84,925.56,Completed,Sneha
102003,2025-07-14,CUST1154,East,Book,Stationery,3,424.22,1272.66,Completed,Arjun
102004,2025-09-13,CUST1382,North,Laptop,Electronics,3,2799.04,8397.12,Cancelled,Arjun
102005,2025-12-10,CUST0978,East,Washing Machine,Home Appliances,7,11993.32,83953.24,Completed,Sneha
102006,2025-02-15,CUST1190,South,Television,Home Appliances,2,5914.38,11828.76,Completed,Arjun
102007,2025-04-01,CUST0999,North,Keyboard,Electronics,9,3390.47,30514.23,Completed,Neha
102008,2025-08-24,CUST1190,South,Jacket,Fashion,6,499.62,2997.72,Completed,Amit
102009,2025-10-07,CUST0510,North,Pen,Stationery,10,200.63,2006.3,Returned,Arjun
102010,2025-03-19,CUST0133,South,Headphones,Electronics,8,2802.65,22421.2,Completed,Sneha
102011,2025-07-02,CUST1188,West,Keyboard,Electronics,3,1219.13,3657.39,Cancelled,Arjun
102012,2025-10-21,CUST0455,North,T-Shirt,Fashion,1,1607.09,1607.09,Completed,Neha
102013,2025-07-22,CUST0983,West,Keyboard,Electronics,3,4932.56,14797.68,Returned,Meera
102014,2025-02-02,CUST0183,North,Keyboard,Electronics,1,3304.58,3304.58,Completed,Priya
102015,2025-03-25,CUST0419,South,Washing Machine,Home Appliances,10,13161.84,131618.4,Completed,Neha
102016,2025-05-08,CUST0090,North,Backpack,Stationery,1,184.03,184.03,Completed,Priya
102017,2025-07-04,CUST0571,North,Pen,Stationery,1,456.8,456.8,Completed,Karan
102018,2025-11-29,CUST0065,West,Mouse,Electronics,2,2430.13,4860.26,Completed,Karan
102019,2025-02-02,CUST0963,South,Mouse,Electronics,7,2309.29,16165.03,Cancelled,Priya
102020,2025-10-21,CUST1120,East,Television,Home Appliances,5,12296.4,61482.0,Completed,Amit
102021,2025-05-20,CUST0164,South,Backpack,Stationery,9,89.82,808.38,Completed,Priya
102022,2025-07-21,CUST1284,South,Washing Machine,Home Appliances,10,4509.45,45094.5,Returned,Arjun
102023,2025-11-13,CUST1126,South,Television,Home Appliances,10,8520.72,85207.2,Completed,Arjun
102024,2025-05-14,CUST0643,East,Shoes,Fashion,6,1152.8,6916.8,Completed,Rahul
102025,2025-05-07,CUST1428,South,Refrigerator,Home Appliances,8,19899.0,159192.0,Cancelled,Amit
102026,2025-08-05,CUST1399,East,Shoes,Fashion,2,1528.55,3057.1,Completed,Arjun
102027,2025-12-30,CUST1327,West,Washing Machine,Home Appliances,6,5722.5,34335.0,Completed,Karan
102028,2025-09-06,CUST0016,East,Jeans,Fashion,10,356.27,3562.7,Completed,Karan
102029,2025-05-09,CUST0367,East,Washing Machine,Home Appliances,9,19454.22,175087.98,Completed,Arjun
102030,2025-08-09,CUST1019,South,Pen,Stationery,9,314.43,2829.87,Completed,Arjun
102031,2025-06-09,CUST0645,South,T-Shirt,Fashion,1,2496.54,2496.54,Cancelled,Meera
102032,2025-10-20,CUST0923,North,Pen,Stationery,9,448.38,4035.42,Cancelled,Neha
102033,2025-03-08,CUST0497,North,Television,Home Appliances,10,1548.94,15489.4,Completed,Arjun
102034,2025-06-22,CUST1435,North,Notebook,Stationery,3,389.8,1169.4,Completed,Arjun
102035,2025-01-05,CUST1423,South,Jeans,Fashion,4,2790.99,11163.96,Completed,Rahul
102036,2025-08-20,CUST0877,South,Smartphone,Electronics,3,1823.51,5470.53,Completed,Meera
102037,2025-11-10,CUST0138,South,Jacket,Fashion,3,2338.66,7015.98,Completed,Priya
102038,2025-09-15,CUST0515,South,Washing Machine,Home Appliances,2,2753.7,5507.4,Returned,Amit
102039,2025-07-22,CUST0986,South,Laptop,Electronics,8,3149.64,25197.12,Returned,Rahul
102040,2025-07-03,CUST0910,East,Refrigerator,Home Appliances,3,11978.95,35936.85,Returned,Karan
102041,2025-03-26,CUST1308,South,Notebook,Stationery,7,400.41,2802.87,Completed,Priya
102042,2025-04-28,CUST0981,North,Refrigerator,Home Appliances,4,11046.48,44185.92,Completed,Sneha
102043,2025-11-22,CUST0346,North,Book,Stationery,8,285.97,2287.76,Returned,Rahul
102044,2025-12-22,CUST0477,North,T-Shirt,Fashion,2,2080.9,4161.8,Cancelled,Sneha
102045,2025-08-08,CUST0522,North,Shoes,Fashion,1,2092.3,2092.3,Completed,Karan
102046,2025-02-09,CUST0229,West,Pen,Stationery,3,437.54,1312.62,Returned,Rahul
102047,2025-09-09,CUST1398,East,Pen,Stationery,9,315.09,2835.81,Completed,Arjun
102048,2025-12-14,CUST0341,South,Refrigerator,Home Appliances,5,13256.23,66281.15,Completed,Neha
102049,2025-07-01,CUST1463,East,Notebook,Stationery,2,450.91,901.82,Completed,Amit
102050,2025-01-22,CUST0523,North,Mouse,Electronics,7,4830.42,33812.94,Completed,Neha
102051,2025-04-28,CUST0666,West,Keyboard,Electronics,10,4974.48,49744.8,Completed,Neha
102052,2025-12-25,CUST1300,East,T-Shirt,Fashion,5,233.08,1165.4,Completed,Arjun
102053,2025-02-04,CUST0871,North,Backpack,Stationery,9,157.57,1418.13,Returned,Karan
102054,2025-08-07,CUST0110,West,Jeans,Fashion,6,932.63,5595.78,Cancelled,Sneha
102055,2025-08-19,CUST1443,East,Keyboard,Electronics,10,3287.93,32879.3,Completed,Sneha
102056,2025-10-02,CUST0935,North,Television,Home Appliances,10,3343.32,33433.2,Cancelled,Arjun
102057,2025-06-11,CUST0986,West,Notebook,Stationery,10,49.24,492.4,Cancelled,Priya
102058,2025-04-30,CUST0075,East,Jacket,Fashion,3,910.62,2731.86,Cancelled,Arjun
102059,2025-04-15,CUST1141,West,T-Shirt,Fashion,5,570.16,2850.8,Completed,Rahul
102060,2025-03-19,CUST0231,South,Refrigerator,Home Appliances,10,16054.63,160546.3,Completed,Rahul
102061,2025-01-26,CUST1458,West,Refrigerator,Home Appliances,9,17471.75,157245.75,Completed,Priya
102062,2025-03-31,CUST0005,East,Laptop,Electronics,1,1333.01,1333.01,Completed,Arjun
102063,2025-01-16,CUST1041,South,Backpack,Stationery,7,75.01,525.07,Completed,Priya
102064,2025-04-07,CUST0764,South,Mouse,Electronics,2,4180.23,8360.46,Cancelled,Karan
102065,2025-06-13,CUST1331,West,Smartphone,Electronics,9,1802.13,16219.17,Completed,Priya
102066,2025-10-09,CUST1314,West,Keyboard,Electronics,5,2395.13,11975.65,Completed,Karan
102067,2025-04-12,CUST0035,South,Pen,Stationery,2,36.74,73.48,Cancelled,Arjun
102068,2025-05-23,CUST0675,South,Refrigerator,Home Appliances,6,16530.02,99180.12,Completed,Priya
102069,2025-12-09,CUST0799,South,Shoes,Fashion,1,1420.55,1420.55,Completed,Priya
102070,2025-02-14,CUST1452,East,Keyboard,Electronics,6,1845.91,11075.46,Completed,Neha
102071,2025-02-21,CUST0817,North,Shoes,Fashion,8,1716.63,13733.04,Cancelled,Meera
102072,2025-10-15,CUST0399,South,Mouse,Electronics,10,567.7,5677.0,Completed,Neha
102073,2025-10-18,CUST1157,South,T-Shirt,Fashion,7,1696.03,11872.21,Completed,Meera
102074,2025-10-13,CUST1138,East,Mouse,Electronics,4,2929.71,11718.84,Completed,Meera
102075,2025-10-30,CUST0879,West,Headphones,Electronics,1,2169.48,2169.48,Completed,Priya
102076,2025-05-02,CUST0260,East,Backpack,Stationery,1,352.74,352.74,Returned,Rahul
102077,2025-11-20,CUST1070,West,Pen,Stationery,8,427.65,3421.2,Completed,Karan
102078,2025-10-20,CUST0755,West,Mouse,Electronics,1,3924.74,3924.74,Returned,Meera
102079,2025-03-02,CUST0944,South,Jeans,Fashion,9,1080.19,9721.71,Completed,Priya
102080,2025-04-05,CUST0153,East,Washing Machine,Home Appliances,5,8316.83,41584.15,Completed,Rahul
102081,2025-07-26,CUST0283,South,Shoes,Fashion,10,2195.76,21957.6,Completed,Rahul
102082,2025-10-28,CUST0153,South,Television,Home Appliances,8,7351.08,58808.64,Completed,Karan
102083,2025-10-11,CUST0710,North,Jeans,Fashion,3,494.66,1483.98,Completed,Amit
102084,2025-10-23,CUST0290,West,Jacket,Fashion,9,553.97,4985.73,Cancelled,Sneha
102085,2025-01-26,CUST0130,South,Book,Stationery,10,28.67,286.7,Completed,Sneha
102086,2025-04-19,CUST0279,North,Pen,Stationery,1,240.49,240.49,Cancelled,Meera
102087,2025-11-09,CUST0672,North,Television,Home Appliances,3,18471.31,55413.93,Completed,Priya
102088,2025-08-20,CUST0493,East,Notebook,Stationery,3,350.65,1051.95,Completed,Arjun
102089,2025-07-11,CUST0013,South,Keyboard,Electronics,9,4658.88,41929.92,Completed,Sneha
102090,2025-01-01,CUST1251,West,Laptop,Electronics,2,3084.62,6169.24,Cancelled,Priya
102091,2025-01-23,CUST0743,West,Headphones,Electronics,3,2423.32,7269.96,Returned,Meera
102092,2025-01-17,CUST0947,East,Mouse,Electronics,3,1398.24,4194.72,Cancelled,Sneha
102093,2025-12-25,CUST1339,East,Laptop,Electronics,8,1653.92,13231.36,Cancelled,Karan
102094,2025-03-14,CUST1163,South,Jeans,Fashion,4,2470.04,9880.16,Completed,Neha
102095,2025-05-23,CUST0968,East,Pen,Stationery,3,305.69,917.07,Completed,Priya
102096,2025-10-03,CUST0170,West,Washing Machine,Home Appliances,4,16290.7,65162.8,Returned,Priya
102097,2025-06-30,CUST1150,South,Headphones,Electronics,6,704.32,4225.92,Completed,Rahul
102098,2025-07-04,CUST0897,North,Keyboard,Electronics,5,1460.01,7300.05,Completed,Neha
102099,2025-07-27,CUST0560,South,T-Shirt,Fashion,7,1683.83,11786.81,Completed,Arjun
102100,2025-05-09,CUST0614,West,Notebook,Stationery,10,283.02,2830.2,Completed,Rahul
102101,2025-11-19,CUST0611,South,T-Shirt,Fashion,7,2779.18,19454.26,Returned,Amit
102102,2025-08-16,CUST0567,East,Jeans,Fashion,1,1447.45,1447.45,Completed,Meera
102103,2025-07-23,CUST0327,West,Jeans,Fashion,2,1219.82,2439.64,Completed,Amit
102104,2025-06-16,CUST0220,East,Mouse,Electronics,6,4560.41,27362.46,Completed,Karan
102105,2025-02-21,CUST0171,East,Mouse,Electronics,2,4502.67,9005.34,Completed,Arjun
102106,2025-06-01,CUST1443,South,Mouse,Electronics,1,1140.46,1140.46,Completed,Amit
102107,2025-11-14,CUST0760,West,Refrigerator,Home Appliances,1,8716.34,8716.34,Completed,Karan
102108,2025-12-08,CUST0277,West,Smartphone,Electronics,1,4518.36,4518.36,Completed,Sneha
102109,2025-08-02,CUST1433,East,Shoes,Fashion,1,642.14,642.14,Completed,Priya
102110,2025-06-27,CUST1341,North,T-Shirt,Fashion,3,2738.22,8214.66,Completed,Sneha
102111,2025-09-10,CUST0205,South,Keyboard,Electronics,5,697.22,3486.1,Completed,Rahul
102112,2025-10-30,CUST1381,North,Book,Stationery,6,359.98,2159.88,Completed,Neha
102113,2025-05-28,CUST1388,West,Laptop,Electronics,1,4921.55,4921.55,Returned,Amit
102114,2025-05-23,CUST0714,West,Television,Home Appliances,10,3251.83,32518.3,Returned,Neha
102115,2025-05-26,CUST0132,East,Book,Stationery,9,313.56,2822.04,Completed,Priya
102116,2025-11-12,CUST0357,North,Television,Home Appliances,6,17729.5,106377.0,Completed,Neha
102117,2025-07-18,CUST0145,East,Jeans,Fashion,3,327.97,983.91,Completed,Meera
102118,2025-10-08,CUST0121,East,Laptop,Electronics,7,3070.37,21492.59,Completed,Meera
102119,2025-05-04,CUST0981,North,Pen,Stationery,1,393.58,393.58,Completed,Rahul
102120,2025-05-28,CUST0629,North,Television,Home Appliances,4,11835.24,47340.96,Cancelled,Amit
102121,2025-03-22,CUST0685,North,Keyboard,Electronics,8,2563.14,20505.12,Completed,Rahul
102122,2025-07-14,CUST0642,North,Shoes,Fashion,2,1581.04,3162.08,Completed,Arjun
102123,2025-05-11,CUST0377,East,Washing Machine,Home Appliances,2,9728.19,19456.38,Completed,Rahul
102124,2025-02-18,CUST0143,East,Refrigerator,Home Appliances,5,7289.57,36447.85,Completed,Amit
102125,2025-01-03,CUST1305,South,Keyboard,Electronics,1,2102.76,2102.76,Completed,Neha
102126,2025-07-21,CUST0910,West,Smartphone,Electronics,2,897.74,1795.48,Cancelled,Amit
102127,2025-10-16,CUST1140,South,Jeans,Fashion,8,1135.43,9083.44,Completed,Rahul
102128,2025-08-05,CUST0639,West,Smartphone,Electronics,10,3816.26,38162.6,Completed,Neha
102129,2025-12-22,CUST0290,South,Washing Machine,Home Appliances,3,16149.45,48448.35,Completed,Rahul
102130,2025-01-13,CUST1424,West,Headphones,Electronics,8,4924.87,39398.96,Completed,Meera
102131,2025-04-26,CUST1462,East,Laptop,Electronics,6,4288.34,25730.04,Completed,Arjun
102132,2025-03-29,CUST0139,North,Refrigerator,Home Appliances,10,14785.59,147855.9,Returned,Priya
102133,2025-08-11,CUST0218,East,Book,Stationery,6,291.46,1748.76,Completed,Neha
102134,2025-10-29,CUST0641,South,Jeans,Fashion,9,1741.68,15675.12,Completed,Meera
102135,2025-09-22,CUST0092,East,Television,Home Appliances,2,8252.68,16505.36,Cancelled,Sneha
102136,2025-12-25,CUST1237,West,Washing Machine,Home Appliances,9,15546.17,139915.53,Completed,Arjun
102137,2025-03-30,CUST1043,North,Television,Home Appliances,10,10112.25,101122.5,Completed,Karan
102138,2025-09-02,CUST0333,East,Laptop,Electronics,9,1121.46,10093.14,Completed,Neha
102139,2025-03-21,CUST0122,North,T-Shirt,Fashion,4,578.76,2315.04,Completed,Karan
102140,2025-09-26,CUST0225,East,Pen,Stationery,4,370.95,1483.8,Completed,Sneha
102141,2025-11-18,CUST0027,West,Television,Home Appliances,1,13789.4,13789.4,Completed,Neha
102142,2025-03-09,CUST0268,South,Headphones,Electronics,3,1485.58,4456.74,Completed,Rahul
102143,2025-01-22,CUST0268,East,Smartphone,Electronics,6,3730.34,22382.04,Completed,Amit
102144,2025-12-16,CUST0118,North,Pen,Stationery,7,114.58,802.06,Completed,Neha
102145,2025-10-27,CUST0197,West,Backpack,Stationery,8,190.81,1526.48,Completed,Priya
102146,2025-12-16,CUST1405,East,Smartphone,Electronics,10,903.46,9034.6,Completed,Arjun
102147,2025-09-29,CUST0447,East,Smartphone,Electronics,10,3870.83,38708.3,Returned,Amit
102148,2025-02-04,CUST1270,South,T-Shirt,Fashion,9,2499.3,22493.7,Completed,Rahul
102149,2025-01-08,CUST1027,East,Smartphone,Electronics,2,2389.1,4778.2,Completed,Sneha
102150,2025-01-21,CUST0785,West,Backpack,Stationery,8,477.94,3823.52,Completed,Rahul
102151,2025-07-05,CUST0741,East,Mouse,Electronics,9,4118.82,37069.38,Completed,Karan
102152,2025-08-09,CUST0802,West,Jeans,Fashion,1,1434.73,1434.73,Completed,Neha
102153,2025-06-04,CUST1326,South,Television,Home Appliances,7,7532.01,52724.07,Completed,Neha
102154,2025-03-02,CUST0182,North,Refrigerator,Home Appliances,7,3559.1,24913.7,Returned,Karan
102155,2025-06-25,CUST1341,North,Washing Machine,Home Appliances,3,18473.07,55419.21,Completed,Rahul
102156,2025-01-21,CUST1094,South,Mouse,Electronics,9,3363.04,30267.36,Returned,Priya
102157,2025-12-31,CUST0174,South,Notebook,Stationery,4,367.69,1470.76,Completed,Neha
102158,2025-05-25,CUST0944,West,T-Shirt,Fashion,3,2216.46,6649.38,Cancelled,Amit
102159,2025-04-14,CUST0072,West,T-Shirt,Fashion,4,887.46,3549.84,Completed,Sneha
102160,2025-05-17,CUST0758,South,Backpack,Stationery,1,199.45,199.45,Cancelled,Arjun
102161,2025-07-25,CUST1202,North,Jacket,Fashion,6,2428.98,14573.88,Completed,Sneha
102162,2025-10-16,CUST0968,North,Washing Machine,Home Appliances,4,9295.14,37180.56,Completed,Arjun
102163,2025-03-06,CUST0162,West,Keyboard,Electronics,4,4576.75,18307.0,Completed,Sneha
102164,2025-11-13,CUST0628,East,Mouse,Electronics,1,3077.09,3077.09,Cancelled,Rahul
102165,2025-07-10,CUST1180,South,Notebook,Stationery,6,397.53,2385.18,Completed,Meera
102166,2025-05-22,CUST0280,West,Refrigerator,Home Appliances,4,1257.38,5029.52,Completed,Priya
102167,2025-05-27,CUST0108,North,T-Shirt,Fashion,7,543.11,3801.77,Completed,Neha
102168,2025-06-04,CUST0649,North,Refrigerator,Home Appliances,7,16514.98,115604.86,Completed,Amit
102169,2025-08-23,CUST0463,East,Backpack,Stationery,4,335.74,1342.96,Returned,Amit
102170,2025-09-29,CUST0730,West,Mouse,Electronics,2,2730.57,5461.14,Completed,Priya
102171,2025-10-13,CUST0576,North,Headphones,Electronics,9,2509.85,22588.65,Completed,Sneha
102172,2025-09-16,CUST0944,North,T-Shirt,Fashion,7,2689.7,18827.9,Completed,Meera
102173,2025-03-25,CUST1328,East,Laptop,Electronics,8,1372.98,10983.84,Completed,Arjun
102174,2025-08-25,CUST0928,West,T-Shirt,Fashion,4,2733.82,10935.28,Completed,Arjun
102175,2025-01-02,CUST0229,North,Jacket,Fashion,4,745.94,2983.76,Returned,Amit
102176,2025-02-02,CUST0051,North,T-Shirt,Fashion,8,2810.8,22486.4,Completed,Amit
102177,2025-12-16,CUST0365,West,Laptop,Electronics,3,2677.3,8031.9,Completed,Rahul
102178,2025-01-14,CUST1238,North,Jacket,Fashion,4,535.76,2143.04,Completed,Priya
102179,2025-12-22,CUST0178,South,Washing Machine,Home Appliances,9,16316.34,146847.06,Returned,Amit
102180,2025-06-27,CUST0719,West,Refrigerator,Home Appliances,4,8183.59,32734.36,Completed,Arjun
102181,2025-04-06,CUST1179,South,Television,Home Appliances,1,12417.73,12417.73,Cancelled,Sneha
102182,2025-06-30,CUST1351,West,Television,Home Appliances,6,19360.84,116165.04,Returned,Rahul
102183,2025-11-12,CUST0390,West,Refrigerator,Home Appliances,8,5309.95,42479.6,Completed,Sneha
102184,2025-04-27,CUST0867,South,Notebook,Stationery,6,128.24,769.44,Completed,Sneha
102185,2025-01-26,CUST1129,South,Keyboard,Electronics,7,912.37,6386.59,Completed,Rahul
102186,2025-03-23,CUST0410,South,Backpack,Stationery,2,386.96,773.92,Completed,Amit
102187,2025-07-01,CUST1321,West,Book,Stationery,3,210.28,630.84,Cancelled,Rahul
102188,2025-05-15,CUST1094,North,Keyboard,Electronics,7,4653.69,32575.83,Cancelled,Meera
102189,2025-03-09,CUST0298,West,Washing Machine,Home Appliances,8,15321.28,122570.24,Returned,Neha
102190,2025-09-18,CUST0035,East,Refrigerator,Home Appliances,3,18473.21,55419.63,Cancelled,Karan
102191,2025-12-10,CUST1160,West,T-Shirt,Fashion,6,1768.6,10611.6,Completed,Rahul
102192,2025-07-13,CUST0375,North,Television,Home Appliances,6,8695.52,52173.12,Completed,Amit
102193,2025-05-06,CUST0137,East,Notebook,Stationery,8,434.96,3479.68,Completed,Karan
102194,2025-05-01,CUST0013,South,Backpack,Stationery,5,70.18,350.9,Completed,Neha
102195,2025-01-07,CUST1352,East,Shoes,Fashion,9,1107.08,9963.72,Completed,Arjun
102196,2025-05-27,CUST1360,South,Washing Machine,Home Appliances,1,10665.64,10665.64,Completed,Meera
102197,2025-05-22,CUST0976,East,Jacket,Fashion,2,1078.73,2157.46,Completed,Karan
102198,2025-08-08,CUST1476,North,Smartphone,Electronics,2,2157.29,4314.58,Completed,Sneha
102199,2025-12-10,CUST0188,South,Jacket,Fashion,5,247.34,1236.7,Completed,Neha
102200,2025-04-05,CUST0124,South,Jacket,Fashion,9,1590.62,14315.58,Cancelled,Rahul
102201,2025-03-23,CUST1366,East,Headphones,Electronics,3,2455.69,7367.07,Completed,Meera
102202,2025-02-07,CUST0414,West,Smartphone,Electronics,2,1173.52,2347.04,Cancelled,Arjun
102203,2025-08-21,CUST0832,East,Backpack,Stationery,9,291.93,2627.37,Completed,Meera
102204,2025-09-05,CUST0474,East,Refrigerator,Home Appliances,3,9100.89,27302.67,Cancelled,Rahul
102205,2025-01-15,CUST0943,North,Washing Machine,Home Appliances,7,13824.05,96768.35,Completed,Meera
102206,2025-04-17,CUST1293,North,Pen,Stationery,4,423.52,1694.08,Completed,Priya
102207,2025-09-20,CUST1377,North,Pen,Stationery,5,110.42,552.1,Completed,Priya
102208,2025-02-05,CUST0721,East,Refrigerator,Home Appliances,3,3299.98,9899.94,Cancelled,Meera
102209,2025-08-22,CUST0582,South,Pen,Stationery,5,290.26,1451.3,Completed,Amit
102210,2025-08-26,CUST0811,North,Smartphone,Electronics,7,4856.76,33997.32,Completed,Arjun
102211,2025-10-31,CUST0922,North,Backpack,Stationery,5,294.75,1473.75,Cancelled,Priya
102212,2025-08-07,CUST1415,East,Notebook,Stationery,7,447.45,3132.15,Completed,Sneha
102213,2025-06-11,CUST1432,West,Laptop,Electronics,7,1599.19,11194.33,Completed,Amit
102214,2025-04-06,CUST0952,South,Pen,Stationery,10,224.78,2247.8,Completed,Sneha
102215,2025-04-16,CUST0102,North,Television,Home Appliances,7,5232.06,36624.42,Completed,Amit
102216,2025-09-28,CUST0330,South,Washing Machine,Home Appliances,6,3092.32,18553.92,Completed,Neha
102217,2025-06-10,CUST1258,North,Pen,Stationery,4,493.98,1975.92,Returned,Sneha
102218,2025-08-11,CUST0508,North,Pen,Stationery,5,218.69,1093.45,Returned,Karan
102219,2025-02-07,CUST0626,East,T-Shirt,Fashion,5,2185.3,10926.5,Completed,Neha
102220,2025-08-19,CUST0584,West,Television,Home Appliances,5,6239.97,31199.85,Completed,Karan
102221,2025-12-13,CUST1347,West,Pen,Stationery,1,272.4,272.4,Completed,Amit
102222,2025-09-02,CUST1482,West,Jacket,Fashion,3,1895.23,5685.69,Returned,Karan
102223,2025-01-05,CUST1170,South,Smartphone,Electronics,3,966.25,2898.75,Completed,Rahul
102224,2025-06-04,CUST1063,North,Keyboard,Electronics,1,2655.19,2655.19,Completed,Arjun
102225,2025-03-09,CUST0258,East,Jeans,Fashion,8,2440.99,19527.92,Completed,Amit
102226,2025-06-05,CUST0782,East,Jeans,Fashion,10,1411.94,14119.4,Completed,Neha
102227,2025-07-02,CUST0219,West,Laptop,Electronics,3,4537.57,13612.71,Cancelled,Neha
102228,2025-09-28,CUST1448,South,Pen,Stationery,7,434.87,3044.09,Completed,Sneha
102229,2025-02-10,CUST1175,West,Book,Stationery,9,471.16,4240.44,Returned,Karan
102230,2025-06-17,CUST0813,South,Jeans,Fashion,4,926.25,3705.0,Completed,Priya
102231,2025-04-15,CUST0608,West,Television,Home Appliances,9,8048.75,72438.75,Completed,Arjun
102232,2025-05-08,CUST0400,North,Television,Home Appliances,3,1636.22,4908.66,Completed,Rahul
102233,2025-01-10,CUST0617,West,Jacket,Fashion,4,2036.87,8147.48,Completed,Arjun
102234,2025-11-30,CUST0643,West,Book,Stationery,1,285.04,285.04,Completed,Karan
102235,2025-12-01,CUST0184,South,Book,Stationery,3,445.34,1336.02,Completed,Karan
102236,2025-01-20,CUST0619,West,Keyboard,Electronics,5,1347.46,6737.3,Cancelled,Amit
102237,2025-07-07,CUST0097,West,Refrigerator,Home Appliances,9,16084.85,144763.65,Completed,Karan
102238,2025-06-22,CUST1495,West,Backpack,Stationery,6,106.96,641.76,Completed,Rahul
102239,2025-01-09,CUST0276,North,Television,Home Appliances,4,1177.07,4708.28,Completed,Priya
102240,2025-04-23,CUST0405,North,Refrigerator,Home Appliances,1,5364.71,5364.71,Completed,Meera
102241,2025-07-06,CUST0022,South,Laptop,Electronics,7,4024.91,28174.37,Cancelled,Rahul
102242,2025-01-30,CUST0356,North,Pen,Stationery,6,139.58,837.48,Completed,Neha
102243,2025-10-25,CUST1139,North,Laptop,Electronics,3,4596.06,13788.18,Cancelled,Rahul
102244,2025-03-09,CUST0096,West,Refrigerator,Home Appliances,4,6146.21,24584.84,Completed,Meera
102245,2025-03-25,CUST0335,West,Mouse,Electronics,1,908.9,908.9,Completed,Sneha
102246,2025-05-13,CUST1353,South,Keyboard,Electronics,7,4623.31,32363.17,Completed,Priya
102247,2025-07-31,CUST0217,West,Backpack,Stationery,6,415.92,2495.52,Returned,Amit
102248,2025-08-14,CUST0316,South,Pen,Stationery,9,129.15,1162.35,Completed,Sneha
102249,2025-01-21,CUST1198,North,Smartphone,Electronics,3,1924.96,5774.88,Completed,Karan
102250,2025-11-18,CUST0385,South,T-Shirt,Fashion,4,1559.31,6237.24,Completed,Priya
102251,2025-01-25,CUST0245,South,Refrigerator,Home Appliances,3,2606.19,7818.57,Returned,Amit
102252,2025-10-11,CUST0852,East,Television,Home Appliances,6,19667.88,118007.28,Completed,Priya
102253,2025-01-19,CUST1289,West,Book,Stationery,8,159.85,1278.8,Completed,Sneha
102254,2025-12-22,CUST0727,West,Mouse,Electronics,10,3277.63,32776.3,Completed,Priya
102255,2025-09-10,CUST0795,North,Book,Stationery,3,104.24,312.72,Completed,Meera
102256,2025-05-29,CUST0307,West,Refrigerator,Home Appliances,1,7853.61,7853.61,Completed,Rahul
102257,2025-11-27,CUST0784,West,Pen,Stationery,5,303.73,1518.65,Returned,Amit
102258,2025-08-15,CUST0038,North,Refrigerator,Home Appliances,5,6594.13,32970.65,Completed,Meera
102259,2025-03-27,CUST0022,North,Shoes,Fashion,5,1500.95,7504.75,Completed,Arjun
102260,2025-06-10,CUST0389,South,Shoes,Fashion,10,2345.05,23450.5,Completed,Rahul
102261,2025-11-03,CUST0649,South,Backpack,Stationery,4,96.78,387.12,Completed,Rahul
102262,2025-03-29,CUST0328,North,Backpack,Stationery,8,173.08,1384.64,Completed,Amit
102263,2025-02-12,CUST0291,West,Book,Stationery,7,187.66,1313.62,Completed,Sneha
102264,2025-02-06,CUST0661,South,Refrigerator,Home Appliances,10,6430.91,64309.1,Completed,Rahul
102265,2025-08-12,CUST0501,South,Jeans,Fashion,10,1326.22,13262.2,Completed,Rahul
102266,2025-12-07,CUST0369,East,Notebook,Stationery,10,366.91,3669.1,Completed,Priya
102267,2025-11-27,CUST1370,North,Jeans,Fashion,10,1640.24,16402.4,Completed,Neha
102268,2025-01-21,CUST0090,North,Smartphone,Electronics,9,3921.27,35291.43,Completed,Neha
102269,2025-03-19,CUST0194,West,Refrigerator,Home Appliances,2,4358.82,8717.64,Cancelled,Sneha
102270,2025-08-11,CUST1113,South,Shoes,Fashion,6,1707.31,10243.86,Completed,Arjun
102271,2025-02-26,CUST1088,North,Shoes,Fashion,2,2338.01,4676.02,Completed,Amit
102272,2025-12-11,CUST0002,East,Pen,Stationery,5,380.04,1900.2,Cancelled,Rahul
102273,2025-06-10,CUST1067,North,Backpack,Stationery,9,250.61,2255.49,Cancelled,Arjun
102274,2025-03-02,CUST1221,South,Pen,Stationery,7,379.49,2656.43,Completed,Neha
102275,2025-08-12,CUST0297,West,T-Shirt,Fashion,2,1909.44,3818.88,Completed,Rahul
102276,2025-03-25,CUST1253,North,Headphones,Electronics,2,704.62,1409.24,Completed,Priya
102277,2025-10-18,CUST1434,East,Jacket,Fashion,9,2767.7,24909.3,Completed,Meera
102278,2025-11-10,CUST0569,East,Washing Machine,Home Appliances,10,12578.8,125788.0,Completed,Neha
102279,2025-08-10,CUST0865,South,Mouse,Electronics,1,756.56,756.56,Completed,Rahul
102280,2025-04-11,CUST0331,North,Laptop,Electronics,1,2065.26,2065.26,Completed,Arjun
102281,2025-01-24,CUST0669,West,Refrigerator,Home Appliances,1,7113.54,7113.54,Completed,Neha
102282,2025-08-02,CUST1262,West,Headphones,Electronics,9,3601.01,32409.09,Completed,Amit
102283,2025-08-10,CUST0336,South,Keyboard,Electronics,7,2902.92,20320.44,Cancelled,Neha
102284,2025-04-16,CUST1028,South,Refrigerator,Home Appliances,9,19865.93,178793.37,Completed,Neha
102285,2025-02-12,CUST1036,North,Washing Machine,Home Appliances,7,18102.44,126717.08,Completed,Arjun
102286,2025-08-11,CUST1131,North,Washing Machine,Home Appliances,8,2990.34,23922.72,Returned,Priya
102287,2025-09-16,CUST0322,West,Laptop,Electronics,4,1197.74,4790.96,Returned,Rahul
102288,2025-04-25,CUST0716,West,Mouse,Electronics,9,3789.9,34109.1,Completed,Priya
102289,2025-09-04,CUST1010,South,Pen,Stationery,1,214.91,214.91,Completed,Amit
102290,2025-11-22,CUST1103,East,Pen,Stationery,10,100.18,1001.8,Cancelled,Karan
102291,2025-11-07,CUST0911,South,Refrigerator,Home Appliances,10,3421.28,34212.8,Completed,Priya
102292,2025-11-26,CUST0506,North,Jacket,Fashion,10,2589.04,25890.4,Completed,Meera
102293,2025-03-19,CUST1437,South,Television,Home Appliances,1,19822.84,19822.84,Completed,Arjun
102294,2025-10-22,CUST0193,West,Notebook,Stationery,10,437.54,4375.4,Completed,Neha
102295,2025-11-05,CUST0559,South,T-Shirt,Fashion,6,1113.22,6679.32,Completed,Amit
102296,2025-11-08,CUST0047,South,Pen,Stationery,3,298.08,894.24,Completed,Meera
102297,2025-06-05,CUST0129,South,Television,Home Appliances,7,9037.98,63265.86,Completed,Arjun
102298,2025-11-01,CUST0937,North,Book,Stationery,9,21.85,196.65,Completed,Meera
102299,2025-05-26,CUST0831,North,Jeans,Fashion,10,2581.7,25817.0,Completed,Neha
102300,2025-05-28,CUST0939,North,Shoes,Fashion,7,1493.72,10456.04,Completed,Priya
102301,2025-05-16,CUST0594,North,Pen,Stationery,10,276.18,2761.8,Completed,Rahul
102302,2025-03-02,CUST0065,West,Book,Stationery,6,483.13,2898.78,Completed,Meera
102303,2025-11-05,CUST0126,East,Keyboard,Electronics,7,1804.45,12631.15,Cancelled,Rahul
102304,2025-04-24,CUST0002,West,Jeans,Fashion,6,1656.23,9937.38,Cancelled,Amit
102305,2025-10-04,CUST1129,West,Jacket,Fashion,5,2066.92,10334.6,Completed,Meera
102306,2025-05-02,CUST0030,West,Shoes,Fashion,9,1173.37,10560.33,Returned,Meera
102307,2025-01-24,CUST1392,North,Shoes,Fashion,1,201.77,201.77,Completed,Arjun
102308,2025-04-15,CUST0036,North,Mouse,Electronics,10,2101.51,21015.1,Completed,Priya
102309,2025-12-07,CUST0603,South,T-Shirt,Fashion,8,2940.49,23523.92,Completed,Amit
102310,2025-03-24,CUST0849,East,Book,Stationery,2,274.79,549.58,Completed,Neha
102311,2025-05-19,CUST0606,North,Pen,Stationery,2,42.85,85.7,Returned,Karan
102312,2025-07-21,CUST0992,North,Television,Home Appliances,10,18824.71,188247.1,Completed,Arjun
102313,2025-01-20,CUST0774,West,Pen,Stationery,3,164.42,493.26,Cancelled,Rahul
102314,2025-08-12,CUST0979,West,Headphones,Electronics,6,3250.77,19504.62,Completed,Arjun
102315,2025-01-05,CUST0680,West,Refrigerator,Home Appliances,3,3372.8,10118.4,Completed,Karan
102316,2025-09-03,CUST0797,North,Book,Stationery,5,259.47,1297.35,Completed,Sneha
102317,2025-03-29,CUST0198,West,T-Shirt,Fashion,10,1423.81,14238.1,Completed,Sneha
102318,2025-05-28,CUST0683,North,Keyboard,Electronics,2,4862.52,9725.04,Completed,Rahul
102319,2025-12-04,CUST0379,East,Laptop,Electronics,4,2274.74,9098.96,Returned,Priya
102320,2025-08-26,CUST1014,West,Notebook,Stationery,3,323.99,971.97,Completed,Karan
102321,2025-12-31,CUST1383,North,Television,Home Appliances,6,11558.02,69348.12,Completed,Rahul
102322,2025-06-27,CUST0287,North,Television,Home Appliances,5,4235.91,21179.55,Completed,Priya
102323,2025-08-18,CUST0137,East,Jacket,Fashion,6,1921.85,11531.1,Completed,Amit
102324,2025-05-13,CUST0918,South,Headphones,Electronics,5,3196.79,15983.95,Completed,Meera
102325,2025-03-14,CUST0610,South,Washing Machine,Home Appliances,4,7775.82,31103.28,Cancelled,Karan
102326,2025-06-03,CUST1439,South,Keyboard,Electronics,2,2103.83,4207.66,Completed,Karan
102327,2025-09-19,CUST1095,East,Refrigerator,Home Appliances,6,5395.99,32375.94,Completed,Priya
102328,2025-02-05,CUST1410,West,Washing Machine,Home Appliances,2,17603.09,35206.18,Completed,Rahul
102329,2025-10-01,CUST0359,East,Book,Stationery,9,247.73,2229.57,Completed,Rahul
102330,2025-10-12,CUST0891,West,Backpack,Stationery,4,24.63,98.52,Completed,Priya
102331,2025-06-06,CUST0837,North,T-Shirt,Fashion,2,1446.48,2892.96,Cancelled,Neha
102332,2025-09-20,CUST0103,East,T-Shirt,Fashion,8,2474.07,19792.56,Completed,Priya
102333,2025-05-23,CUST0782,South,Jacket,Fashion,8,726.38,5811.04,Completed,Meera
102334,2025-07-23,CUST1206,East,Backpack,Stationery,3,304.4,913.2,Returned,Neha
102335,2025-10-22,CUST0527,South,Washing Machine,Home Appliances,3,12165.55,36496.65,Completed,Arjun
102336,2025-10-22,CUST1200,East,Jeans,Fashion,1,1906.86,1906.86,Completed,Priya
102337,2025-09-03,CUST0467,East,Mouse,Electronics,10,2993.47,29934.7,Completed,Neha
102338,2025-10-04,CUST1218,South,T-Shirt,Fashion,2,2171.96,4343.92,Completed,Karan
102339,2025-09-21,CUST1059,North,T-Shirt,Fashion,5,1291.61,6458.05,Completed,Meera
102340,2025-07-09,CUST1005,North,Jacket,Fashion,3,1770.91,5312.73,Completed,Sneha
102341,2025-01-27,CUST0367,West,Television,Home Appliances,2,17009.15,34018.3,Completed,Meera
102342,2025-04-07,CUST1310,South,Smartphone,Electronics,5,2879.67,14398.35,Cancelled,Meera
102343,2025-05-15,CUST0674,East,Headphones,Electronics,10,2881.04,28810.4,Cancelled,Neha
102344,2025-07-20,CUST1072,East,Backpack,Stationery,3,271.07,813.21,Completed,Neha
102345,2025-08-11,CUST1099,East,Smartphone,Electronics,9,2762.5,24862.5,Cancelled,Neha
102346,2025-06-22,CUST1181,East,Book,Stationery,5,473.72,2368.6,Cancelled,Amit
102347,2025-01-25,CUST0759,North,Refrigerator,Home Appliances,8,9892.2,79137.6,Completed,Arjun
102348,2025-07-11,CUST0184,North,Notebook,Stationery,4,415.09,1660.36,Completed,Amit
102349,2025-12-11,CUST0809,East,Book,Stationery,6,113.68,682.08,Completed,Priya
102350,2025-02-10,CUST0022,West,Mouse,Electronics,4,4042.69,16170.76,Returned,Rahul
102351,2025-06-11,CUST0716,East,Pen,Stationery,3,330.23,990.69,Completed,Arjun
102352,2025-06-17,CUST1096,East,Mouse,Electronics,1,3605.38,3605.38,Cancelled,Priya
102353,2025-03-11,CUST0614,West,Headphones,Electronics,6,774.48,4646.88,Completed,Neha
102354,2025-09-29,CUST1017,West,Book,Stationery,6,467.68,2806.08,Completed,Arjun
102355,2025-06-28,CUST1044,South,Washing Machine,Home Appliances,2,5123.63,10247.26,Completed,Neha
102356,2025-01-04,CUST1284,North,T-Shirt,Fashion,10,368.99,3689.9,Completed,Arjun
102357,2025-05-07,CUST0177,North,Headphones,Electronics,5,2526.63,12633.15,Cancelled,Arjun
102358,2025-07-02,CUST0711,East,Television,Home Appliances,8,11793.9,94351.2,Completed,Karan
102359,2025-03-10,CUST1041,West,Washing Machine,Home Appliances,10,1809.16,18091.6,Completed,Rahul
102360,2025-08-04,CUST1332,South,Book,Stationery,3,281.46,844.38,Completed,Sneha
102361,2025-07-13,CUST0523,North,Washing Machine,Home Appliances,3,10903.56,32710.68,Completed,Arjun
102362,2025-12-23,CUST0946,North,Laptop,Electronics,2,3305.53,6611.06,Completed,Neha
102363,2025-01-22,CUST0765,East,Jeans,Fashion,7,2519.06,17633.42,Completed,Amit
102364,2025-03-15,CUST0997,South,Washing Machine,Home Appliances,4,1157.18,4628.72,Completed,Rahul
102365,2025-08-21,CUST0238,West,Headphones,Electronics,5,3543.94,17719.7,Completed,Neha
102366,2025-01-23,CUST0857,South,Mouse,Electronics,7,3088.1,21616.7,Completed,Amit
102367,2025-05-23,CUST1257,South,Refrigerator,Home Appliances,9,11195.04,100755.36,Cancelled,Sneha
102368,2025-06-18,CUST1102,South,Shoes,Fashion,4,2527.24,10108.96,Completed,Meera
102369,2025-01-11,CUST1315,South,Keyboard,Electronics,5,4497.2,22486.0,Cancelled,Priya
102370,2025-01-18,CUST0416,North,Keyboard,Electronics,5,3990.47,19952.35,Returned,Priya
102371,2025-11-30,CUST0736,West,Notebook,Stationery,9,245.55,2209.95,Completed,Neha
102372,2025-05-09,CUST0194,West,Pen,Stationery,8,235.76,1886.08,Completed,Amit
102373,2025-11-23,CUST0859,East,Headphones,Electronics,4,2806.93,11227.72,Completed,Rahul
102374,2025-03-27,CUST0081,North,Notebook,Stationery,6,146.96,881.76,Completed,Rahul
102375,2025-12-01,CUST0730,South,Refrigerator,Home Appliances,10,1662.15,16621.5,Completed,Amit
102376,2025-12-29,CUST1414,South,Jeans,Fashion,2,255.1,510.2,Completed,Karan
102377,2025-07-10,CUST0492,East,Mouse,Electronics,4,1218.02,4872.08,Completed,Meera
102378,2025-05-22,CUST1115,South,Shoes,Fashion,3,603.76,1811.28,Completed,Meera
102379,2025-10-22,CUST0834,West,Television,Home Appliances,7,19676.31,137734.17,Completed,Sneha
102380,2025-04-05,CUST0594,East,Keyboard,Electronics,5,4070.53,20352.65,Completed,Neha
102381,2025-11-15,CUST0106,East,Washing Machine,Home Appliances,2,3049.76,6099.52,Completed,Arjun
102382,2025-09-01,CUST0025,West,Book,Stationery,7,123.25,862.75,Completed,Meera
102383,2025-01-17,CUST1218,North,Refrigerator,Home Appliances,3,15801.68,47405.04,Cancelled,Neha
102384,2025-07-04,CUST0403,South,Backpack,Stationery,3,53.64,160.92,Returned,Amit
102385,2025-06-10,CUST0062,East,Headphones,Electronics,8,2641.08,21128.64,Completed,Neha
102386,2025-01-14,CUST0945,West,Washing Machine,Home Appliances,10,19348.24,193482.4,Completed,Priya
102387,2025-02-17,CUST0224,West,Refrigerator,Home Appliances,8,4261.64,34093.12,Completed,Arjun
102388,2025-12-02,CUST0799,South,Mouse,Electronics,8,4480.7,35845.6,Completed,Priya
102389,2025-12-30,CUST0573,South,Headphones,Electronics,6,4415.62,26493.72,Cancelled,Meera
102390,2025-02-05,CUST0971,East,Mouse,Electronics,3,2962.21,8886.63,Completed,Karan
102391,2025-03-16,CUST0462,North,Washing Machine,Home Appliances,1,19681.76,19681.76,Completed,Rahul
102392,2025-07-23,CUST0032,West,Washing Machine,Home Appliances,3,2764.02,8292.06,Completed,Neha
102393,2025-12-07,CUST1496,East,Shoes,Fashion,3,2872.18,8616.54,Completed,Karan
102394,2025-01-12,CUST0427,West,Backpack,Stationery,3,200.4,601.2,Completed,Sneha
102395,2025-08-29,CUST0838,East,Shoes,Fashion,4,2784.26,11137.04,Completed,Karan
102396,2025-12-21,CUST0736,North,Smartphone,Electronics,5,4766.08,23830.4,Completed,Amit
102397,2025-02-26,CUST0655,East,Refrigerator,Home Appliances,2,11924.48,23848.96,Completed,Arjun
102398,2025-07-31,CUST0523,South,Pen,Stationery,10,405.12,4051.2,Completed,Arjun
102399,2025-01-31,CUST0020,North,Refrigerator,Home Appliances,8,8208.01,65664.08,Completed,Karan
102400,2025-12-03,CUST1142,East,Mouse,Electronics,4,2472.45,9889.8,Returned,Priya
102401,2025-10-18,CUST0268,East,Keyboard,Electronics,5,3288.7,16443.5,Completed,Amit
102402,2025-09-28,CUST0413,South,Keyboard,Electronics,10,3816.4,38164.0,Completed,Rahul
102403,2025-05-18,CUST1045,South,Washing Machine,Home Appliances,4,6293.45,25173.8,Completed,Amit
102404,2025-09-28,CUST0841,North,Refrigerator,Home Appliances,4,11907.6,47630.4,Completed,Rahul
102405,2025-03-27,CUST0409,South,Television,Home Appliances,1,4195.28,4195.28,Completed,Rahul
102406,2025-04-17,CUST0447,East,Headphones,Electronics,6,506.71,3040.26,Completed,Amit
102407,2025-07-26,CUST0929,West,Notebook,Stationery,5,377.01,1885.05,Completed,Amit
102408,2025-10-18,CUST0185,East,Mouse,Electronics,9,3072.82,27655.38,Completed,Arjun
102409,2025-02-17,CUST0788,West,Laptop,Electronics,10,4797.25,47972.5,Cancelled,Rahul
102410,2025-10-25,CUST1379,South,Notebook,Stationery,8,376.24,3009.92,Completed,Amit
102411,2025-06-22,CUST0615,East,Book,Stationery,9,401.68,3615.12,Returned,Arjun
102412,2025-01-26,CUST0048,North,Pen,Stationery,7,137.57,962.99,Completed,Neha
102413,2025-05-06,CUST0913,East,Book,Stationery,2,367.05,734.1,Returned,Priya
102414,2025-07-09,CUST1422,North,Shoes,Fashion,10,1754.83,17548.3,Completed,Rahul
102415,2025-05-14,CUST1362,East,T-Shirt,Fashion,1,729.52,729.52,Completed,Neha
102416,2025-01-16,CUST0915,North,T-Shirt,Fashion,5,1356.04,6780.2,Completed,Karan
102417,2025-03-17,CUST1467,East,Jeans,Fashion,7,1409.44,9866.08,Completed,Rahul
102418,2025-10-04,CUST0188,West,Shoes,Fashion,3,2177.75,6533.25,Returned,Neha
102419,2025-07-20,CUST0289,East,Pen,Stationery,1,91.66,91.66,Completed,Priya
102420,2025-08-28,CUST0466,North,Pen,Stationery,6,454.32,2725.92,Completed,Neha
102421,2025-04-24,CUST0706,South,Pen,Stationery,3,476.5,1429.5,Completed,Karan
102422,2025-10-14,CUST0286,North,Smartphone,Electronics,10,926.16,9261.6,Completed,Priya
102423,2025-06-17,CUST0709,East,Book,Stationery,3,397.42,1192.26,Completed,Arjun
102424,2025-03-30,CUST0449,East,Laptop,Electronics,1,2590.92,2590.92,Completed,Arjun
102425,2025-05-05,CUST1070,West,Laptop,Electronics,2,1075.04,2150.08,Completed,Amit
102426,2025-03-07,CUST1163,South,Smartphone,Electronics,4,4926.24,19704.96,Completed,Priya
102427,2025-07-11,CUST0024,South,Refrigerator,Home Appliances,5,18983.57,94917.85,Completed,Arjun
102428,2025-01-24,CUST0626,West,T-Shirt,Fashion,5,1073.76,5368.8,Cancelled,Meera
102429,2025-01-13,CUST0220,East,Notebook,Stationery,5,203.75,1018.75,Completed,Amit
102430,2025-06-08,CUST1008,West,Jacket,Fashion,4,2899.31,11597.24,Completed,Sneha
102431,2025-10-01,CUST0347,West,Book,Stationery,8,499.6,3996.8,Returned,Priya
102432,2025-01-02,CUST1044,South,Washing Machine,Home Appliances,3,8490.58,25471.74,Cancelled,Arjun
102433,2025-05-22,CUST0157,South,Jacket,Fashion,3,2596.59,7789.77,Cancelled,Arjun
102434,2025-08-28,CUST0165,West,Pen,Stationery,10,160.86,1608.6,Completed,Neha
102435,2025-02-25,CUST1046,North,Shoes,Fashion,1,1355.79,1355.79,Completed,Meera
102436,2025-05-20,CUST0430,North,T-Shirt,Fashion,3,858.82,2576.46,Completed,Arjun
102437,2025-06-22,CUST1305,South,Notebook,Stationery,2,92.39,184.78,Cancelled,Sneha
102438,2025-03-30,CUST0036,South,Washing Machine,Home Appliances,5,11921.81,59609.05,Completed,Karan
102439,2025-12-30,CUST1255,South,Shoes,Fashion,2,483.01,966.02,Cancelled,Priya
102440,2025-12-09,CUST0879,West,Washing Machine,Home Appliances,4,1047.91,4191.64,Completed,Sneha
102441,2025-05-22,CUST1202,South,T-Shirt,Fashion,2,1679.06,3358.12,Completed,Arjun
102442,2025-02-20,CUST0207,East,Pen,Stationery,1,186.71,186.71,Completed,Rahul
102443,2025-05-23,CUST0169,West,Jeans,Fashion,4,2038.23,8152.92,Completed,Amit
102444,2025-09-28,CUST0869,East,Keyboard,Electronics,1,1899.3,1899.3,Cancelled,Neha
102445,2025-11-25,CUST1035,South,Notebook,Stationery,2,362.49,724.98,Completed,Amit
102446,2025-04-14,CUST0216,South,Refrigerator,Home Appliances,1,19990.55,19990.55,Completed,Amit
102447,2025-01-07,CUST0430,North,Laptop,Electronics,5,645.95,3229.75,Returned,Meera
102448,2025-09-12,CUST0203,South,Smartphone,Electronics,2,3875.96,7751.92,Cancelled,Arjun
102449,2025-03-21,CUST0727,East,Laptop,Electronics,7,4478.48,31349.36,Completed,Karan
102450,2025-11-22,CUST0956,North,Mouse,Electronics,5,4304.3,21521.5,Cancelled,Amit
102451,2025-06-24,CUST0458,North,Laptop,Electronics,4,4811.92,19247.68,Completed,Priya
102452,2025-12-13,CUST0909,East,Keyboard,Electronics,3,3011.5,9034.5,Completed,Meera
102453,2025-08-01,CUST0217,South,Smartphone,Electronics,8,1003.78,8030.24,Completed,Priya
102454,2025-12-13,CUST1221,South,Notebook,Stationery,3,449.0,1347.0,Completed,Meera
102455,2025-04-27,CUST0083,South,Mouse,Electronics,4,2683.24,10732.96,Cancelled,Priya
102456,2025-12-11,CUST1481,North,Smartphone,Electronics,5,2961.63,14808.15,Cancelled,Meera
102457,2025-12-09,CUST0601,West,Laptop,Electronics,3,3430.99,10292.97,Cancelled,Rahul
102458,2025-03-04,CUST0801,East,Washing Machine,Home Appliances,3,4083.12,12249.36,Cancelled,Arjun
102459,2025-12-08,CUST0967,East,Pen,Stationery,8,144.6,1156.8,Completed,Meera
102460,2025-03-02,CUST0504,North,Shoes,Fashion,7,1935.28,13546.96,Completed,Rahul
102461,2025-07-28,CUST0611,West,Headphones,Electronics,1,3811.1,3811.1,Completed,Amit
102462,2025-01-24,CUST1329,North,Book,Stationery,4,114.86,459.44,Cancelled,Rahul
102463,2025-04-24,CUST1184,West,T-Shirt,Fashion,2,1936.01,3872.02,Completed,Karan
102464,2025-02-24,CUST0871,East,Smartphone,Electronics,1,545.99,545.99,Cancelled,Sneha
102465,2025-02-06,CUST0773,South,Refrigerator,Home Appliances,3,2917.75,8753.25,Completed,Arjun
102466,2025-11-11,CUST0676,West,Jacket,Fashion,4,847.05,3388.2,Completed,Priya
102467,2025-03-02,CUST0566,South,Laptop,Electronics,6,576.84,3461.04,Completed,Rahul
102468,2025-05-07,CUST1131,North,Backpack,Stationery,2,173.63,347.26,Completed,Priya
102469,2025-09-10,CUST0675,East,Television,Home Appliances,2,18210.82,36421.64,Completed,Sneha
102470,2025-03-21,CUST0771,East,Book,Stationery,6,193.89,1163.34,Cancelled,Meera
102471,2025-06-01,CUST0600,South,Refrigerator,Home Appliances,7,1358.35,9508.45,Cancelled,Sneha
102472,2025-01-19,CUST0734,East,Jacket,Fashion,8,1511.98,12095.84,Completed,Amit
102473,2025-08-26,CUST0251,North,Notebook,Stationery,1,416.92,416.92,Completed,Karan
102474,2025-02-01,CUST0444,East,Notebook,Stationery,8,339.0,2712.0,Completed,Karan
102475,2025-08-15,CUST0608,East,Television,Home Appliances,1,15750.02,15750.02,Cancelled,Sneha
102476,2025-10-16,CUST0354,North,Notebook,Stationery,7,43.91,307.37,Completed,Arjun
102477,2025-09-22,CUST0615,East,Notebook,Stationery,8,109.25,874.0,Completed,Arjun
102478,2025-07-13,CUST1400,West,T-Shirt,Fashion,1,1446.89,1446.89,Completed,Priya
102479,2025-07-25,CUST0975,South,Washing Machine,Home Appliances,4,14805.95,59223.8,Completed,Sneha
102480,2025-09-16,CUST0974,East,Refrigerator,Home Appliances,9,9193.51,82741.59,Completed,Amit
102481,2025-04-01,CUST0118,North,Jacket,Fashion,10,2102.39,21023.9,Cancelled,Neha
102482,2025-12-18,CUST1075,West,Shoes,Fashion,6,2406.98,14441.88,Completed,Arjun
102483,2025-08-08,CUST0528,East,Headphones,Electronics,10,4341.89,43418.9,Completed,Sneha
102484,2025-09-14,CUST1220,South,Backpack,Stationery,1,373.64,373.64,Completed,Sneha
102485,2025-02-09,CUST1202,East,Jeans,Fashion,3,1421.74,4265.22,Completed,Karan
102486,2025-07-26,CUST0267,South,Refrigerator,Home Appliances,8,4991.1,39928.8,Completed,Rahul
102487,2025-03-17,CUST0988,East,Smartphone,Electronics,3,4746.62,14239.86,Completed,Priya
102488,2025-03-03,CUST1008,East,Pen,Stationery,8,224.44,1795.52,Completed,Amit
102489,2025-07-10,CUST0234,North,T-Shirt,Fashion,10,2672.51,26725.1,Completed,Arjun
102490,2025-02-23,CUST0871,East,Refrigerator,Home Appliances,6,4338.71,26032.26,Completed,Rahul
102491,2025-10-19,CUST1126,East,Refrigerator,Home Appliances,3,15190.67,45572.01,Completed,Karan
102492,2025-02-09,CUST0125,South,Television,Home Appliances,7,6104.11,42728.77,Completed,Priya
102493,2025-02-11,CUST0820,West,Backpack,Stationery,1,462.36,462.36,Completed,Amit
102494,2025-04-12,CUST0428,West,Shoes,Fashion,1,1015.37,1015.37,Completed,Meera
102495,2025-04-25,CUST0232,South,Washing Machine,Home Appliances,5,8157.97,40789.85,Completed,Karan
102496,2025-01-03,CUST1106,West,Backpack,Stationery,4,459.62,1838.48,Returned,Amit
102497,2025-06-29,CUST1262,North,Pen,Stationery,5,49.22,246.1,Completed,Neha
102498,2025-09-10,CUST0370,East,Refrigerator,Home Appliances,8,14313.57,114508.56,Completed,Priya
102499,2025-06-02,CUST1154,South,Notebook,Stationery,6,333.06,1998.36,Completed,Arjun
102500,2025-03-29,CUST0930,West,Backpack,Stationery,7,330.02,2310.14,Completed,Karan
102501,2025-11-16,CUST1284,North,T-Shirt,Fashion,10,1569.91,15699.1,Completed,Amit
102502,2025-09-11,CUST0745,South,Pen,Stationery,1,220.97,220.97,Cancelled,Amit
102503,2025-02-22,CUST1158,West,Refrigerator,Home Appliances,9,1194.36,10749.24,Completed,Rahul
102504,2025-06-03,CUST0488,East,Refrigerator,Home Appliances,6,15755.96,94535.76,Completed,Amit
102505,2025-04-09,CUST0507,West,Refrigerator,Home Appliances,3,7621.42,22864.26,Completed,Rahul
102506,2025-07-11,CUST1336,North,Washing Machine,Home Appliances,2,1774.0,3548.0,Completed,Amit
102507,2025-05-26,CUST0673,East,Mouse,Electronics,4,4951.9,19807.6,Completed,Arjun
102508,2025-05-06,CUST0395,West,T-Shirt,Fashion,10,742.19,7421.9,Completed,Neha
102509,2025-01-04,CUST1101,East,Notebook,Stationery,10,224.84,2248.4,Completed,Neha
102510,2025-02-16,CUST0332,East,Smartphone,Electronics,5,3886.96,19434.8,Completed,Sneha
102511,2025-03-10,CUST0116,East,Pen,Stationery,10,308.55,3085.5,Completed,Meera
102512,2025-06-08,CUST1205,North,Notebook,Stationery,2,250.94,501.88,Completed,Priya
102513,2025-05-18,CUST1313,East,Keyboard,Electronics,3,3178.84,9536.52,Completed,Meera
102514,2025-07-22,CUST0915,East,Shoes,Fashion,10,570.83,5708.3,Completed,Priya
102515,2025-03-07,CUST0868,North,Pen,Stationery,4,366.82,1467.28,Completed,Rahul
102516,2025-03-14,CUST1437,East,Pen,Stationery,7,69.39,485.73,Cancelled,Arjun
102517,2025-10-20,CUST1215,West,Keyboard,Electronics,4,619.02,2476.08,Completed,Karan
102518,2025-03-27,CUST1445,East,T-Shirt,Fashion,5,371.04,1855.2,Completed,Neha
102519,2025-05-19,CUST0430,West,Jeans,Fashion,1,1089.83,1089.83,Completed,Priya
102520,2025-08-15,CUST0994,South,T-Shirt,Fashion,1,1648.79,1648.79,Completed,Karan
102521,2025-05-09,CUST0269,West,Notebook,Stationery,6,352.36,2114.16,Returned,Neha
102522,2025-10-30,CUST0370,East,Jeans,Fashion,9,2415.41,21738.69,Completed,Meera
102523,2025-07-15,CUST1177,West,Book,Stationery,7,256.5,1795.5,Returned,Neha
102524,2025-08-09,CUST0726,East,Television,Home Appliances,10,19737.37,197373.7,Completed,Amit
102525,2025-12-07,CUST0594,South,Washing Machine,Home Appliances,8,14611.82,116894.56,Completed,Sneha
102526,2025-06-14,CUST1433,South,T-Shirt,Fashion,9,681.03,6129.27,Completed,Meera
102527,2025-09-18,CUST0546,South,Washing Machine,Home Appliances,3,1341.8,4025.4,Completed,Rahul
102528,2025-11-23,CUST0654,North,Jeans,Fashion,4,2614.34,10457.36,Completed,Arjun
102529,2025-06-29,CUST0018,East,Television,Home Appliances,3,4279.66,12838.98,Completed,Sneha
102530,2025-10-10,CUST0843,West,Notebook,Stationery,5,234.67,1173.35,Completed,Karan
102531,2025-03-28,CUST0333,West,Television,Home Appliances,1,2722.15,2722.15,Returned,Priya
102532,2025-01-07,CUST1241,South,T-Shirt,Fashion,10,232.05,2320.5,Completed,Meera
102533,2025-05-15,CUST0702,East,Smartphone,Electronics,7,2293.26,16052.82,Returned,Sneha
102534,2025-05-26,CUST1326,East,Notebook,Stationery,3,52.04,156.12,Completed,Neha
102535,2025-05-06,CUST0760,West,Laptop,Electronics,2,3087.14,6174.28,Completed,Rahul
102536,2025-02-17,CUST0178,West,Refrigerator,Home Appliances,5,16890.72,84453.6,Completed,Amit
102537,2025-03-15,CUST0945,South,Keyboard,Electronics,1,4692.94,4692.94,Completed,Sneha
102538,2025-12-17,CUST0857,East,Pen,Stationery,7,73.23,512.61,Completed,Arjun
102539,2025-09-27,CUST1461,North,Washing Machine,Home Appliances,5,5149.38,25746.9,Completed,Sneha
102540,2025-08-05,CUST0185,South,Washing Machine,Home Appliances,3,4797.82,14393.46,Cancelled,Rahul
102541,2025-04-12,CUST0841,East,Television,Home Appliances,2,4906.13,9812.26,Completed,Karan
102542,2025-04-13,CUST1466,East,Shoes,Fashion,7,1039.08,7273.56,Completed,Karan
102543,2025-08-26,CUST0963,South,Shoes,Fashion,4,1487.35,5949.4,Completed,Meera
102544,2025-04-17,CUST0515,North,Book,Stationery,7,432.15,3025.05,Completed,Amit
102545,2025-06-24,CUST0205,South,Jacket,Fashion,2,1525.47,3050.94,Completed,Priya
102546,2025-04-04,CUST0085,West,Notebook,Stationery,3,163.89,491.67,Completed,Neha
102547,2025-02-09,CUST1017,West,Pen,Stationery,5,390.32,1951.6,Completed,Sneha
102548,2025-07-19,CUST1173,North,Pen,Stationery,4,260.47,1041.88,Completed,Amit
102549,2025-07-09,CUST0462,South,Washing Machine,Home Appliances,5,15681.51,78407.55,Cancelled,Rahul
102550,2025-03-30,CUST0406,South,Book,Stationery,5,350.34,1751.7,Completed,Karan
102551,2025-04-27,CUST1026,North,Laptop,Electronics,1,3180.29,3180.29,Completed,Sneha
102552,2025-05-23,CUST0481,North,Pen,Stationery,3,63.86,191.58,Cancelled,Amit
102553,2025-02-09,CUST0537,South,Mouse,Electronics,4,2646.3,10585.2,Completed,Meera
102554,2025-09-16,CUST1071,North,Book,Stationery,5,126.62,633.1,Completed,Meera
102555,2025-08-20,CUST1335,North,Keyboard,Electronics,7,870.59,6094.13,Cancelled,Karan
102556,2025-07-18,CUST0479,South,Backpack,Stationery,3,346.13,1038.39,Completed,Priya
102557,2025-09-22,CUST1248,East,Jeans,Fashion,2,1654.51,3309.02,Returned,Rahul
102558,2025-02-26,CUST0023,North,Backpack,Stationery,3,296.9,890.7,Completed,Meera
102559,2025-07-06,CUST0844,South,Book,Stationery,5,488.62,2443.1,Completed,Amit
102560,2025-08-06,CUST1213,West,Television,Home Appliances,4,9439.93,37759.72,Completed,Arjun
102561,2025-07-27,CUST0965,East,Backpack,Stationery,4,30.68,122.72,Completed,Rahul
102562,2025-09-01,CUST1177,North,Television,Home Appliances,3,8991.96,26975.88,Cancelled,Amit
102563,2025-06-18,CUST1385,East,Backpack,Stationery,6,124.65,747.9,Completed,Neha
102564,2025-03-28,CUST1427,South,Notebook,Stationery,5,346.27,1731.35,Returned,Amit
102565,2025-11-23,CUST0620,West,Jeans,Fashion,1,2562.76,2562.76,Completed,Priya
102566,2025-10-15,CUST0866,East,Book,Stationery,5,331.0,1655.0,Completed,Arjun
102567,2025-04-06,CUST0126,East,Book,Stationery,7,207.56,1452.92,Completed,Rahul
102568,2025-10-25,CUST1191,West,Keyboard,Electronics,4,4745.77,18983.08,Cancelled,Priya
102569,2025-08-03,CUST1439,North,Washing Machine,Home Appliances,2,11675.19,23350.38,Returned,Neha
102570,2025-01-04,CUST1094,South,Washing Machine,Home Appliances,2,9693.28,19386.56,Cancelled,Karan
102571,2025-03-22,CUST0062,West,T-Shirt,Fashion,7,1844.47,12911.29,Completed,Neha
102572,2025-11-24,CUST1232,East,Smartphone,Electronics,6,1861.19,11167.14,Completed,Sneha
102573,2025-11-03,CUST0368,East,Backpack,Stationery,1,497.06,497.06,Completed,Meera
102574,2025-11-07,CUST1087,West,Refrigerator,Home Appliances,6,5910.81,35464.86,Returned,Karan
102575,2025-05-23,CUST1349,West,Television,Home Appliances,9,15107.48,135967.32,Cancelled,Rahul
102576,2025-08-30,CUST1029,East,Keyboard,Electronics,9,1002.41,9021.69,Completed,Arjun
102577,2025-11-27,CUST1081,East,T-Shirt,Fashion,2,1162.47,2324.94,Completed,Karan
102578,2025-01-01,CUST0410,South,Television,Home Appliances,9,2769.92,24929.28,Cancelled,Priya
102579,2025-07-31,CUST1292,North,Book,Stationery,10,489.12,4891.2,Completed,Amit
102580,2025-01-17,CUST1061,East,Refrigerator,Home Appliances,9,12952.97,116576.73,Completed,Arjun
102581,2025-08-01,CUST1127,West,Television,Home Appliances,3,12412.13,37236.39,Completed,Karan
102582,2025-01-10,CUST0938,West,Jeans,Fashion,1,2049.44,2049.44,Completed,Sneha
102583,2025-02-15,CUST0155,South,Television,Home Appliances,8,12995.57,103964.56,Completed,Arjun
102584,2025-03-29,CUST0968,South,Mouse,Electronics,7,4363.61,30545.27,Completed,Amit
102585,2025-05-03,CUST1280,East,Mouse,Electronics,3,4283.02,12849.06,Completed,Rahul
102586,2025-04-22,CUST0668,South,Notebook,Stationery,5,154.69,773.45,Completed,Rahul
102587,2025-09-06,CUST0013,East,Jeans,Fashion,9,2105.31,18947.79,Completed,Karan
102588,2025-07-11,CUST0441,South,Washing Machine,Home Appliances,3,13494.96,40484.88,Completed,Priya
102589,2025-01-05,CUST0375,North,Refrigerator,Home Appliances,8,7920.41,63363.28,Completed,Arjun
102590,2025-08-18,CUST0002,West,Smartphone,Electronics,10,2195.25,21952.5,Returned,Karan
102591,2025-12-20,CUST0632,East,Washing Machine,Home Appliances,6,3526.19,21157.14,Completed,Neha
102592,2025-12-25,CUST1092,South,Pen,Stationery,9,381.87,3436.83,Cancelled,Karan
102593,2025-05-20,CUST1045,West,Smartphone,Electronics,7,4221.81,29552.67,Completed,Meera
102594,2025-12-31,CUST0820,South,Notebook,Stationery,9,197.33,1775.97,Completed,Neha
102595,2025-07-26,CUST0950,South,Refrigerator,Home Appliances,7,1730.37,12112.59,Completed,Priya
102596,2025-09-06,CUST1366,West,Washing Machine,Home Appliances,10,6897.83,68978.3,Completed,Amit
102597,2025-04-05,CUST0340,South,T-Shirt,Fashion,10,1668.42,16684.2,Completed,Rahul
102598,2025-08-21,CUST1166,South,Keyboard,Electronics,7,2291.7,16041.9,Completed,Sneha
102599,2025-11-05,CUST1123,West,Notebook,Stationery,10,459.11,4591.1,Completed,Meera
102600,2025-04-06,CUST0763,South,Backpack,Stationery,8,236.45,1891.6,Completed,Priya
102601,2025-09-25,CUST0516,West,Washing Machine,Home Appliances,9,4280.67,38526.03,Completed,Neha
102602,2025-03-06,CUST0825,East,Television,Home Appliances,2,3940.4,7880.8,Completed,Priya
102603,2025-12-04,CUST1431,South,Jeans,Fashion,1,2026.64,2026.64,Returned,Rahul
102604,2025-05-26,CUST1498,East,Headphones,Electronics,4,4338.08,17352.32,Completed,Priya
102605,2025-09-11,CUST0659,West,Smartphone,Electronics,9,4151.87,37366.83,Returned,Meera
102606,2025-08-11,CUST1320,North,Refrigerator,Home Appliances,10,12645.05,126450.5,Cancelled,Arjun
102607,2025-01-06,CUST0675,West,T-Shirt,Fashion,3,1031.18,3093.54,Completed,Rahul
102608,2025-09-06,CUST0874,South,Washing Machine,Home Appliances,4,1588.62,6354.48,Completed,Priya
102609,2025-10-19,CUST1117,East,Jacket,Fashion,3,2763.05,8289.15,Completed,Sneha
102610,2025-12-04,CUST0747,West,Notebook,Stationery,1,60.88,60.88,Completed,Amit
102611,2025-09-27,CUST0882,North,Backpack,Stationery,7,68.24,477.68,Returned,Rahul
102612,2025-06-07,CUST1006,North,Shoes,Fashion,5,894.14,4470.7,Completed,Rahul
102613,2025-09-04,CUST1353,North,T-Shirt,Fashion,2,2038.62,4077.24,Cancelled,Priya
102614,2025-04-11,CUST1316,West,Laptop,Electronics,8,2705.86,21646.88,Completed,Sneha
102615,2025-10-22,CUST1359,West,Smartphone,Electronics,7,887.72,6214.04,Returned,Rahul
102616,2025-09-05,CUST0397,West,Shoes,Fashion,10,755.17,7551.7,Completed,Neha
102617,2025-06-08,CUST0564,South,T-Shirt,Fashion,5,2585.0,12925.0,Completed,Amit
102618,2025-10-01,CUST0852,West,Jacket,Fashion,7,271.88,1903.16,Cancelled,Sneha
102619,2025-02-09,CUST1246,East,Laptop,Electronics,8,2360.92,18887.36,Cancelled,Amit
102620,2025-12-03,CUST0341,North,Shoes,Fashion,8,2146.21,17169.68,Completed,Sneha
102621,2025-02-07,CUST1144,North,Notebook,Stationery,5,37.78,188.9,Completed,Sneha
102622,2025-08-20,CUST0534,North,Shoes,Fashion,2,1098.69,2197.38,Completed,Arjun
102623,2025-07-23,CUST0097,South,T-Shirt,Fashion,10,2065.94,20659.4,Cancelled,Amit
102624,2025-01-07,CUST1469,North,Headphones,Electronics,1,3145.24,3145.24,Completed,Karan
102625,2025-05-08,CUST1238,West,Mouse,Electronics,5,4931.2,24656.0,Completed,Amit
102626,2025-03-24,CUST1498,East,Television,Home Appliances,7,8479.47,59356.29,Completed,Sneha
102627,2025-10-01,CUST1107,East,Pen,Stationery,1,336.83,336.83,Completed,Sneha
102628,2025-07-15,CUST0579,South,Television,Home Appliances,6,2720.32,16321.92,Completed,Neha
102629,2025-08-02,CUST0271,West,Television,Home Appliances,4,7508.37,30033.48,Completed,Neha
102630,2025-09-15,CUST1039,East,Pen,Stationery,5,428.0,2140.0,Cancelled,Arjun
102631,2025-11-06,CUST1144,South,Book,Stationery,9,365.52,3289.68,Returned,Amit
102632,2025-11-11,CUST0190,North,Refrigerator,Home Appliances,2,12390.22,24780.44,Cancelled,Priya
102633,2025-07-13,CUST0206,East,Smartphone,Electronics,3,4148.41,12445.23,Completed,Karan
102634,2025-07-24,CUST0494,West,Shoes,Fashion,6,656.43,3938.58,Completed,Priya
102635,2025-12-17,CUST1377,West,Book,Stationery,5,497.21,2486.05,Completed,Sneha
102636,2025-09-01,CUST0978,North,Television,Home Appliances,8,13884.29,111074.32,Completed,Karan
102637,2025-12-14,CUST1391,West,Jacket,Fashion,1,2617.92,2617.92,Returned,Neha
102638,2025-02-07,CUST1265,North,Keyboard,Electronics,2,1801.74,3603.48,Completed,Karan
102639,2025-03-09,CUST0835,West,Backpack,Stationery,7,498.95,3492.65,Completed,Arjun
102640,2025-03-12,CUST0788,East,Headphones,Electronics,4,4893.0,19572.0,Completed,Karan
102641,2025-10-12,CUST0919,East,Smartphone,Electronics,6,2687.73,16126.38,Completed,Arjun
102642,2025-01-27,CUST0806,West,Book,Stationery,6,465.5,2793.0,Completed,Arjun
102643,2025-03-08,CUST1497,East,Washing Machine,Home Appliances,1,8048.33,8048.33,Completed,Arjun
102644,2025-03-03,CUST0023,West,Shoes,Fashion,10,1726.05,17260.5,Completed,Priya
102645,2025-03-15,CUST0748,West,Refrigerator,Home Appliances,4,13142.8,52571.2,Completed,Karan
102646,2025-08-24,CUST0760,South,T-Shirt,Fashion,4,2348.7,9394.8,Completed,Sneha
102647,2025-04-06,CUST0804,East,Refrigerator,Home Appliances,10,13336.08,133360.8,Completed,Arjun
102648,2025-09-10,CUST0605,North,Smartphone,Electronics,8,2069.68,16557.44,Completed,Karan
102649,2025-10-13,CUST1239,North,Refrigerator,Home Appliances,6,6430.77,38584.62,Completed,Sneha
102650,2025-01-09,CUST1292,East,Television,Home Appliances,2,3362.76,6725.52,Completed,Arjun
102651,2025-05-25,CUST0677,South,Jeans,Fashion,9,791.81,7126.29,Returned,Rahul
102652,2025-09-10,CUST1263,South,Television,Home Appliances,6,3838.75,23032.5,Completed,Arjun
102653,2025-07-29,CUST0211,South,Book,Stationery,4,485.36,1941.44,Cancelled,Karan
102654,2025-08-18,CUST1312,West,Book,Stationery,8,25.03,200.24,Cancelled,Arjun
102655,2025-02-02,CUST0750,North,Smartphone,Electronics,4,2089.94,8359.76,Completed,Sneha
102656,2025-04-28,CUST1392,East,Television,Home Appliances,1,2289.18,2289.18,Completed,Priya
102657,2025-08-14,CUST1172,East,Jacket,Fashion,1,1171.21,1171.21,Completed,Rahul
102658,2025-10-30,CUST0669,North,Jeans,Fashion,2,785.73,1571.46,Completed,Karan
102659,2025-07-07,CUST0438,East,Keyboard,Electronics,5,3793.65,18968.25,Completed,Sneha
102660,2025-03-05,CUST1173,East,Book,Stationery,6,366.89,2201.34,Cancelled,Arjun
102661,2025-08-08,CUST0677,South,Pen,Stationery,7,298.75,2091.25,Cancelled,Neha
102662,2025-11-18,CUST1374,South,Washing Machine,Home Appliances,10,10403.03,104030.3,Completed,Amit
102663,2025-05-05,CUST1422,South,Jacket,Fashion,1,2361.59,2361.59,Cancelled,Priya
102664,2025-02-21,CUST1155,West,T-Shirt,Fashion,1,2455.99,2455.99,Completed,Sneha
102665,2025-03-15,CUST1414,South,Backpack,Stationery,4,124.17,496.68,Completed,Rahul
102666,2025-01-21,CUST0382,West,Television,Home Appliances,7,6492.82,45449.74,Completed,Rahul
102667,2025-10-31,CUST1337,West,Backpack,Stationery,7,316.31,2214.17,Completed,Meera
102668,2025-03-23,CUST0459,North,Notebook,Stationery,10,467.86,4678.6,Completed,Amit
102669,2025-02-18,CUST0515,East,Refrigerator,Home Appliances,3,1412.13,4236.39,Completed,Neha
102670,2025-03-12,CUST0436,North,Refrigerator,Home Appliances,9,6299.11,56691.99,Completed,Priya
102671,2025-09-05,CUST0679,North,Television,Home Appliances,1,16194.21,16194.21,Cancelled,Sneha
102672,2025-01-30,CUST0907,North,Jeans,Fashion,3,2710.76,8132.28,Completed,Priya
102673,2025-01-02,CUST1468,South,Television,Home Appliances,4,3362.02,13448.08,Cancelled,Neha
102674,2025-08-10,CUST1281,West,Television,Home Appliances,3,4501.8,13505.4,Returned,Meera
102675,2025-02-08,CUST0849,East,Backpack,Stationery,8,124.81,998.48,Returned,Arjun
102676,2025-08-15,CUST0008,West,Jacket,Fashion,1,2791.44,2791.44,Completed,Amit
102677,2025-06-10,CUST0348,North,Washing Machine,Home Appliances,1,7366.1,7366.1,Completed,Karan
102678,2025-06-02,CUST1491,East,Laptop,Electronics,8,4059.88,32479.04,Completed,Meera
102679,2025-07-07,CUST1037,West,Shoes,Fashion,7,1525.08,10675.56,Completed,Arjun
102680,2025-08-09,CUST0328,East,Washing Machine,Home Appliances,10,18594.07,185940.7,Cancelled,Neha
102681,2025-07-02,CUST1300,South,Notebook,Stationery,9,337.93,3041.37,Cancelled,Karan
102682,2025-05-17,CUST0646,South,Book,Stationery,5,295.36,1476.8,Completed,Neha
102683,2025-12-24,CUST1169,South,Mouse,Electronics,4,4914.23,19656.92,Completed,Karan
102684,2025-09-17,CUST0876,East,Headphones,Electronics,10,4612.53,46125.3,Completed,Sneha
102685,2025-12-05,CUST0426,West,Shoes,Fashion,5,1872.2,9361.0,Cancelled,Arjun
102686,2025-04-24,CUST1210,North,T-Shirt,Fashion,3,569.01,1707.03,Cancelled,Priya
102687,2025-10-27,CUST1442,East,Refrigerator,Home Appliances,3,14653.42,43960.26,Completed,Priya
102688,2025-04-27,CUST0516,East,Jeans,Fashion,9,2811.8,25306.2,Completed,Priya
102689,2025-12-24,CUST0335,West,Television,Home Appliances,8,9301.81,74414.48,Returned,Karan
102690,2025-11-23,CUST0331,North,Pen,Stationery,3,416.82,1250.46,Completed,Meera
102691,2025-09-27,CUST0290,West,Book,Stationery,9,391.69,3525.21,Completed,Meera
102692,2025-05-29,CUST0139,South,Headphones,Electronics,9,4876.39,43887.51,Completed,Arjun
102693,2025-07-09,CUST0821,North,Smartphone,Electronics,5,3089.91,15449.55,Completed,Karan
102694,2025-12-18,CUST0909,North,Book,Stationery,6,267.35,1604.1,Completed,Arjun
102695,2025-01-02,CUST1272,South,Television,Home Appliances,9,5587.4,50286.6,Completed,Arjun
102696,2025-03-14,CUST0855,East,Laptop,Electronics,9,767.09,6903.81,Completed,Rahul
102697,2025-06-13,CUST0921,South,Laptop,Electronics,7,1951.93,13663.51,Returned,Sneha
102698,2025-07-03,CUST1011,North,Backpack,Stationery,6,177.33,1063.98,Completed,Rahul
102699,2025-01-04,CUST0108,South,Jacket,Fashion,7,968.87,6782.09,Completed,Sneha
102700,2025-07-02,CUST0147,South,Notebook,Stationery,5,347.98,1739.9,Completed,Karan
102701,2025-05-12,CUST0620,North,Shoes,Fashion,3,690.35,2071.05,Completed,Meera
102702,2025-04-14,CUST0413,South,Shoes,Fashion,3,2444.69,7334.07,Returned,Arjun
102703,2025-08-29,CUST0086,East,Mouse,Electronics,4,4264.24,17056.96,Completed,Neha
102704,2025-06-02,CUST0549,West,Notebook,Stationery,1,443.31,443.31,Returned,Arjun
102705,2025-06-20,CUST1498,East,Smartphone,Electronics,1,4087.91,4087.91,Completed,Neha
102706,2025-04-19,CUST0552,East,Mouse,Electronics,5,3860.18,19300.9,Completed,Arjun
102707,2025-10-22,CUST0998,West,Mouse,Electronics,8,3183.69,25469.52,Cancelled,Sneha
102708,2025-07-05,CUST0798,North,Television,Home Appliances,5,3080.8,15404.0,Completed,Karan
102709,2025-07-13,CUST1416,South,Shoes,Fashion,8,773.0,6184.0,Completed,Amit
102710,2025-12-13,CUST0039,North,Jacket,Fashion,4,1804.5,7218.0,Completed,Amit
102711,2025-11-12,CUST0514,North,Television,Home Appliances,7,1020.71,7144.97,Completed,Amit
102712,2025-11-04,CUST0287,North,Refrigerator,Home Appliances,6,18315.6,109893.6,Completed,Amit
102713,2025-04-27,CUST0198,South,Notebook,Stationery,5,93.71,468.55,Completed,Meera
102714,2025-07-07,CUST0233,North,Jacket,Fashion,8,1215.21,9721.68,Completed,Arjun
102715,2025-09-25,CUST1483,West,T-Shirt,Fashion,4,210.34,841.36,Cancelled,Sneha
102716,2025-03-23,CUST0502,West,Pen,Stationery,2,293.86,587.72,Completed,Arjun
102717,2025-11-15,CUST0574,West,Headphones,Electronics,9,2195.35,19758.15,Completed,Meera
102718,2025-08-16,CUST0395,East,T-Shirt,Fashion,2,2578.06,5156.12,Completed,Rahul
102719,2025-09-29,CUST0185,South,Television,Home Appliances,2,8059.08,16118.16,Completed,Rahul
102720,2025-06-24,CUST1154,North,T-Shirt,Fashion,7,2505.32,17537.24,Completed,Amit
102721,2025-03-15,CUST0451,South,Notebook,Stationery,4,84.09,336.36,Completed,Amit
102722,2025-10-21,CUST0116,East,Refrigerator,Home Appliances,4,9959.0,39836.0,Completed,Arjun
102723,2025-08-18,CUST0114,North,Jeans,Fashion,9,1957.52,17617.68,Cancelled,Meera
102724,2025-08-16,CUST0862,South,Jeans,Fashion,2,1955.94,3911.88,Completed,Neha
102725,2025-01-21,CUST0927,West,Mouse,Electronics,9,3309.42,29784.78,Completed,Priya
102726,2025-01-30,CUST1143,North,Shoes,Fashion,6,1583.52,9501.12,Completed,Arjun
102727,2025-05-15,CUST1128,South,Washing Machine,Home Appliances,9,4991.86,44926.74,Completed,Amit
102728,2025-03-19,CUST0488,South,Refrigerator,Home Appliances,8,8573.28,68586.24,Completed,Rahul
102729,2025-06-20,CUST0181,East,Mouse,Electronics,1,3344.16,3344.16,Completed,Arjun
102730,2025-01-14,CUST1329,South,Mouse,Electronics,3,4169.66,12508.98,Completed,Arjun
102731,2025-10-28,CUST0271,West,Book,Stationery,2,42.6,85.2,Completed,Rahul
102732,2025-04-29,CUST0459,North,Washing Machine,Home Appliances,9,12527.21,112744.89,Returned,Arjun
102733,2025-06-11,CUST0091,South,Jacket,Fashion,1,879.31,879.31,Completed,Meera
102734,2025-12-20,CUST0914,East,Notebook,Stationery,4,182.39,729.56,Cancelled,Meera
102735,2025-12-03,CUST0447,East,Television,Home Appliances,2,15552.9,31105.8,Completed,Sneha
102736,2025-01-17,CUST0733,West,Headphones,Electronics,8,3542.54,28340.32,Completed,Meera
102737,2025-05-24,CUST0540,East,Television,Home Appliances,5,14507.26,72536.3,Completed,Neha
102738,2025-09-05,CUST0106,East,Laptop,Electronics,5,787.51,3937.55,Cancelled,Neha
102739,2025-08-16,CUST0234,North,Shoes,Fashion,4,1321.67,5286.68,Completed,Arjun
102740,2025-08-19,CUST1266,South,Laptop,Electronics,10,3374.92,33749.2,Completed,Rahul
102741,2025-11-18,CUST0547,North,Television,Home Appliances,5,16281.63,81408.15,Completed,Karan
102742,2025-05-31,CUST0051,West,Jacket,Fashion,8,1808.61,14468.88,Cancelled,Arjun
102743,2025-04-22,CUST0276,North,Pen,Stationery,1,51.87,51.87,Completed,Meera
102744,2025-09-13,CUST0750,South,Refrigerator,Home Appliances,6,12063.55,72381.3,Completed,Rahul
102745,2025-09-18,CUST0806,West,Television,Home Appliances,8,5436.91,43495.28,Completed,Rahul
102746,2025-12-28,CUST1356,North,Headphones,Electronics,9,2157.3,19415.7,Completed,Neha
102747,2025-07-10,CUST0142,North,Refrigerator,Home Appliances,5,2718.93,13594.65,Completed,Karan
102748,2025-01-13,CUST0956,West,Television,Home Appliances,7,16144.84,113013.88,Completed,Arjun
102749,2025-03-04,CUST0708,North,Pen,Stationery,7,104.81,733.67,Completed,Priya
102750,2025-02-02,CUST0906,East,Pen,Stationery,10,75.15,751.5,Completed,Rahul
102751,2025-07-27,CUST1157,East,Refrigerator,Home Appliances,9,13623.68,122613.12,Completed,Karan
102752,2025-12-08,CUST0983,South,Smartphone,Electronics,5,4270.0,21350.0,Completed,Amit
102753,2025-05-28,CUST0053,West,T-Shirt,Fashion,8,2470.41,19763.28,Completed,Rahul
102754,2025-01-15,CUST0311,South,Pen,Stationery,4,486.12,1944.48,Returned,Sneha
102755,2025-04-06,CUST0239,West,Mouse,Electronics,10,2230.12,22301.2,Completed,Meera
102756,2025-08-01,CUST0848,South,Book,Stationery,10,378.2,3782.0,Returned,Amit
102757,2025-05-23,CUST0357,East,Washing Machine,Home Appliances,7,18390.14,128730.98,Completed,Rahul
102758,2025-10-29,CUST1115,East,Television,Home Appliances,4,6104.63,24418.52,Completed,Neha
102759,2025-08-04,CUST1000,North,Backpack,Stationery,9,125.94,1133.46,Completed,Amit
102760,2025-06-17,CUST0307,North,Keyboard,Electronics,8,3264.21,26113.68,Completed,Arjun
102761,2025-03-26,CUST0433,West,Headphones,Electronics,5,621.06,3105.3,Cancelled,Sneha
102762,2025-07-04,CUST0890,North,Keyboard,Electronics,5,4331.6,21658.0,Completed,Arjun
102763,2025-09-08,CUST0263,South,Laptop,Electronics,9,2226.79,20041.11,Completed,Sneha
102764,2025-03-22,CUST1310,West,Pen,Stationery,6,299.67,1798.02,Completed,Meera
102765,2025-01-24,CUST0054,West,Pen,Stationery,2,163.34,326.68,Returned,Sneha
102766,2025-04-17,CUST0556,North,Smartphone,Electronics,6,2044.74,12268.44,Returned,Karan
102767,2025-10-02,CUST0469,East,Backpack,Stationery,3,106.67,320.01,Completed,Neha
102768,2025-05-22,CUST0775,East,Refrigerator,Home Appliances,5,18577.88,92889.4,Completed,Meera
102769,2025-02-28,CUST0534,South,T-Shirt,Fashion,3,1201.27,3603.81,Completed,Meera
102770,2025-12-19,CUST0017,North,T-Shirt,Fashion,2,575.24,1150.48,Completed,Sneha
102771,2025-08-11,CUST0871,East,T-Shirt,Fashion,8,1587.53,12700.24,Completed,Amit
102772,2025-12-23,CUST1098,South,Shoes,Fashion,1,479.73,479.73,Returned,Priya
102773,2025-02-17,CUST0133,North,T-Shirt,Fashion,10,436.06,4360.6,Completed,Meera
102774,2025-01-08,CUST0996,East,Notebook,Stationery,2,473.74,947.48,Completed,Priya
102775,2025-06-13,CUST0867,North,Mouse,Electronics,7,3338.88,23372.16,Completed,Meera
102776,2025-01-02,CUST0293,South,Keyboard,Electronics,9,3432.64,30893.76,Cancelled,Neha
102777,2025-05-15,CUST0368,West,Television,Home Appliances,2,8073.47,16146.94,Completed,Amit
102778,2025-09-15,CUST0885,North,Smartphone,Electronics,4,744.03,2976.12,Returned,Sneha
102779,2025-02-18,CUST0197,North,Headphones,Electronics,3,1256.9,3770.7,Cancelled,Amit
102780,2025-06-11,CUST0155,North,Backpack,Stationery,8,37.6,300.8,Completed,Rahul
102781,2025-05-08,CUST0422,West,Laptop,Electronics,7,2409.87,16869.09,Completed,Rahul
102782,2025-04-29,CUST1203,West,Shoes,Fashion,1,2975.4,2975.4,Completed,Rahul
102783,2025-01-15,CUST0196,East,Headphones,Electronics,7,1129.27,7904.89,Cancelled,Priya
102784,2025-04-25,CUST1180,East,Washing Machine,Home Appliances,9,6828.2,61453.8,Completed,Rahul
102785,2025-03-01,CUST0440,West,T-Shirt,Fashion,9,1260.73,11346.57,Completed,Karan
102786,2025-04-21,CUST0624,West,Jacket,Fashion,5,1133.12,5665.6,Completed,Karan
102787,2025-03-30,CUST0541,South,Jacket,Fashion,7,2420.54,16943.78,Completed,Karan
102788,2025-10-26,CUST0731,West,Television,Home Appliances,1,14863.97,14863.97,Completed,Meera
102789,2025-10-09,CUST1305,North,Notebook,Stationery,5,337.7,1688.5,Completed,Meera
102790,2025-02-17,CUST0686,West,Washing Machine,Home Appliances,7,16861.94,118033.58,Returned,Arjun
102791,2025-05-17,CUST1000,South,Jeans,Fashion,10,2571.78,25717.8,Returned,Sneha
102792,2025-08-02,CUST0853,North,Television,Home Appliances,9,2150.99,19358.91,Completed,Meera
102793,2025-10-25,CUST1430,North,T-Shirt,Fashion,4,1332.1,5328.4,Completed,Meera
102794,2025-12-08,CUST0478,North,Jacket,Fashion,7,2215.1,15505.7,Completed,Arjun
102795,2025-06-23,CUST0512,West,Television,Home Appliances,10,11477.44,114774.4,Completed,Arjun
102796,2025-09-01,CUST0168,West,Notebook,Stationery,5,69.56,347.8,Completed,Arjun
102797,2025-06-15,CUST0556,West,Television,Home Appliances,9,18693.18,168238.62,Returned,Karan
102798,2025-05-07,CUST1370,East,Pen,Stationery,9,379.56,3416.04,Completed,Priya
102799,2025-10-30,CUST1309,West,Notebook,Stationery,5,291.44,1457.2,Completed,Priya
102800,2025-12-11,CUST1025,East,Book,Stationery,6,433.01,2598.06,Completed,Neha
102801,2025-09-12,CUST0427,South,Book,Stationery,1,137.52,137.52,Completed,Amit
102802,2025-05-21,CUST1099,South,Notebook,Stationery,1,472.63,472.63,Cancelled,Amit
102803,2025-03-02,CUST0270,East,Washing Machine,Home Appliances,5,11902.98,59514.9,Returned,Arjun
102804,2025-08-15,CUST0813,West,Television,Home Appliances,5,15876.95,79384.75,Completed,Karan
102805,2025-11-21,CUST0337,South,Television,Home Appliances,10,19838.41,198384.1,Cancelled,Karan
102806,2025-04-08,CUST1225,East,Jacket,Fashion,4,2768.05,11072.2,Completed,Karan
102807,2025-05-15,CUST1036,East,Smartphone,Electronics,7,4192.97,29350.79,Returned,Priya
102808,2025-07-16,CUST1472,North,Television,Home Appliances,7,14347.8,100434.6,Completed,Priya
102809,2025-10-09,CUST0460,West,Backpack,Stationery,1,217.61,217.61,Completed,Priya
102810,2025-06-29,CUST1170,East,Laptop,Electronics,7,983.46,6884.22,Completed,Neha
102811,2025-04-29,CUST0558,North,Shoes,Fashion,2,745.12,1490.24,Completed,Arjun
102812,2025-02-21,CUST0577,East,Notebook,Stationery,5,276.07,1380.35,Cancelled,Karan
102813,2025-09-10,CUST1230,West,Laptop,Electronics,2,4392.39,8784.78,Completed,Karan
102814,2025-05-25,CUST1185,East,Laptop,Electronics,7,546.9,3828.3,Cancelled,Amit
102815,2025-10-15,CUST0855,South,T-Shirt,Fashion,1,621.46,621.46,Returned,Arjun
102816,2025-05-07,CUST0598,West,Laptop,Electronics,10,3210.0,32100.0,Completed,Neha
102817,2025-03-21,CUST0123,West,Jeans,Fashion,5,1749.85,8749.25,Completed,Priya
102818,2025-12-10,CUST0197,South,Book,Stationery,8,291.43,2331.44,Cancelled,Priya
102819,2025-06-15,CUST0985,East,Television,Home Appliances,7,2116.45,14815.15,Cancelled,Priya
102820,2025-12-28,CUST0201,North,Book,Stationery,4,440.91,1763.64,Returned,Amit
102821,2025-01-03,CUST0331,East,Washing Machine,Home Appliances,8,13711.13,109689.04,Completed,Priya
102822,2025-06-03,CUST0650,West,Television,Home Appliances,8,17170.6,137364.8,Returned,Priya
102823,2025-07-08,CUST1006,South,Washing Machine,Home Appliances,8,17133.53,137068.24,Completed,Arjun
102824,2025-02-10,CUST0077,South,Television,Home Appliances,2,5538.0,11076.0,Completed,Priya
102825,2025-03-28,CUST0511,West,Book,Stationery,10,499.4,4994.0,Completed,Karan
102826,2025-06-21,CUST0447,North,Laptop,Electronics,4,870.81,3483.24,Completed,Arjun
102827,2025-05-10,CUST0706,North,Washing Machine,Home Appliances,2,8723.88,17447.76,Completed,Sneha
102828,2025-02-08,CUST0005,West,Television,Home Appliances,8,15052.28,120418.24,Completed,Karan
102829,2025-11-02,CUST1444,North,Book,Stationery,8,300.2,2401.6,Completed,Sneha
102830,2025-10-19,CUST1225,West,Backpack,Stationery,10,155.52,1555.2,Returned,Amit
102831,2025-12-25,CUST1497,North,Shoes,Fashion,10,2973.14,29731.4,Completed,Sneha
102832,2025-09-16,CUST0607,West,Notebook,Stationery,6,194.75,1168.5,Cancelled,Rahul
102833,2025-07-26,CUST0273,North,Book,Stationery,8,94.91,759.28,Completed,Amit
102834,2025-12-06,CUST0088,East,Jacket,Fashion,1,1533.95,1533.95,Completed,Karan
102835,2025-07-13,CUST1043,South,Smartphone,Electronics,1,4940.73,4940.73,Cancelled,Karan
102836,2025-02-22,CUST0011,East,Mouse,Electronics,8,4001.13,32009.04,Returned,Arjun
102837,2025-02-21,CUST0996,West,Book,Stationery,5,494.37,2471.85,Completed,Amit
102838,2025-02-26,CUST0250,North,Backpack,Stationery,3,112.24,336.72,Cancelled,Rahul
102839,2025-04-03,CUST0359,West,Refrigerator,Home Appliances,3,11492.07,34476.21,Completed,Karan
102840,2025-07-03,CUST1242,North,Pen,Stationery,3,272.48,817.44,Completed,Karan
102841,2025-11-06,CUST0238,West,Laptop,Electronics,9,1705.89,15353.01,Completed,Priya
102842,2025-06-10,CUST0398,North,Smartphone,Electronics,6,3501.56,21009.36,Returned,Meera
102843,2025-01-04,CUST0895,North,Refrigerator,Home Appliances,9,12248.92,110240.28,Completed,Sneha
102844,2025-09-26,CUST0493,East,Book,Stationery,10,384.4,3844.0,Completed,Amit
102845,2025-05-28,CUST1459,North,Laptop,Electronics,5,960.47,4802.35,Completed,Priya
102846,2025-02-18,CUST1344,North,T-Shirt,Fashion,9,2330.66,20975.94,Completed,Arjun
102847,2025-03-31,CUST0175,West,Pen,Stationery,3,284.29,852.87,Completed,Neha
102848,2025-01-13,CUST1380,West,Jacket,Fashion,9,1998.93,17990.37,Completed,Priya
102849,2025-11-14,CUST1486,South,Refrigerator,Home Appliances,4,16654.24,66616.96,Completed,Neha
102850,2025-10-10,CUST0662,North,Book,Stationery,6,410.87,2465.22,Returned,Sneha
102851,2025-04-06,CUST1180,East,Shoes,Fashion,9,2326.77,20940.93,Cancelled,Arjun
102852,2025-09-24,CUST1245,South,Headphones,Electronics,6,4522.38,27134.28,Completed,Priya
102853,2025-05-04,CUST0479,South,Keyboard,Electronics,6,2391.7,14350.2,Cancelled,Sneha
102854,2025-03-15,CUST0910,South,Book,Stationery,2,211.56,423.12,Completed,Neha
102855,2025-10-10,CUST0120,West,Book,Stationery,5,302.12,1510.6,Completed,Amit
102856,2025-11-12,CUST1258,West,T-Shirt,Fashion,8,2224.08,17792.64,Completed,Arjun
102857,2025-09-13,CUST0370,North,Jeans,Fashion,5,1487.53,7437.65,Cancelled,Amit
102858,2025-05-09,CUST0357,West,T-Shirt,Fashion,4,2283.05,9132.2,Completed,Amit
102859,2025-03-06,CUST0631,East,Headphones,Electronics,2,2544.66,5089.32,Completed,Sneha
102860,2025-10-01,CUST0693,North,Washing Machine,Home Appliances,10,3052.23,30522.3,Completed,Amit
102861,2025-07-13,CUST0031,West,Notebook,Stationery,8,290.29,2322.32,Completed,Sneha
102862,2025-04-20,CUST0454,West,Book,Stationery,4,498.44,1993.76,Completed,Sneha
102863,2025-02-12,CUST0660,West,Jeans,Fashion,3,2806.57,8419.71,Completed,Neha
102864,2025-03-13,CUST1240,South,Headphones,Electronics,1,4602.42,4602.42,Completed,Priya
102865,2025-03-22,CUST1230,West,Notebook,Stationery,2,252.98,505.96,Cancelled,Amit
102866,2025-04-01,CUST0245,North,Shoes,Fashion,7,1499.23,10494.61,Completed,Rahul
102867,2025-01-03,CUST0812,West,Backpack,Stationery,10,120.76,1207.6,Returned,Sneha
102868,2025-10-28,CUST0322,East,Smartphone,Electronics,2,4275.51,8551.02,Completed,Sneha
102869,2025-02-18,CUST1376,East,Smartphone,Electronics,3,702.87,2108.61,Completed,Neha
102870,2025-09-08,CUST1238,South,Refrigerator,Home Appliances,6,12760.91,76565.46,Completed,Amit
102871,2025-10-25,CUST1328,North,Laptop,Electronics,1,1327.13,1327.13,Completed,Arjun
102872,2025-12-13,CUST0576,South,Refrigerator,Home Appliances,6,8154.89,48929.34,Completed,Sneha
102873,2025-10-24,CUST1274,West,Jeans,Fashion,1,2235.86,2235.86,Completed,Karan
102874,2025-02-12,CUST0789,South,T-Shirt,Fashion,3,2280.12,6840.36,Completed,Priya
102875,2025-05-28,CUST0502,South,Jeans,Fashion,7,1010.95,7076.65,Completed,Priya
102876,2025-12-25,CUST0214,East,Jeans,Fashion,4,2097.5,8390.0,Completed,Meera
102877,2025-06-26,CUST0363,South,Backpack,Stationery,7,183.19,1282.33,Completed,Arjun
102878,2025-03-23,CUST1135,East,Smartphone,Electronics,1,4026.89,4026.89,Cancelled,Sneha
102879,2025-11-16,CUST0123,West,Book,Stationery,7,337.85,2364.95,Completed,Priya
102880,2025-12-15,CUST0905,East,Keyboard,Electronics,8,3317.29,26538.32,Completed,Meera
102881,2025-03-19,CUST0407,South,Notebook,Stationery,6,138.12,828.72,Completed,Sneha
102882,2025-11-22,CUST1059,North,Refrigerator,Home Appliances,3,8192.47,24577.41,Completed,Sneha
102883,2025-05-27,CUST0312,North,Notebook,Stationery,8,60.22,481.76,Completed,Amit
102884,2025-05-06,CUST1167,West,Smartphone,Electronics,8,4235.8,33886.4,Cancelled,Priya
102885,2025-11-03,CUST1350,South,Refrigerator,Home Appliances,5,9309.72,46548.6,Completed,Neha
102886,2025-02-22,CUST1006,West,Washing Machine,Home Appliances,9,14558.51,131026.59,Cancelled,Meera
102887,2025-06-24,CUST0431,West,Pen,Stationery,10,54.36,543.6,Completed,Priya
102888,2025-03-25,CUST1435,South,Shoes,Fashion,7,2450.72,17155.04,Completed,Rahul
102889,2025-07-08,CUST0131,West,Backpack,Stationery,4,438.32,1753.28,Completed,Karan
102890,2025-05-08,CUST1002,North,Jeans,Fashion,4,2894.26,11577.04,Completed,Sneha
102891,2025-08-14,CUST1048,North,Backpack,Stationery,7,144.89,1014.23,Completed,Rahul
102892,2025-07-08,CUST0247,East,Washing Machine,Home Appliances,10,6471.6,64716.0,Completed,Rahul
102893,2025-10-18,CUST0858,North,Shoes,Fashion,7,1820.06,12740.42,Completed,Sneha
102894,2025-03-06,CUST0917,South,Smartphone,Electronics,1,4398.66,4398.66,Completed,Rahul
102895,2025-11-11,CUST0903,West,Television,Home Appliances,6,14340.91,86045.46,Completed,Karan
102896,2025-06-04,CUST0896,North,Refrigerator,Home Appliances,3,11935.03,35805.09,Returned,Rahul
102897,2025-08-25,CUST1127,East,Refrigerator,Home Appliances,5,17966.61,89833.05,Completed,Sneha
102898,2025-09-24,CUST0597,East,Backpack,Stationery,3,199.32,597.96,Completed,Neha
102899,2025-02-17,CUST0600,South,Television,Home Appliances,10,11064.3,110643.0,Completed,Rahul
102900,2025-03-21,CUST1421,East,Refrigerator,Home Appliances,8,13257.05,106056.4,Returned,Karan
102901,2025-08-16,CUST0025,South,Shoes,Fashion,7,1567.07,10969.49,Completed,Neha
102902,2025-02-27,CUST0138,West,Television,Home Appliances,7,4808.76,33661.32,Cancelled,Rahul
102903,2025-05-18,CUST0260,South,Laptop,Electronics,9,1814.8,16333.2,Cancelled,Neha
102904,2025-12-12,CUST1181,South,Refrigerator,Home Appliances,7,17133.19,119932.33,Completed,Rahul
102905,2025-07-15,CUST0018,North,Backpack,Stationery,2,354.71,709.42,Completed,Karan
102906,2025-10-15,CUST0759,South,Jacket,Fashion,10,572.63,5726.3,Completed,Amit
102907,2025-07-09,CUST0192,West,Smartphone,Electronics,3,1676.98,5030.94,Completed,Amit
102908,2025-02-26,CUST0974,North,Laptop,Electronics,6,1812.98,10877.88,Cancelled,Amit
102909,2025-10-23,CUST1309,East,Smartphone,Electronics,9,3801.87,34216.83,Completed,Priya
102910,2025-02-02,CUST0714,South,Headphones,Electronics,1,1723.73,1723.73,Completed,Sneha
102911,2025-11-21,CUST1341,East,Smartphone,Electronics,6,1359.19,8155.14,Completed,Neha
102912,2025-09-16,CUST0103,West,Pen,Stationery,8,173.47,1387.76,Completed,Amit
102913,2025-07-15,CUST0578,South,Keyboard,Electronics,9,4691.29,42221.61,Completed,Meera
102914,2025-11-08,CUST0077,West,Shoes,Fashion,2,2893.79,5787.58,Cancelled,Priya
102915,2025-08-12,CUST0192,East,Notebook,Stationery,8,356.83,2854.64,Completed,Arjun
102916,2025-10-20,CUST0963,South,Backpack,Stationery,2,60.89,121.78,Completed,Neha
102917,2025-01-22,CUST1474,North,Refrigerator,Home Appliances,7,2247.78,15734.46,Cancelled,Sneha
102918,2025-11-26,CUST1105,East,Washing Machine,Home Appliances,4,5856.08,23424.32,Completed,Arjun
102919,2025-05-07,CUST0747,West,Jacket,Fashion,3,1727.21,5181.63,Returned,Rahul
102920,2025-03-14,CUST0194,South,T-Shirt,Fashion,7,1320.5,9243.5,Returned,Meera
102921,2025-10-04,CUST0549,South,Shoes,Fashion,2,2107.69,4215.38,Completed,Meera
102922,2025-09-21,CUST0699,West,Refrigerator,Home Appliances,4,1122.74,4490.96,Completed,Meera
102923,2025-10-14,CUST1326,West,Washing Machine,Home Appliances,7,9169.95,64189.65,Completed,Priya
102924,2025-09-23,CUST0760,North,Shoes,Fashion,3,1095.82,3287.46,Completed,Neha
102925,2025-01-04,CUST1097,South,Mouse,Electronics,8,4181.83,33454.64,Completed,Amit
102926,2025-03-27,CUST0991,South,Notebook,Stationery,9,435.21,3916.89,Completed,Priya
102927,2025-03-07,CUST1420,South,Mouse,Electronics,5,1130.94,5654.7,Completed,Arjun
102928,2025-08-15,CUST0170,West,Refrigerator,Home Appliances,10,2168.09,21680.9,Completed,Rahul
102929,2025-05-29,CUST1002,West,T-Shirt,Fashion,4,1026.57,4106.28,Cancelled,Amit
102930,2025-02-18,CUST1268,South,Jacket,Fashion,8,2959.28,23674.24,Returned,Meera
102931,2025-08-11,CUST0717,South,Keyboard,Electronics,6,3694.0,22164.0,Completed,Meera
102932,2025-12-15,CUST0774,West,Pen,Stationery,1,311.48,311.48,Completed,Karan
102933,2025-03-19,CUST0331,North,Laptop,Electronics,10,3710.3,37103.0,Returned,Arjun
102934,2025-12-22,CUST0374,West,T-Shirt,Fashion,8,1947.6,15580.8,Cancelled,Priya
102935,2025-08-23,CUST0044,North,T-Shirt,Fashion,10,2169.58,21695.8,Completed,Meera
102936,2025-06-21,CUST1010,East,Washing Machine,Home Appliances,1,15483.0,15483.0,Completed,Sneha
102937,2025-12-29,CUST0311,South,Laptop,Electronics,1,811.59,811.59,Completed,Amit
102938,2025-04-17,CUST1371,North,Washing Machine,Home Appliances,6,11649.98,69899.88,Cancelled,Sneha
102939,2025-09-17,CUST1025,West,Notebook,Stationery,4,172.95,691.8,Completed,Priya
102940,2025-08-30,CUST1168,East,Refrigerator,Home Appliances,5,11838.65,59193.25,Cancelled,Arjun
102941,2025-11-21,CUST0794,North,Television,Home Appliances,9,18558.42,167025.78,Completed,Neha
102942,2025-09-11,CUST1419,West,Refrigerator,Home Appliances,4,2740.77,10963.08,Cancelled,Arjun
102943,2025-03-14,CUST0636,South,Pen,Stationery,3,393.77,1181.31,Completed,Karan
102944,2025-05-29,CUST0006,East,Television,Home Appliances,8,13726.4,109811.2,Cancelled,Rahul
102945,2025-02-14,CUST0623,South,Mouse,Electronics,7,3488.32,24418.24,Cancelled,Sneha
102946,2025-06-23,CUST0574,West,Mouse,Electronics,1,3017.65,3017.65,Cancelled,Meera
102947,2025-11-27,CUST1426,West,Keyboard,Electronics,4,3783.35,15133.4,Returned,Sneha
102948,2025-04-13,CUST0027,East,Notebook,Stationery,7,307.17,2150.19,Returned,Amit
102949,2025-11-01,CUST1206,West,Mouse,Electronics,1,2868.46,2868.46,Completed,Meera
102950,2025-09-30,CUST0092,West,Laptop,Electronics,5,4341.24,21706.2,Completed,Neha
102951,2025-11-04,CUST0369,East,Jeans,Fashion,2,1138.29,2276.58,Completed,Neha
102952,2025-08-02,CUST0870,East,Headphones,Electronics,4,3350.11,13400.44,Completed,Arjun
102953,2025-01-13,CUST1049,East,Notebook,Stationery,9,459.77,4137.93,Completed,Rahul
102954,2025-10-20,CUST0621,South,Book,Stationery,6,429.46,2576.76,Cancelled,Karan
102955,2025-04-23,CUST0151,East,Book,Stationery,6,457.45,2744.7,Completed,Sneha
102956,2025-11-10,CUST0887,South,Television,Home Appliances,4,1158.97,4635.88,Returned,Meera
102957,2025-03-05,CUST0632,West,T-Shirt,Fashion,2,1761.56,3523.12,Completed,Neha
102958,2025-02-23,CUST0831,South,Backpack,Stationery,6,330.87,1985.22,Completed,Priya
102959,2025-03-06,CUST1348,West,Backpack,Stationery,7,437.47,3062.29,Completed,Neha
102960,2025-12-02,CUST0813,West,Pen,Stationery,1,62.14,62.14,Completed,Arjun
102961,2025-08-10,CUST0891,South,Television,Home Appliances,3,4497.43,13492.29,Completed,Amit
102962,2025-07-22,CUST0666,West,Washing Machine,Home Appliances,7,2626.88,18388.16,Completed,Amit
102963,2025-06-12,CUST1159,East,Pen,Stationery,10,300.19,3001.9,Completed,Sneha
102964,2025-06-15,CUST1236,South,Backpack,Stationery,8,93.1,744.8,Completed,Amit
102965,2025-09-30,CUST0051,North,Television,Home Appliances,6,19232.25,115393.5,Completed,Priya
102966,2025-07-18,CUST0676,South,Shoes,Fashion,8,506.21,4049.68,Completed,Neha
102967,2025-06-30,CUST0812,North,Smartphone,Electronics,10,4807.7,48077.0,Cancelled,Meera
102968,2025-01-21,CUST0115,North,Laptop,Electronics,5,2865.12,14325.6,Cancelled,Amit
102969,2025-11-23,CUST0371,South,Washing Machine,Home Appliances,5,12292.95,61464.75,Completed,Meera
102970,2025-11-25,CUST0035,West,Jacket,Fashion,1,1954.09,1954.09,Completed,Amit
102971,2025-01-07,CUST0131,South,Laptop,Electronics,3,2029.53,6088.59,Cancelled,Amit
102972,2025-01-12,CUST0823,North,Pen,Stationery,3,294.38,883.14,Completed,Rahul
102973,2025-04-18,CUST0244,East,Refrigerator,Home Appliances,4,8753.41,35013.64,Completed,Amit
102974,2025-03-11,CUST0536,West,Keyboard,Electronics,4,589.16,2356.64,Returned,Arjun
102975,2025-05-03,CUST0962,North,Washing Machine,Home Appliances,10,9573.41,95734.1,Returned,Sneha
102976,2025-12-06,CUST1224,North,Book,Stationery,5,166.44,832.2,Returned,Meera
102977,2025-09-10,CUST0427,North,Shoes,Fashion,7,1719.7,12037.9,Completed,Karan
102978,2025-02-03,CUST0575,South,T-Shirt,Fashion,5,1124.86,5624.3,Completed,Arjun
102979,2025-06-01,CUST1151,West,T-Shirt,Fashion,5,1618.69,8093.45,Completed,Sneha
102980,2025-04-21,CUST0890,South,Notebook,Stationery,7,419.42,2935.94,Cancelled,Sneha
102981,2025-08-24,CUST0969,North,Refrigerator,Home Appliances,1,17352.86,17352.86,Completed,Amit
102982,2025-11-30,CUST0837,West,T-Shirt,Fashion,3,2364.79,7094.37,Completed,Karan
102983,2025-12-20,CUST0691,East,T-Shirt,Fashion,7,2991.09,20937.63,Completed,Karan
102984,2025-01-17,CUST1221,West,Shoes,Fashion,6,2984.67,17908.02,Completed,Arjun
102985,2025-04-11,CUST0575,West,Notebook,Stationery,1,44.55,44.55,Returned,Neha
102986,2025-09-08,CUST0291,North,Keyboard,Electronics,8,1522.74,12181.92,Completed,Sneha
102987,2025-02-02,CUST0864,West,Smartphone,Electronics,9,4664.19,41977.71,Completed,Sneha
102988,2025-12-19,CUST1428,East,Headphones,Electronics,1,3544.63,3544.63,Completed,Sneha
102989,2025-04-18,CUST0704,West,Smartphone,Electronics,9,923.96,8315.64,Cancelled,Rahul
102990,2025-09-09,CUST1271,North,Pen,Stationery,4,415.69,1662.76,Completed,Priya
102991,2025-10-22,CUST0060,North,Smartphone,Electronics,4,3455.69,13822.76,Returned,Rahul
102992,2025-05-16,CUST0306,South,Pen,Stationery,3,444.76,1334.28,Cancelled,Arjun
102993,2025-01-27,CUST1073,North,Television,Home Appliances,6,3109.18,18655.08,Completed,Neha
102994,2025-02-11,CUST0532,South,Jeans,Fashion,5,1158.22,5791.1,Returned,Priya
102995,2025-12-07,CUST0624,North,Washing Machine,Home Appliances,2,2489.46,4978.92,Cancelled,Sneha
102996,2025-08-02,CUST0278,South,Television,Home Appliances,8,14272.21,114177.68,Completed,Priya
102997,2025-05-09,CUST0790,East,Backpack,Stationery,4,138.78,555.12,Returned,Rahul
102998,2025-08-05,CUST1473,West,Headphones,Electronics,8,2185.48,17483.84,Cancelled,Karan
102999,2025-05-12,CUST1077,East,Smartphone,Electronics,7,629.36,4405.52,Completed,Meera
103000,2025-01-31,CUST0869,West,Notebook,Stationery,1,302.79,302.79,Completed,Arjun
103001,2025-11-03,CUST0689,East,Refrigerator,Home Appliances,4,18536.0,74144.0,Completed,Meera
103002,2025-06-18,CUST1477,West,Headphones,Electronics,6,646.19,3877.14,Returned,Rahul
103003,2025-02-21,CUST0355,West,Backpack,Stationery,4,344.82,1379.28,Completed,Neha
103004,2025-02-16,CUST1347,North,Headphones,Electronics,9,2048.7,18438.3,Completed,Amit
103005,2025-07-25,CUST0610,North,Washing Machine,Home Appliances,10,16502.29,165022.9,Completed,Rahul
103006,2025-05-11,CUST0272,South,Television,Home Appliances,4,3034.27,12137.08,Completed,Sneha
103007,2025-11-09,CUST0131,East,Backpack,Stationery,8,108.71,869.68,Completed,Karan
103008,2025-02-13,CUST1068,West,Headphones,Electronics,5,1373.37,6866.85,Completed,Neha
103009,2025-02-13,CUST0079,West,Pen,Stationery,4,459.37,1837.48,Completed,Meera
103010,2025-07-28,CUST0302,East,Book,Stationery,2,173.93,347.86,Returned,Meera
103011,2025-08-20,CUST0438,West,Washing Machine,Home Appliances,6,16369.06,98214.36,Completed,Arjun
103012,2025-01-28,CUST1498,South,Television,Home Appliances,10,2584.24,25842.4,Completed,Rahul
103013,2025-07-23,CUST1162,East,Refrigerator,Home Appliances,10,11448.95,114489.5,Cancelled,Meera
103014,2025-09-05,CUST0234,East,Television,Home Appliances,8,9267.84,74142.72,Completed,Meera
103015,2025-06-27,CUST1219,East,Book,Stationery,8,328.87,2630.96,Completed,Neha
103016,2025-01-06,CUST0364,East,Headphones,Electronics,5,1930.08,9650.4,Completed,Arjun
103017,2025-01-18,CUST0437,North,Television,Home Appliances,8,11544.08,92352.64,Completed,Amit
103018,2025-08-20,CUST0813,East,Television,Home Appliances,6,10556.98,63341.88,Completed,Amit
103019,2025-04-16,CUST0560,South,Shoes,Fashion,10,2386.44,23864.4,Completed,Meera
103020,2025-03-16,CUST0492,South,Jeans,Fashion,2,1702.11,3404.22,Completed,Priya
103021,2025-12-07,CUST0271,South,Laptop,Electronics,4,4235.47,16941.88,Completed,Amit
103022,2025-07-12,CUST0124,East,Shoes,Fashion,4,884.79,3539.16,Completed,Rahul
103023,2025-12-03,CUST1121,West,Refrigerator,Home Appliances,2,5465.41,10930.82,Completed,Neha
103024,2025-12-17,CUST1498,East,Refrigerator,Home Appliances,9,15064.41,135579.69,Cancelled,Arjun
103025,2025-01-05,CUST0487,East,Keyboard,Electronics,4,2369.01,9476.04,Completed,Meera
103026,2025-08-27,CUST1046,North,Television,Home Appliances,7,12404.42,86830.94,Completed,Arjun
103027,2025-07-01,CUST0266,East,Notebook,Stationery,1,40.52,40.52,Completed,Priya
103028,2025-08-11,CUST0495,North,Keyboard,Electronics,1,2555.38,2555.38,Completed,Amit
103029,2025-01-04,CUST1084,North,Shoes,Fashion,3,806.74,2420.22,Completed,Priya
103030,2025-06-05,CUST0741,North,Mouse,Electronics,5,4093.46,20467.3,Returned,Arjun
103031,2025-06-23,CUST0798,East,Notebook,Stationery,10,209.81,2098.1,Completed,Meera
103032,2025-08-17,CUST1402,East,Backpack,Stationery,2,133.44,266.88,Completed,Arjun
103033,2025-07-25,CUST0219,West,Washing Machine,Home Appliances,4,12108.43,48433.72,Completed,Arjun
103034,2025-09-11,CUST0425,South,Notebook,Stationery,1,198.68,198.68,Completed,Meera
103035,2025-04-22,CUST1408,North,Shoes,Fashion,3,2242.43,6727.29,Completed,Priya
103036,2025-04-01,CUST1013,South,Jeans,Fashion,7,2680.09,18760.63,Completed,Neha
103037,2025-08-23,CUST0853,East,Headphones,Electronics,2,822.28,1644.56,Completed,Rahul
103038,2025-04-27,CUST0231,South,Headphones,Electronics,3,1829.85,5489.55,Returned,Arjun
103039,2025-05-09,CUST0796,North,Washing Machine,Home Appliances,5,10104.76,50523.8,Completed,Arjun
103040,2025-10-14,CUST0474,East,Book,Stationery,4,201.15,804.6,Completed,Neha
103041,2025-12-20,CUST0162,North,Notebook,Stationery,7,369.89,2589.23,Completed,Rahul
103042,2025-11-26,CUST0344,South,Television,Home Appliances,10,3158.68,31586.8,Returned,Arjun
103043,2025-05-16,CUST0103,South,T-Shirt,Fashion,5,380.36,1901.8,Completed,Rahul
103044,2025-03-07,CUST1052,West,Laptop,Electronics,9,2532.48,22792.32,Completed,Priya
103045,2025-08-17,CUST1427,South,Refrigerator,Home Appliances,2,11193.0,22386.0,Completed,Meera
103046,2025-09-24,CUST1344,North,Jacket,Fashion,9,1915.9,17243.1,Cancelled,Meera
103047,2025-06-11,CUST0331,West,Jacket,Fashion,10,1880.75,18807.5,Completed,Priya
103048,2025-06-21,CUST0856,North,Headphones,Electronics,9,4341.5,39073.5,Completed,Priya
103049,2025-04-19,CUST1295,North,Laptop,Electronics,7,846.36,5924.52,Completed,Neha
103050,2025-03-28,CUST1222,South,Keyboard,Electronics,4,4230.91,16923.64,Returned,Sneha
103051,2025-08-01,CUST0212,South,Jacket,Fashion,3,2285.57,6856.71,Completed,Arjun
103052,2025-02-15,CUST1176,West,Washing Machine,Home Appliances,9,10635.21,95716.89,Completed,Amit
103053,2025-04-17,CUST1317,East,Notebook,Stationery,1,74.64,74.64,Completed,Arjun
103054,2025-12-23,CUST0352,East,Pen,Stationery,4,401.77,1607.08,Completed,Neha
103055,2025-11-11,CUST1080,North,Book,Stationery,4,56.9,227.6,Completed,Amit
103056,2025-05-05,CUST0976,West,Headphones,Electronics,10,4256.57,42565.7,Completed,Karan
103057,2025-12-22,CUST0863,West,Jeans,Fashion,9,829.74,7467.66,Completed,Priya
103058,2025-04-22,CUST1237,West,Washing Machine,Home Appliances,5,19984.62,99923.1,Completed,Sneha
103059,2025-02-05,CUST1230,West,Shoes,Fashion,8,2464.42,19715.36,Completed,Priya
103060,2025-02-24,CUST1441,West,Jacket,Fashion,7,2714.48,19001.36,Completed,Arjun
103061,2025-10-20,CUST1226,North,Laptop,Electronics,9,2278.24,20504.16,Completed,Priya
103062,2025-04-30,CUST0193,North,Television,Home Appliances,9,5782.09,52038.81,Completed,Amit
103063,2025-09-24,CUST1355,North,Refrigerator,Home Appliances,8,12358.5,98868.0,Cancelled,Amit
103064,2025-10-24,CUST1103,South,Pen,Stationery,6,443.33,2659.98,Completed,Karan
103065,2025-04-01,CUST1439,East,Mouse,Electronics,10,3224.08,32240.8,Completed,Neha
103066,2025-02-02,CUST0137,West,Shoes,Fashion,7,1321.29,9249.03,Completed,Meera
103067,2025-12-21,CUST0279,East,Washing Machine,Home Appliances,8,1546.87,12374.96,Completed,Neha
103068,2025-11-30,CUST0352,West,Shoes,Fashion,3,1055.76,3167.28,Completed,Karan
103069,2025-04-28,CUST0126,South,Mouse,Electronics,9,4458.02,40122.18,Completed,Neha
103070,2025-06-07,CUST0030,East,Television,Home Appliances,4,9243.71,36974.84,Cancelled,Priya
103071,2025-10-11,CUST0555,West,Jeans,Fashion,5,670.95,3354.75,Completed,Amit
103072,2025-07-08,CUST0015,North,Television,Home Appliances,5,5648.36,28241.8,Completed,Sneha
103073,2025-02-03,CUST0689,South,Laptop,Electronics,9,2416.09,21744.81,Returned,Amit
103074,2025-04-09,CUST1272,East,Shoes,Fashion,5,1585.98,7929.9,Cancelled,Meera
103075,2025-03-10,CUST0615,North,Headphones,Electronics,5,4238.68,21193.4,Returned,Amit
103076,2025-02-06,CUST0056,West,Washing Machine,Home Appliances,2,13680.55,27361.1,Completed,Sneha
103077,2025-03-31,CUST0073,West,T-Shirt,Fashion,10,1862.17,18621.7,Completed,Arjun
103078,2025-08-05,CUST1229,West,Backpack,Stationery,10,338.7,3387.0,Cancelled,Sneha
103079,2025-10-19,CUST0513,East,Refrigerator,Home Appliances,9,8290.74,74616.66,Cancelled,Neha
103080,2025-06-06,CUST0260,North,Mouse,Electronics,4,4025.49,16101.96,Completed,Rahul
103081,2025-04-01,CUST1050,West,Shoes,Fashion,7,1388.99,9722.93,Completed,Neha
103082,2025-04-28,CUST0488,North,Washing Machine,Home Appliances,9,11237.16,101134.44,Completed,Sneha
103083,2025-11-10,CUST0522,East,Mouse,Electronics,7,2462.81,17239.67,Completed,Sneha
103084,2025-10-15,CUST0362,South,T-Shirt,Fashion,5,897.45,4487.25,Returned,Rahul
103085,2025-04-15,CUST0697,East,Jeans,Fashion,1,1459.35,1459.35,Completed,Sneha
103086,2025-07-11,CUST1247,North,Television,Home Appliances,9,16332.25,146990.25,Cancelled,Meera
103087,2025-11-06,CUST0865,North,Smartphone,Electronics,10,2421.14,24211.4,Completed,Sneha
103088,2025-05-13,CUST0938,East,Keyboard,Electronics,7,1976.62,13836.34,Cancelled,Neha
103089,2025-06-24,CUST0562,West,Laptop,Electronics,10,4091.76,40917.6,Completed,Meera
103090,2025-11-09,CUST1322,South,Washing Machine,Home Appliances,5,15051.87,75259.35,Completed,Arjun
103091,2025-10-24,CUST0529,South,Backpack,Stationery,10,278.67,2786.7,Completed,Priya
103092,2025-02-13,CUST0535,South,Book,Stationery,7,300.44,2103.08,Returned,Priya
103093,2025-08-18,CUST0211,North,Smartphone,Electronics,9,1673.19,15058.71,Completed,Sneha
103094,2025-06-23,CUST0157,South,Backpack,Stationery,6,20.02,120.12,Returned,Priya
103095,2025-12-16,CUST0371,West,Backpack,Stationery,5,145.16,725.8,Completed,Neha
103096,2025-01-10,CUST0570,North,Jacket,Fashion,10,1647.94,16479.4,Cancelled,Amit
103097,2025-10-23,CUST0470,South,Jacket,Fashion,7,2599.24,18194.68,Completed,Amit
103098,2025-10-15,CUST0891,East,Television,Home Appliances,5,18123.58,90617.9,Completed,Rahul
103099,2025-01-18,CUST0267,North,Jacket,Fashion,2,1041.86,2083.72,Completed,Neha
103100,2025-07-12,CUST0617,East,Jacket,Fashion,7,2284.79,15993.53,Completed,Neha
103101,2025-01-27,CUST1375,South,T-Shirt,Fashion,7,2606.46,18245.22,Completed,Sneha
103102,2025-02-10,CUST0290,South,Refrigerator,Home Appliances,2,1412.98,2825.96,Completed,Arjun
103103,2025-01-01,CUST0603,North,Shoes,Fashion,10,2015.86,20158.6,Completed,Meera
103104,2025-09-01,CUST0100,West,Pen,Stationery,9,200.5,1804.5,Completed,Arjun
103105,2025-04-21,CUST0520,North,Refrigerator,Home Appliances,4,15199.8,60799.2,Completed,Neha
103106,2025-07-13,CUST1472,West,Jacket,Fashion,9,2386.47,21478.23,Completed,Priya
103107,2025-12-14,CUST0864,East,Refrigerator,Home Appliances,4,8044.89,32179.56,Completed,Amit
103108,2025-06-04,CUST0574,North,Notebook,Stationery,2,445.24,890.48,Completed,Arjun
103109,2025-07-18,CUST0502,South,Television,Home Appliances,7,17913.65,125395.55,Completed,Sneha
103110,2025-10-11,CUST1240,South,Mouse,Electronics,10,4557.78,45577.8,Cancelled,Karan
103111,2025-05-27,CUST1332,West,Pen,Stationery,10,150.86,1508.6,Returned,Sneha
103112,2025-08-17,CUST0942,North,Television,Home Appliances,6,17120.39,102722.34,Cancelled,Amit
103113,2025-10-13,CUST0974,North,Washing Machine,Home Appliances,7,9848.89,68942.23,Completed,Rahul
103114,2025-02-11,CUST0632,South,Keyboard,Electronics,7,2602.61,18218.27,Completed,Karan
103115,2025-04-17,CUST1335,West,Laptop,Electronics,6,3894.71,23368.26,Completed,Amit
103116,2025-01-18,CUST0838,North,Laptop,Electronics,10,4329.98,43299.8,Completed,Rahul
103117,2025-06-25,CUST0501,North,Television,Home Appliances,5,14724.68,73623.4,Completed,Arjun
103118,2025-04-13,CUST1387,West,T-Shirt,Fashion,6,2870.73,17224.38,Returned,Arjun
103119,2025-01-15,CUST1169,East,Laptop,Electronics,1,1671.03,1671.03,Completed,Neha
103120,2025-11-04,CUST1412,South,Jeans,Fashion,7,417.83,2924.81,Cancelled,Priya
103121,2025-06-12,CUST1029,West,Mouse,Electronics,2,3572.81,7145.62,Completed,Meera
103122,2025-06-06,CUST0964,South,Jacket,Fashion,7,414.2,2899.4,Completed,Priya
103123,2025-08-25,CUST1196,South,Backpack,Stationery,1,154.72,154.72,Completed,Arjun
103124,2025-07-10,CUST1459,West,Television,Home Appliances,10,1300.63,13006.3,Completed,Sneha
103125,2025-02-04,CUST0566,West,Shoes,Fashion,9,1997.33,17975.97,Completed,Neha
103126,2025-09-12,CUST0866,North,Smartphone,Electronics,10,3669.67,36696.7,Cancelled,Sneha
103127,2025-08-05,CUST0358,West,Jacket,Fashion,4,1944.8,7779.2,Completed,Amit
103128,2025-09-30,CUST0796,South,Shoes,Fashion,4,2651.88,10607.52,Completed,Meera
103129,2025-10-30,CUST0185,North,Jacket,Fashion,4,797.0,3188.0,Completed,Sneha
103130,2025-06-04,CUST0263,East,Washing Machine,Home Appliances,8,6685.41,53483.28,Completed,Karan
103131,2025-12-11,CUST0341,West,Shoes,Fashion,1,2804.06,2804.06,Cancelled,Meera
103132,2025-12-16,CUST1433,South,Washing Machine,Home Appliances,2,11208.14,22416.28,Completed,Meera
103133,2025-04-15,CUST0751,East,Pen,Stationery,2,117.82,235.64,Completed,Neha
103134,2025-04-11,CUST0548,South,Smartphone,Electronics,6,2813.53,16881.18,Cancelled,Priya
103135,2025-10-03,CUST0747,West,T-Shirt,Fashion,10,2819.86,28198.6,Completed,Meera
103136,2025-01-30,CUST1183,North,Jeans,Fashion,10,2458.85,24588.5,Completed,Priya
103137,2025-09-23,CUST0227,South,Television,Home Appliances,7,7275.55,50928.85,Completed,Rahul
103138,2025-02-19,CUST1204,West,Television,Home Appliances,4,18906.82,75627.28,Completed,Priya
103139,2025-02-03,CUST0529,South,Laptop,Electronics,4,4822.33,19289.32,Completed,Rahul
103140,2025-11-08,CUST0758,South,Washing Machine,Home Appliances,3,2953.13,8859.39,Completed,Neha
103141,2025-09-21,CUST0644,West,Mouse,Electronics,2,1280.25,2560.5,Completed,Neha
103142,2025-07-25,CUST0181,West,Shoes,Fashion,2,1028.02,2056.04,Completed,Sneha
103143,2025-02-02,CUST0657,West,Jeans,Fashion,4,2577.13,10308.52,Completed,Amit
103144,2025-09-30,CUST0181,East,Jeans,Fashion,1,1459.38,1459.38,Cancelled,Arjun
103145,2025-07-28,CUST1450,South,Jeans,Fashion,6,1095.35,6572.1,Completed,Karan
103146,2025-04-05,CUST1224,East,Jeans,Fashion,2,2392.64,4785.28,Completed,Karan
103147,2025-12-17,CUST0169,East,T-Shirt,Fashion,1,1367.53,1367.53,Completed,Priya
103148,2025-01-31,CUST1439,West,Backpack,Stationery,10,64.78,647.8,Completed,Karan
103149,2025-03-14,CUST0855,West,Television,Home Appliances,2,8685.46,17370.92,Completed,Priya
103150,2025-07-15,CUST1267,South,Pen,Stationery,7,101.84,712.88,Returned,Amit
103151,2025-12-29,CUST0177,East,Television,Home Appliances,5,10434.82,52174.1,Completed,Neha
103152,2025-03-09,CUST1129,South,Television,Home Appliances,6,10353.26,62119.56,Completed,Neha
103153,2025-11-27,CUST1354,South,Refrigerator,Home Appliances,1,1885.9,1885.9,Returned,Karan
103154,2025-04-08,CUST1140,South,Jacket,Fashion,3,911.45,2734.35,Returned,Rahul
103155,2025-01-23,CUST0679,East,Shoes,Fashion,5,1137.1,5685.5,Completed,Rahul
103156,2025-10-10,CUST0059,West,Book,Stationery,7,41.08,287.56,Cancelled,Rahul
103157,2025-06-03,CUST0978,North,Shoes,Fashion,7,2392.89,16750.23,Completed,Arjun
103158,2025-02-12,CUST1300,North,Shoes,Fashion,10,265.22,2652.2,Completed,Karan
103159,2025-06-18,CUST1285,North,Refrigerator,Home Appliances,2,18111.02,36222.04,Completed,Rahul
103160,2025-09-18,CUST1046,South,Television,Home Appliances,9,10350.6,93155.4,Completed,Arjun
103161,2025-05-02,CUST0152,West,Jacket,Fashion,10,1945.63,19456.3,Completed,Amit
103162,2025-01-12,CUST0181,East,Notebook,Stationery,3,424.81,1274.43,Cancelled,Neha
103163,2025-10-29,CUST0568,South,Book,Stationery,5,251.36,1256.8,Returned,Priya
103164,2025-06-18,CUST0249,North,Smartphone,Electronics,9,575.04,5175.36,Cancelled,Sneha
103165,2025-10-19,CUST0594,North,Television,Home Appliances,3,19064.03,57192.09,Completed,Priya
103166,2025-07-05,CUST0478,North,Jacket,Fashion,10,2247.02,22470.2,Completed,Neha
103167,2025-11-24,CUST0116,North,Shoes,Fashion,7,1527.85,10694.95,Completed,Rahul
103168,2025-05-11,CUST1046,South,Backpack,Stationery,1,407.76,407.76,Cancelled,Arjun
103169,2025-03-27,CUST0753,West,Jacket,Fashion,3,1860.4,5581.2,Cancelled,Rahul
103170,2025-02-26,CUST1080,West,Television,Home Appliances,9,18120.33,163082.97,Completed,Sneha
103171,2025-09-21,CUST0703,South,Refrigerator,Home Appliances,7,18067.28,126470.96,Completed,Karan
103172,2025-09-15,CUST0038,South,Backpack,Stationery,7,326.79,2287.53,Completed,Neha
103173,2025-10-22,CUST0973,North,Pen,Stationery,5,295.78,1478.9,Completed,Neha
103174,2025-06-15,CUST0706,North,T-Shirt,Fashion,2,2825.36,5650.72,Completed,Rahul
103175,2025-05-22,CUST0179,East,Pen,Stationery,9,360.1,3240.9,Completed,Karan
103176,2025-03-03,CUST1336,East,Notebook,Stationery,7,233.01,1631.07,Cancelled,Meera
103177,2025-11-10,CUST0833,North,Pen,Stationery,6,127.53,765.18,Cancelled,Priya
103178,2025-11-10,CUST0826,South,Jacket,Fashion,5,2682.82,13414.1,Completed,Arjun
103179,2025-01-26,CUST1159,West,Television,Home Appliances,1,18356.78,18356.78,Completed,Rahul
103180,2025-01-20,CUST0176,North,Laptop,Electronics,7,4029.28,28204.96,Completed,Rahul
103181,2025-05-24,CUST1109,West,Washing Machine,Home Appliances,3,3398.8,10196.4,Completed,Rahul
103182,2025-10-18,CUST1288,North,Backpack,Stationery,7,285.58,1999.06,Completed,Amit
103183,2025-04-15,CUST0403,North,Mouse,Electronics,1,1735.67,1735.67,Completed,Priya
103184,2025-07-11,CUST1080,South,T-Shirt,Fashion,8,2293.7,18349.6,Completed,Meera
103185,2025-08-02,CUST0033,North,Headphones,Electronics,6,1675.47,10052.82,Completed,Rahul
103186,2025-09-06,CUST0548,South,Book,Stationery,10,447.45,4474.5,Completed,Rahul
103187,2025-04-16,CUST0810,North,Notebook,Stationery,1,321.98,321.98,Completed,Priya
103188,2025-06-28,CUST0838,South,Mouse,Electronics,3,3697.69,11093.07,Completed,Rahul
103189,2025-07-02,CUST0658,West,Shoes,Fashion,3,2947.12,8841.36,Completed,Amit
103190,2025-10-09,CUST0285,East,Backpack,Stationery,6,439.88,2639.28,Returned,Arjun
103191,2025-11-07,CUST0760,South,Washing Machine,Home Appliances,5,5133.34,25666.7,Completed,Karan
103192,2025-11-09,CUST0046,South,Jacket,Fashion,1,1448.27,1448.27,Cancelled,Priya
103193,2025-09-05,CUST0768,North,Mouse,Electronics,9,791.03,7119.27,Completed,Karan
103194,2025-03-26,CUST0695,West,Shoes,Fashion,5,1891.24,9456.2,Completed,Arjun
103195,2025-05-06,CUST1060,North,T-Shirt,Fashion,9,2326.14,20935.26,Completed,Meera
103196,2025-07-14,CUST0654,East,Jacket,Fashion,8,1416.24,11329.92,Completed,Sneha
103197,2025-12-29,CUST0431,North,Jeans,Fashion,10,937.31,9373.1,Completed,Arjun
103198,2025-07-30,CUST1155,West,Backpack,Stationery,2,181.42,362.84,Returned,Amit
103199,2025-12-22,CUST0494,North,Shoes,Fashion,8,1333.76,10670.08,Cancelled,Sneha
103200,2025-03-05,CUST0105,East,Washing Machine,Home Appliances,10,9812.44,98124.4,Completed,Sneha
103201,2025-05-28,CUST1259,North,Jacket,Fashion,8,2604.66,20837.28,Completed,Priya
103202,2025-07-07,CUST0960,North,Jacket,Fashion,3,684.26,2052.78,Completed,Priya
103203,2025-11-21,CUST1000,North,Washing Machine,Home Appliances,5,13315.0,66575.0,Completed,Sneha
103204,2025-06-10,CUST0311,West,Jacket,Fashion,4,1934.81,7739.24,Cancelled,Sneha
103205,2025-12-12,CUST1193,North,Jeans,Fashion,9,249.43,2244.87,Completed,Karan
103206,2025-07-29,CUST0825,East,Pen,Stationery,9,66.91,602.19,Completed,Karan
103207,2025-04-20,CUST1342,North,Smartphone,Electronics,7,1254.4,8780.8,Completed,Karan
103208,2025-10-31,CUST0911,East,Keyboard,Electronics,2,1632.3,3264.6,Completed,Meera
103209,2025-06-28,CUST1462,North,Notebook,Stationery,5,79.75,398.75,Completed,Amit
103210,2025-07-26,CUST0076,East,Washing Machine,Home Appliances,5,8084.4,40422.0,Completed,Neha
103211,2025-06-28,CUST1262,East,Book,Stationery,1,57.36,57.36,Completed,Amit
103212,2025-08-24,CUST1174,North,Keyboard,Electronics,1,4730.53,4730.53,Completed,Meera
103213,2025-12-15,CUST0201,South,Notebook,Stationery,9,170.05,1530.45,Returned,Rahul
103214,2025-05-02,CUST1362,South,Headphones,Electronics,10,4146.9,41469.0,Completed,Neha
103215,2025-05-03,CUST0754,North,T-Shirt,Fashion,7,1563.06,10941.42,Completed,Arjun
103216,2025-03-10,CUST1094,West,Keyboard,Electronics,1,2545.05,2545.05,Completed,Priya
103217,2025-04-10,CUST1254,East,Refrigerator,Home Appliances,6,16585.18,99511.08,Completed,Neha
103218,2025-06-08,CUST0338,South,Mouse,Electronics,8,4598.49,36787.92,Completed,Neha
103219,2025-12-31,CUST1490,South,Backpack,Stationery,4,170.55,682.2,Completed,Priya
103220,2025-12-08,CUST0023,East,Shoes,Fashion,4,2170.06,8680.24,Returned,Neha
103221,2025-03-20,CUST0799,East,Jacket,Fashion,6,1770.02,10620.12,Completed,Sneha
103222,2025-08-30,CUST1211,North,Television,Home Appliances,7,5508.41,38558.87,Completed,Priya
103223,2025-10-26,CUST0213,East,Television,Home Appliances,9,8416.46,75748.14,Cancelled,Rahul
103224,2025-12-03,CUST0341,North,Refrigerator,Home Appliances,2,6013.23,12026.46,Cancelled,Arjun
103225,2025-11-25,CUST1120,West,Laptop,Electronics,10,2701.54,27015.4,Cancelled,Karan
103226,2025-11-19,CUST1289,North,Pen,Stationery,8,482.61,3860.88,Completed,Sneha
103227,2025-06-12,CUST0574,North,Refrigerator,Home Appliances,6,14042.38,84254.28,Returned,Priya
103228,2025-07-15,CUST0922,West,Mouse,Electronics,6,883.98,5303.88,Completed,Amit
103229,2025-11-28,CUST1318,East,T-Shirt,Fashion,1,777.02,777.02,Completed,Neha
103230,2025-02-21,CUST1100,North,Backpack,Stationery,9,164.44,1479.96,Cancelled,Priya
103231,2025-02-08,CUST0535,West,Jacket,Fashion,3,664.28,1992.84,Completed,Sneha
103232,2025-08-15,CUST0347,West,Shoes,Fashion,2,511.62,1023.24,Returned,Amit
103233,2025-07-22,CUST0597,South,Refrigerator,Home Appliances,9,10151.98,91367.82,Returned,Amit
103234,2025-10-06,CUST0486,South,Keyboard,Electronics,8,2459.71,19677.68,Completed,Sneha
103235,2025-12-19,CUST0135,South,Keyboard,Electronics,7,3443.93,24107.51,Completed,Priya
103236,2025-09-26,CUST1058,South,Notebook,Stationery,1,155.33,155.33,Completed,Karan
103237,2025-04-24,CUST0092,West,Mouse,Electronics,7,4162.65,29138.55,Cancelled,Rahul
103238,2025-05-12,CUST1260,South,Pen,Stationery,6,402.01,2412.06,Completed,Priya
103239,2025-12-17,CUST0473,East,Keyboard,Electronics,1,1953.06,1953.06,Completed,Karan
103240,2025-04-28,CUST0612,West,Mouse,Electronics,8,3403.28,27226.24,Completed,Priya
103241,2025-07-11,CUST1145,East,Book,Stationery,2,285.11,570.22,Completed,Rahul
103242,2025-03-31,CUST0242,North,Backpack,Stationery,1,241.94,241.94,Returned,Priya
103243,2025-06-24,CUST0352,South,Television,Home Appliances,7,14843.88,103907.16,Cancelled,Rahul
103244,2025-01-13,CUST1128,South,Refrigerator,Home Appliances,7,11856.35,82994.45,Completed,Karan
103245,2025-07-08,CUST1117,West,Smartphone,Electronics,10,1543.57,15435.7,Cancelled,Karan
103246,2025-01-03,CUST0837,North,Television,Home Appliances,10,13136.79,131367.9,Completed,Sneha
103247,2025-05-10,CUST0773,West,Keyboard,Electronics,5,2021.32,10106.6,Cancelled,Sneha
103248,2025-06-05,CUST0097,East,Laptop,Electronics,3,3804.82,11414.46,Completed,Neha
103249,2025-09-20,CUST1301,South,Refrigerator,Home Appliances,10,7277.96,72779.6,Completed,Amit
103250,2025-09-10,CUST1010,East,Washing Machine,Home Appliances,10,9622.12,96221.2,Cancelled,Amit
103251,2025-08-20,CUST0117,North,Refrigerator,Home Appliances,6,8805.3,52831.8,Completed,Karan
103252,2025-07-20,CUST0519,West,Book,Stationery,6,64.75,388.5,Cancelled,Sneha
103253,2025-05-13,CUST0237,South,Refrigerator,Home Appliances,8,8318.51,66548.08,Cancelled,Arjun
103254,2025-01-05,CUST0795,North,Backpack,Stationery,7,431.7,3021.9,Completed,Sneha
103255,2025-08-30,CUST0485,East,Notebook,Stationery,2,326.75,653.5,Completed,Rahul
103256,2025-09-13,CUST0541,North,Jacket,Fashion,8,1133.33,9066.64,Completed,Amit
103257,2025-10-28,CUST0622,South,Jeans,Fashion,9,2604.6,23441.4,Completed,Neha
103258,2025-07-18,CUST0041,North,Mouse,Electronics,2,4958.72,9917.44,Cancelled,Rahul
103259,2025-10-26,CUST0738,North,Book,Stationery,8,305.29,2442.32,Cancelled,Arjun
103260,2025-10-22,CUST0969,South,Laptop,Electronics,2,730.51,1461.02,Completed,Meera
103261,2025-08-25,CUST0307,South,Jeans,Fashion,6,1371.32,8227.92,Completed,Arjun
103262,2025-12-15,CUST0051,West,Washing Machine,Home Appliances,9,7419.21,66772.89,Completed,Karan
103263,2025-08-11,CUST0777,West,Pen,Stationery,7,25.48,178.36,Returned,Arjun
103264,2025-07-29,CUST1123,South,Smartphone,Electronics,9,1094.98,9854.82,Completed,Meera
103265,2025-08-28,CUST0084,West,Backpack,Stationery,8,306.15,2449.2,Completed,Arjun
103266,2025-10-29,CUST0377,South,Washing Machine,Home Appliances,4,10443.05,41772.2,Completed,Priya
103267,2025-03-05,CUST0267,South,Keyboard,Electronics,4,4947.6,19790.4,Completed,Amit
103268,2025-04-29,CUST0395,West,Notebook,Stationery,5,116.82,584.1,Completed,Rahul
103269,2025-05-10,CUST0574,South,Television,Home Appliances,10,18652.4,186524.0,Completed,Arjun
103270,2025-05-13,CUST1450,West,Keyboard,Electronics,10,4932.1,49321.0,Completed,Amit
103271,2025-08-13,CUST1102,South,Pen,Stationery,3,111.55,334.65,Completed,Rahul
103272,2025-05-05,CUST0988,East,Shoes,Fashion,3,1616.38,4849.14,Completed,Arjun
103273,2025-10-12,CUST0689,North,Jeans,Fashion,9,2680.19,24121.71,Completed,Sneha
103274,2025-11-20,CUST1066,East,Refrigerator,Home Appliances,2,19275.08,38550.16,Completed,Sneha
103275,2025-01-04,CUST0664,West,Jeans,Fashion,3,1682.34,5047.02,Returned,Arjun
103276,2025-01-16,CUST0983,South,T-Shirt,Fashion,6,1132.46,6794.76,Completed,Meera
103277,2025-10-30,CUST0267,West,Book,Stationery,3,40.18,120.54,Completed,Priya
103278,2025-06-16,CUST1148,South,Book,Stationery,2,318.29,636.58,Returned,Neha
103279,2025-09-05,CUST0327,South,Television,Home Appliances,8,11751.35,94010.8,Completed,Priya
103280,2025-07-29,CUST0356,East,T-Shirt,Fashion,5,1788.68,8943.4,Completed,Arjun
103281,2025-05-01,CUST0399,West,Jeans,Fashion,2,1395.91,2791.82,Completed,Amit
103282,2025-12-26,CUST0085,West,Book,Stationery,1,175.61,175.61,Completed,Karan
103283,2025-03-17,CUST1395,West,Shoes,Fashion,3,2829.19,8487.57,Completed,Amit
103284,2025-05-20,CUST0137,South,Keyboard,Electronics,6,1839.01,11034.06,Completed,Meera
103285,2025-05-18,CUST0832,South,Television,Home Appliances,2,2055.52,4111.04,Completed,Meera
103286,2025-07-27,CUST1395,South,Shoes,Fashion,2,1195.43,2390.86,Completed,Rahul
103287,2025-10-01,CUST0700,North,Smartphone,Electronics,7,749.31,5245.17,Completed,Neha
103288,2025-09-17,CUST1011,West,Refrigerator,Home Appliances,10,19384.31,193843.1,Returned,Neha
103289,2025-02-15,CUST0532,North,Book,Stationery,7,43.51,304.57,Completed,Rahul
103290,2025-05-18,CUST1360,North,Refrigerator,Home Appliances,7,10223.1,71561.7,Completed,Priya
103291,2025-02-24,CUST1159,South,Book,Stationery,2,195.19,390.38,Completed,Meera
103292,2025-02-07,CUST1171,West,Refrigerator,Home Appliances,10,3453.4,34534.0,Completed,Rahul
103293,2025-03-18,CUST1158,South,T-Shirt,Fashion,4,835.17,3340.68,Cancelled,Karan
103294,2025-03-24,CUST1216,East,Washing Machine,Home Appliances,10,7468.85,74688.5,Completed,Sneha
103295,2025-04-19,CUST1238,South,Shoes,Fashion,2,1402.2,2804.4,Completed,Rahul
103296,2025-08-24,CUST0620,East,Keyboard,Electronics,6,4237.2,25423.2,Returned,Karan
103297,2025-05-02,CUST1194,South,Washing Machine,Home Appliances,9,16403.35,147630.15,Completed,Rahul
103298,2025-05-02,CUST1420,East,Shoes,Fashion,9,2791.89,25127.01,Completed,Meera
103299,2025-08-25,CUST0984,West,Notebook,Stationery,7,359.97,2519.79,Cancelled,Karan
103300,2025-06-25,CUST0624,South,T-Shirt,Fashion,5,753.15,3765.75,Completed,Rahul
103301,2025-07-27,CUST1457,North,Pen,Stationery,8,72.95,583.6,Completed,Amit
103302,2025-04-26,CUST0554,East,Television,Home Appliances,10,1890.63,18906.3,Completed,Rahul
103303,2025-01-26,CUST1284,East,Jacket,Fashion,10,2619.6,26196.0,Completed,Karan
103304,2025-07-01,CUST0990,West,Mouse,Electronics,2,2385.28,4770.56,Completed,Rahul
103305,2025-12-22,CUST0284,West,T-Shirt,Fashion,7,1269.44,8886.08,Completed,Rahul
103306,2025-04-29,CUST0109,East,Smartphone,Electronics,7,4018.51,28129.57,Completed,Karan
103307,2025-05-04,CUST0223,East,Laptop,Electronics,6,1167.39,7004.34,Cancelled,Rahul
103308,2025-05-13,CUST1007,North,Washing Machine,Home Appliances,5,18317.41,91587.05,Completed,Amit
103309,2025-11-09,CUST0457,West,Laptop,Electronics,9,1696.53,15268.77,Returned,Karan
103310,2025-10-03,CUST1306,West,Pen,Stationery,3,95.8,287.4,Cancelled,Sneha
103311,2025-02-12,CUST0723,West,Backpack,Stationery,8,398.01,3184.08,Cancelled,Amit
103312,2025-03-25,CUST0617,South,Refrigerator,Home Appliances,7,15613.81,109296.67,Completed,Neha
103313,2025-04-14,CUST0294,East,Pen,Stationery,1,40.5,40.5,Completed,Amit
103314,2025-11-27,CUST0639,North,Pen,Stationery,8,215.16,1721.28,Completed,Meera
103315,2025-12-04,CUST0108,North,Television,Home Appliances,6,7043.88,42263.28,Completed,Neha
103316,2025-03-15,CUST1483,East,Keyboard,Electronics,10,2717.19,27171.9,Completed,Meera
103317,2025-04-11,CUST0627,West,Jeans,Fashion,10,828.97,8289.7,Completed,Arjun
103318,2025-12-10,CUST1209,West,Headphones,Electronics,6,4341.52,26049.12,Cancelled,Sneha
103319,2025-04-24,CUST0685,South,Television,Home Appliances,8,11600.78,92806.24,Completed,Priya
103320,2025-04-30,CUST0568,North,Refrigerator,Home Appliances,1,18750.82,18750.82,Completed,Neha
103321,2025-02-21,CUST0367,West,Smartphone,Electronics,4,2403.95,9615.8,Completed,Meera
103322,2025-04-08,CUST1464,South,Shoes,Fashion,10,1708.45,17084.5,Completed,Neha
103323,2025-02-07,CUST0819,East,Washing Machine,Home Appliances,1,7159.74,7159.74,Completed,Rahul
103324,2025-02-15,CUST0749,North,Shoes,Fashion,1,1564.93,1564.93,Completed,Meera
103325,2025-12-24,CUST0108,North,Mouse,Electronics,5,3353.22,16766.1,Completed,Karan
103326,2025-10-31,CUST1272,West,Jacket,Fashion,5,399.38,1996.9,Completed,Sneha
103327,2025-01-19,CUST0996,East,Smartphone,Electronics,6,1546.57,9279.42,Completed,Neha
103328,2025-04-25,CUST1494,North,Shoes,Fashion,6,2203.39,13220.34,Completed,Karan
103329,2025-12-21,CUST1019,North,Mouse,Electronics,8,995.34,7962.72,Completed,Priya
103330,2025-09-21,CUST1294,West,Backpack,Stationery,4,103.37,413.48,Returned,Arjun
103331,2025-07-30,CUST0275,East,Refrigerator,Home Appliances,7,3286.17,23003.19,Completed,Sneha
103332,2025-01-01,CUST0939,South,Notebook,Stationery,6,83.08,498.48,Returned,Sneha
103333,2025-11-07,CUST1152,South,Headphones,Electronics,3,746.31,2238.93,Completed,Sneha
103334,2025-06-06,CUST0389,West,Backpack,Stationery,8,441.09,3528.72,Completed,Arjun
103335,2025-10-31,CUST0078,East,Mouse,Electronics,1,3853.23,3853.23,Completed,Karan
103336,2025-11-04,CUST0305,South,Book,Stationery,1,371.69,371.69,Cancelled,Priya
103337,2025-07-20,CUST1345,East,Refrigerator,Home Appliances,5,16185.73,80928.65,Completed,Neha
103338,2025-10-02,CUST0722,East,Keyboard,Electronics,9,2629.09,23661.81,Completed,Sneha
103339,2025-12-05,CUST1211,South,Book,Stationery,6,321.3,1927.8,Completed,Arjun
103340,2025-01-18,CUST0025,South,Washing Machine,Home Appliances,8,4345.85,34766.8,Returned,Meera
103341,2025-12-09,CUST0595,South,Refrigerator,Home Appliances,9,3132.94,28196.46,Completed,Neha
103342,2025-01-10,CUST0955,West,Notebook,Stationery,6,221.59,1329.54,Completed,Amit
103343,2025-09-24,CUST1226,North,Refrigerator,Home Appliances,7,12469.55,87286.85,Completed,Karan
103344,2025-07-30,CUST0946,East,Jeans,Fashion,10,1736.15,17361.5,Completed,Meera
103345,2025-09-21,CUST1482,South,Shoes,Fashion,7,1260.97,8826.79,Completed,Priya
103346,2025-06-05,CUST0726,South,Jacket,Fashion,2,435.2,870.4,Completed,Sneha
103347,2025-02-15,CUST1032,East,Notebook,Stationery,5,139.49,697.45,Returned,Meera
103348,2025-01-17,CUST0276,North,Television,Home Appliances,3,1308.89,3926.67,Completed,Sneha
103349,2025-08-29,CUST1441,South,Pen,Stationery,4,135.31,541.24,Completed,Neha
103350,2025-12-19,CUST1142,South,Smartphone,Electronics,2,2203.38,4406.76,Completed,Rahul
103351,2025-09-04,CUST1379,West,Book,Stationery,6,155.92,935.52,Completed,Priya
103352,2025-07-11,CUST0595,North,Washing Machine,Home Appliances,1,3631.42,3631.42,Completed,Amit
103353,2025-09-17,CUST1475,East,Jeans,Fashion,10,2979.15,29791.5,Completed,Neha
103354,2025-09-19,CUST0980,West,Backpack,Stationery,8,133.71,1069.68,Completed,Priya
103355,2025-05-25,CUST0510,West,Notebook,Stationery,1,117.05,117.05,Cancelled,Amit
103356,2025-04-25,CUST0641,West,Laptop,Electronics,10,857.61,8576.1,Completed,Neha
103357,2025-10-18,CUST1160,South,Keyboard,Electronics,5,978.6,4893.0,Completed,Karan
103358,2025-09-12,CUST1420,West,Backpack,Stationery,3,265.75,797.25,Completed,Arjun
103359,2025-06-17,CUST1295,South,Refrigerator,Home Appliances,6,3948.85,23693.1,Completed,Rahul
103360,2025-05-27,CUST0080,North,Refrigerator,Home Appliances,1,3463.15,3463.15,Completed,Meera
103361,2025-12-04,CUST0756,East,Book,Stationery,3,192.52,577.56,Cancelled,Priya
103362,2025-07-31,CUST0825,South,Television,Home Appliances,1,7399.47,7399.47,Completed,Priya
103363,2025-09-27,CUST1134,North,Refrigerator,Home Appliances,10,3414.7,34147.0,Cancelled,Meera
103364,2025-04-10,CUST0853,East,Mouse,Electronics,9,2217.28,19955.52,Completed,Meera
103365,2025-05-25,CUST0621,North,Pen,Stationery,9,408.95,3680.55,Completed,Rahul
103366,2025-10-02,CUST1115,South,Washing Machine,Home Appliances,9,3834.33,34508.97,Completed,Priya
103367,2025-06-03,CUST0752,East,Washing Machine,Home Appliances,4,9778.45,39113.8,Completed,Priya
103368,2025-07-14,CUST1391,South,Mouse,Electronics,1,3629.53,3629.53,Completed,Priya
103369,2025-12-09,CUST1176,South,Shoes,Fashion,10,2334.25,23342.5,Completed,Priya
103370,2025-02-17,CUST1027,East,Headphones,Electronics,8,4688.06,37504.48,Cancelled,Rahul
103371,2025-06-05,CUST1488,South,Jacket,Fashion,10,600.44,6004.4,Completed,Neha
103372,2025-02-10,CUST0576,East,Shoes,Fashion,1,817.24,817.24,Completed,Priya
103373,2025-06-09,CUST0020,North,Laptop,Electronics,9,3350.7,30156.3,Returned,Neha
103374,2025-10-28,CUST1370,East,Washing Machine,Home Appliances,2,9453.75,18907.5,Completed,Meera
103375,2025-10-21,CUST0563,East,Mouse,Electronics,6,2363.32,14179.92,Cancelled,Arjun
103376,2025-09-15,CUST0940,West,Book,Stationery,5,337.08,1685.4,Completed,Neha
103377,2025-07-19,CUST0557,North,Headphones,Electronics,6,3933.17,23599.02,Completed,Rahul
103378,2025-01-28,CUST0932,North,Pen,Stationery,8,307.83,2462.64,Completed,Neha
103379,2025-10-25,CUST1257,South,Pen,Stationery,5,316.75,1583.75,Completed,Neha
103380,2025-07-21,CUST1260,North,Television,Home Appliances,2,14452.36,28904.72,Completed,Arjun
103381,2025-01-09,CUST0460,West,Shoes,Fashion,1,2533.68,2533.68,Completed,Meera
103382,2025-10-12,CUST0094,North,T-Shirt,Fashion,2,2167.9,4335.8,Completed,Arjun
103383,2025-10-01,CUST1235,South,Refrigerator,Home Appliances,1,2543.07,2543.07,Completed,Karan
103384,2025-07-22,CUST0077,South,Book,Stationery,3,174.62,523.86,Returned,Amit
103385,2025-09-24,CUST0820,South,Headphones,Electronics,8,1807.67,14461.36,Completed,Arjun
103386,2025-01-07,CUST1331,West,Jeans,Fashion,9,394.14,3547.26,Completed,Priya
103387,2025-01-03,CUST0148,South,Laptop,Electronics,8,4090.7,32725.6,Completed,Neha
103388,2025-11-01,CUST0405,West,Pen,Stationery,10,455.58,4555.8,Cancelled,Amit
103389,2025-02-07,CUST0906,East,Book,Stationery,2,467.16,934.32,Completed,Arjun
103390,2025-03-29,CUST0191,North,Laptop,Electronics,5,3272.39,16361.95,Completed,Priya
103391,2025-05-24,CUST0466,West,Jeans,Fashion,10,1384.05,13840.5,Completed,Karan
103392,2025-04-28,CUST1163,East,Pen,Stationery,6,471.26,2827.56,Completed,Amit
103393,2025-01-01,CUST0114,North,Television,Home Appliances,4,7843.67,31374.68,Completed,Rahul
103394,2025-07-17,CUST1470,East,Backpack,Stationery,6,122.93,737.58,Returned,Meera
103395,2025-04-21,CUST1164,North,Notebook,Stationery,2,497.34,994.68,Cancelled,Rahul
103396,2025-04-11,CUST1148,North,Jacket,Fashion,3,2801.46,8404.38,Cancelled,Arjun
103397,2025-09-03,CUST1350,South,T-Shirt,Fashion,10,629.61,6296.1,Completed,Priya
103398,2025-04-13,CUST0255,South,Shoes,Fashion,4,965.74,3862.96,Returned,Arjun
103399,2025-07-06,CUST1146,East,Book,Stationery,7,22.81,159.67,Completed,Neha
103400,2025-03-04,CUST0796,West,Jacket,Fashion,10,550.83,5508.3,Completed,Arjun
103401,2025-07-25,CUST0428,South,Washing Machine,Home Appliances,5,8469.75,42348.75,Completed,Karan
103402,2025-04-29,CUST1228,West,Jeans,Fashion,8,213.73,1709.84,Completed,Rahul
103403,2025-07-23,CUST1195,West,Book,Stationery,9,493.07,4437.63,Completed,Rahul
103404,2025-03-30,CUST0798,East,Headphones,Electronics,1,3295.12,3295.12,Completed,Priya
103405,2025-08-06,CUST0152,South,Laptop,Electronics,2,4180.89,8361.78,Completed,Meera
103406,2025-11-16,CUST1284,East,Television,Home Appliances,5,15967.84,79839.2,Completed,Priya
103407,2025-10-12,CUST1049,West,Refrigerator,Home Appliances,1,13779.13,13779.13,Completed,Neha
103408,2025-12-15,CUST1407,South,Jacket,Fashion,10,1948.58,19485.8,Completed,Neha
103409,2025-05-15,CUST1084,East,Refrigerator,Home Appliances,1,6010.23,6010.23,Completed,Meera
103410,2025-07-05,CUST0650,South,Television,Home Appliances,7,17265.49,120858.43,Completed,Rahul
103411,2025-03-13,CUST0043,South,Refrigerator,Home Appliances,9,11392.06,102528.54,Completed,Priya
103412,2025-02-02,CUST1307,West,Pen,Stationery,2,250.73,501.46,Cancelled,Rahul
103413,2025-12-20,CUST1286,South,Washing Machine,Home Appliances,5,15526.96,77634.8,Completed,Arjun
103414,2025-07-31,CUST0948,South,Washing Machine,Home Appliances,10,12230.04,122300.4,Completed,Neha
103415,2025-10-20,CUST0468,West,Refrigerator,Home Appliances,10,13662.08,136620.8,Returned,Rahul
103416,2025-02-22,CUST0359,South,Television,Home Appliances,7,16295.82,114070.74,Cancelled,Neha
103417,2025-10-18,CUST0658,West,Pen,Stationery,10,425.94,4259.4,Returned,Sneha
103418,2025-05-13,CUST0618,North,Television,Home Appliances,7,15470.6,108294.2,Cancelled,Neha
103419,2025-03-01,CUST0153,North,Backpack,Stationery,9,74.22,667.98,Cancelled,Neha
103420,2025-11-06,CUST1450,East,Refrigerator,Home Appliances,7,5892.57,41247.99,Completed,Meera
103421,2025-06-28,CUST1217,East,Book,Stationery,6,172.29,1033.74,Cancelled,Arjun
103422,2025-11-09,CUST0107,West,Washing Machine,Home Appliances,9,10099.27,90893.43,Returned,Priya
103423,2025-05-01,CUST0959,West,Refrigerator,Home Appliances,5,19136.06,95680.3,Completed,Rahul
103424,2025-04-08,CUST0664,North,Backpack,Stationery,1,123.85,123.85,Completed,Amit
103425,2025-11-14,CUST1208,South,Television,Home Appliances,6,7549.31,45295.86,Completed,Neha
103426,2025-09-08,CUST1186,North,Notebook,Stationery,10,418.68,4186.8,Cancelled,Priya
103427,2025-02-13,CUST0151,East,Washing Machine,Home Appliances,8,6119.21,48953.68,Completed,Neha
103428,2025-09-28,CUST0872,West,Backpack,Stationery,1,124.84,124.84,Returned,Arjun
103429,2025-07-06,CUST1138,North,Backpack,Stationery,2,69.64,139.28,Completed,Rahul
103430,2025-10-06,CUST0088,North,Refrigerator,Home Appliances,1,16133.17,16133.17,Completed,Neha
103431,2025-03-27,CUST1287,North,Mouse,Electronics,3,3101.16,9303.48,Returned,Rahul
103432,2025-01-21,CUST0967,West,Notebook,Stationery,3,403.7,1211.1,Completed,Meera
103433,2025-05-29,CUST1116,North,Television,Home Appliances,7,19650.21,137551.47,Completed,Amit
103434,2025-08-18,CUST0047,North,Notebook,Stationery,1,50.75,50.75,Completed,Meera
103435,2025-03-24,CUST1004,South,Shoes,Fashion,7,2109.26,14764.82,Cancelled,Neha
103436,2025-06-17,CUST0724,North,Pen,Stationery,2,95.36,190.72,Completed,Amit
103437,2025-02-28,CUST1267,North,Headphones,Electronics,2,645.62,1291.24,Completed,Karan
103438,2025-04-17,CUST1414,East,Refrigerator,Home Appliances,7,17665.16,123656.12,Completed,Arjun
103439,2025-06-14,CUST0079,West,Keyboard,Electronics,3,1080.51,3241.53,Completed,Neha
103440,2025-11-24,CUST0563,West,Smartphone,Electronics,5,3572.61,17863.05,Returned,Sneha
103441,2025-10-21,CUST0290,East,Television,Home Appliances,2,19631.61,39263.22,Cancelled,Priya
103442,2025-08-07,CUST1254,South,Backpack,Stationery,4,79.5,318.0,Cancelled,Meera
103443,2025-01-01,CUST0521,North,Shoes,Fashion,4,777.76,3111.04,Completed,Karan
103444,2025-07-20,CUST0541,South,Laptop,Electronics,7,948.16,6637.12,Completed,Karan
103445,2025-06-18,CUST1493,East,Jeans,Fashion,9,276.91,2492.19,Completed,Karan
103446,2025-03-29,CUST1057,East,Television,Home Appliances,7,16772.58,117408.06,Completed,Karan
103447,2025-01-10,CUST1340,South,Laptop,Electronics,6,527.32,3163.92,Completed,Arjun
103448,2025-03-25,CUST1451,North,Smartphone,Electronics,2,1984.53,3969.06,Completed,Neha
103449,2025-06-16,CUST1031,West,Refrigerator,Home Appliances,9,18773.52,168961.68,Returned,Meera
103450,2025-01-30,CUST1433,North,T-Shirt,Fashion,6,2779.45,16676.7,Completed,Arjun
103451,2025-01-24,CUST0219,East,Washing Machine,Home Appliances,4,12320.47,49281.88,Completed,Sneha
103452,2025-08-11,CUST0372,South,Washing Machine,Home Appliances,6,10624.3,63745.8,Completed,Rahul
103453,2025-08-16,CUST0566,East,Book,Stationery,4,59.58,238.32,Returned,Amit
103454,2025-09-17,CUST0015,South,Jeans,Fashion,9,2694.5,24250.5,Completed,Arjun
103455,2025-04-23,CUST0754,North,Headphones,Electronics,3,1301.41,3904.23,Returned,Karan
103456,2025-06-30,CUST1155,South,T-Shirt,Fashion,1,1112.76,1112.76,Completed,Meera
103457,2025-08-18,CUST1214,West,Book,Stationery,2,346.7,693.4,Completed,Karan
103458,2025-08-15,CUST0513,North,Jacket,Fashion,7,2920.38,20442.66,Cancelled,Priya
103459,2025-07-02,CUST1087,South,Keyboard,Electronics,1,2972.72,2972.72,Returned,Amit
103460,2025-04-16,CUST0413,South,Headphones,Electronics,3,1316.9,3950.7,Completed,Arjun
103461,2025-08-23,CUST0887,East,Laptop,Electronics,9,1380.91,12428.19,Completed,Neha
103462,2025-02-24,CUST0240,West,Keyboard,Electronics,5,2256.87,11284.35,Completed,Meera
103463,2025-06-18,CUST1426,South,Washing Machine,Home Appliances,2,13034.62,26069.24,Returned,Neha
103464,2025-09-23,CUST1386,North,Television,Home Appliances,8,15215.2,121721.6,Cancelled,Rahul
103465,2025-10-07,CUST0529,West,Jacket,Fashion,9,2025.49,18229.41,Returned,Meera
103466,2025-10-19,CUST0018,East,Notebook,Stationery,1,361.65,361.65,Completed,Meera
103467,2025-12-17,CUST1316,North,Jeans,Fashion,5,1075.37,5376.85,Cancelled,Karan
103468,2025-10-25,CUST0349,South,Shoes,Fashion,1,1465.32,1465.32,Completed,Sneha
103469,2025-07-01,CUST1164,East,T-Shirt,Fashion,5,2352.06,11760.3,Completed,Amit
103470,2025-09-21,CUST0429,North,T-Shirt,Fashion,6,1823.27,10939.62,Returned,Amit
103471,2025-06-10,CUST0923,West,Backpack,Stationery,6,263.02,1578.12,Returned,Meera
103472,2025-09-02,CUST1078,North,Jacket,Fashion,9,401.72,3615.48,Returned,Neha
103473,2025-12-22,CUST0432,East,Shoes,Fashion,8,2554.82,20438.56,Returned,Priya
103474,2025-12-18,CUST1305,West,Backpack,Stationery,7,65.08,455.56,Completed,Amit
103475,2025-07-18,CUST1196,West,Keyboard,Electronics,9,2905.71,26151.39,Completed,Neha
103476,2025-04-07,CUST0838,North,Jeans,Fashion,1,861.63,861.63,Completed,Sneha
103477,2025-03-12,CUST1400,South,Smartphone,Electronics,4,891.49,3565.96,Completed,Rahul
103478,2025-12-30,CUST0678,East,Notebook,Stationery,6,353.29,2119.74,Completed,Meera
103479,2025-04-07,CUST0287,West,Washing Machine,Home Appliances,10,14109.47,141094.7,Completed,Meera
103480,2025-11-10,CUST0676,East,Book,Stationery,5,223.46,1117.3,Completed,Sneha
103481,2025-01-22,CUST0305,East,Jeans,Fashion,6,2145.61,12873.66,Completed,Priya
103482,2025-06-08,CUST0544,North,Pen,Stationery,2,113.39,226.78,Completed,Meera
103483,2025-10-16,CUST0511,East,Book,Stationery,3,71.73,215.19,Returned,Rahul
103484,2025-08-13,CUST0830,East,Book,Stationery,7,175.97,1231.79,Returned,Rahul
103485,2025-11-20,CUST0055,North,Television,Home Appliances,4,13468.09,53872.36,Completed,Karan
103486,2025-05-12,CUST0760,North,Pen,Stationery,4,342.17,1368.68,Completed,Sneha
103487,2025-04-19,CUST1446,North,Shoes,Fashion,3,2914.67,8744.01,Completed,Meera
103488,2025-12-11,CUST0639,West,Backpack,Stationery,9,310.74,2796.66,Completed,Rahul
103489,2025-11-04,CUST0127,North,Backpack,Stationery,4,296.75,1187.0,Completed,Arjun
103490,2025-05-06,CUST0820,South,Laptop,Electronics,9,1300.74,11706.66,Completed,Rahul
103491,2025-04-05,CUST0307,East,Book,Stationery,3,474.53,1423.59,Completed,Sneha
103492,2025-11-07,CUST0077,South,Shoes,Fashion,7,491.71,3441.97,Completed,Meera
103493,2025-03-30,CUST0080,East,Laptop,Electronics,6,3551.97,21311.82,Completed,Neha
103494,2025-08-12,CUST1228,South,Jeans,Fashion,10,292.86,2928.6,Cancelled,Priya
103495,2025-04-10,CUST1405,West,Notebook,Stationery,2,284.59,569.18,Cancelled,Neha
103496,2025-07-13,CUST1329,West,Mouse,Electronics,3,3100.96,9302.88,Completed,Sneha
103497,2025-03-30,CUST0856,East,Refrigerator,Home Appliances,8,2615.75,20926.0,Cancelled,Rahul
103498,2025-08-16,CUST0573,West,Television,Home Appliances,4,13394.99,53579.96,Completed,Amit
103499,2025-09-09,CUST1109,South,Jeans,Fashion,10,1767.05,17670.5,Cancelled,Rahul
103500,2025-12-21,CUST1353,East,Keyboard,Electronics,4,1178.27,4713.08,Returned,Rahul
103501,2025-12-27,CUST0859,North,Book,Stationery,5,144.17,720.85,Completed,Sneha
103502,2025-01-07,CUST1163,South,Television,Home Appliances,5,10330.32,51651.6,Cancelled,Amit
103503,2025-11-18,CUST0527,North,Pen,Stationery,8,94.7,757.6,Completed,Meera
103504,2025-05-09,CUST0962,South,Washing Machine,Home Appliances,9,9849.75,88647.75,Completed,Karan
103505,2025-12-24,CUST1242,North,Keyboard,Electronics,1,4147.09,4147.09,Completed,Meera
103506,2025-02-14,CUST0292,South,Backpack,Stationery,1,497.12,497.12,Returned,Rahul
103507,2025-11-03,CUST0280,West,T-Shirt,Fashion,7,1662.87,11640.09,Cancelled,Priya
103508,2025-01-01,CUST0700,West,Pen,Stationery,2,230.02,460.04,Cancelled,Priya
103509,2025-07-23,CUST1112,East,Book,Stationery,6,205.85,1235.1,Cancelled,Priya
103510,2025-10-23,CUST0754,East,Backpack,Stationery,5,499.74,2498.7,Completed,Neha
103511,2025-12-17,CUST0740,West,Smartphone,Electronics,5,1100.91,5504.55,Returned,Karan
103512,2025-11-06,CUST0176,North,Keyboard,Electronics,1,881.33,881.33,Completed,Meera
103513,2025-09-21,CUST1483,South,Laptop,Electronics,8,505.29,4042.32,Completed,Priya
103514,2025-11-29,CUST0212,East,T-Shirt,Fashion,1,1542.71,1542.71,Completed,Karan
103515,2025-10-08,CUST1186,North,Headphones,Electronics,4,1512.21,6048.84,Completed,Arjun
103516,2025-12-09,CUST0110,North,Notebook,Stationery,5,217.9,1089.5,Returned,Priya
103517,2025-08-29,CUST0105,East,Mouse,Electronics,1,730.59,730.59,Completed,Sneha
103518,2025-03-18,CUST0713,North,Smartphone,Electronics,1,2175.01,2175.01,Completed,Rahul
103519,2025-02-11,CUST0025,West,Television,Home Appliances,10,4336.88,43368.8,Completed,Meera
103520,2025-12-12,CUST1419,North,Jacket,Fashion,5,2015.58,10077.9,Completed,Arjun
103521,2025-03-27,CUST0710,West,Jacket,Fashion,5,912.33,4561.65,Completed,Karan
103522,2025-05-26,CUST0232,North,Refrigerator,Home Appliances,5,2584.23,12921.15,Cancelled,Neha
103523,2025-12-15,CUST0751,East,Pen,Stationery,1,471.76,471.76,Returned,Neha
103524,2025-08-16,CUST0868,South,Washing Machine,Home Appliances,10,15579.66,155796.6,Completed,Meera
103525,2025-01-03,CUST1086,North,Book,Stationery,7,388.22,2717.54,Completed,Priya
103526,2025-07-05,CUST1067,North,Pen,Stationery,10,335.5,3355.0,Completed,Arjun
103527,2025-01-18,CUST1056,East,Headphones,Electronics,5,3147.04,15735.2,Completed,Sneha
103528,2025-12-12,CUST0729,South,Notebook,Stationery,5,372.55,1862.75,Completed,Sneha
103529,2025-08-12,CUST0429,West,Mouse,Electronics,10,3099.01,30990.1,Completed,Neha
103530,2025-02-25,CUST0200,East,T-Shirt,Fashion,8,2262.58,18100.64,Completed,Amit
103531,2025-12-13,CUST0869,North,Shoes,Fashion,9,900.8,8107.2,Completed,Rahul
103532,2025-07-30,CUST0242,West,Smartphone,Electronics,6,4220.39,25322.34,Completed,Meera
103533,2025-09-30,CUST0018,East,Television,Home Appliances,5,14170.42,70852.1,Cancelled,Rahul
103534,2025-09-11,CUST1358,West,Pen,Stationery,3,186.16,558.48,Completed,Sneha
103535,2025-09-05,CUST1123,East,T-Shirt,Fashion,10,1647.72,16477.2,Completed,Rahul
103536,2025-05-11,CUST1247,North,Headphones,Electronics,8,4872.84,38982.72,Completed,Arjun
103537,2025-08-22,CUST0213,South,Headphones,Electronics,3,3127.44,9382.32,Completed,Karan
103538,2025-02-10,CUST0939,West,Notebook,Stationery,2,145.88,291.76,Completed,Amit
103539,2025-04-03,CUST0868,South,Jeans,Fashion,3,1940.19,5820.57,Cancelled,Arjun
103540,2025-05-23,CUST0675,North,Backpack,Stationery,8,178.71,1429.68,Cancelled,Karan
103541,2025-11-09,CUST0279,West,Smartphone,Electronics,5,519.22,2596.1,Completed,Amit
103542,2025-06-20,CUST1359,East,Jacket,Fashion,3,2147.06,6441.18,Returned,Neha
103543,2025-01-14,CUST0228,West,Jacket,Fashion,4,1644.61,6578.44,Cancelled,Karan
103544,2025-12-09,CUST0716,South,Jacket,Fashion,10,878.72,8787.2,Completed,Priya
103545,2025-03-11,CUST1445,West,Jacket,Fashion,9,2449.29,22043.61,Completed,Neha
103546,2025-06-21,CUST1257,North,Keyboard,Electronics,1,3457.54,3457.54,Completed,Sneha
103547,2025-12-28,CUST0268,South,Refrigerator,Home Appliances,7,1667.34,11671.38,Completed,Karan
103548,2025-08-14,CUST1383,West,Refrigerator,Home Appliances,1,5050.42,5050.42,Cancelled,Meera
103549,2025-03-24,CUST0583,North,Mouse,Electronics,7,3360.83,23525.81,Completed,Sneha
103550,2025-02-23,CUST0267,East,Notebook,Stationery,2,403.9,807.8,Completed,Amit
103551,2025-10-04,CUST0098,South,Notebook,Stationery,9,453.96,4085.64,Completed,Sneha
103552,2025-06-19,CUST1052,South,Jeans,Fashion,10,2612.95,26129.5,Completed,Sneha
103553,2025-01-15,CUST0339,West,Pen,Stationery,5,58.35,291.75,Completed,Priya
103554,2025-07-15,CUST0887,East,Television,Home Appliances,9,14392.97,129536.73,Returned,Sneha
103555,2025-11-07,CUST1078,North,Jacket,Fashion,10,2782.56,27825.6,Completed,Rahul
103556,2025-01-23,CUST0497,East,Jacket,Fashion,1,1119.35,1119.35,Completed,Rahul
103557,2025-03-23,CUST0035,West,Book,Stationery,3,120.61,361.83,Cancelled,Arjun
103558,2025-09-04,CUST1117,South,Pen,Stationery,3,398.07,1194.21,Completed,Sneha
103559,2025-07-13,CUST0060,West,Washing Machine,Home Appliances,3,11054.5,33163.5,Completed,Meera
103560,2025-02-10,CUST0015,South,Notebook,Stationery,5,230.06,1150.3,Completed,Neha
103561,2025-11-22,CUST1443,North,Washing Machine,Home Appliances,6,16452.05,98712.3,Completed,Sneha
103562,2025-03-08,CUST0928,South,Notebook,Stationery,4,477.94,1911.76,Completed,Amit
103563,2025-09-29,CUST0731,South,Headphones,Electronics,6,1458.34,8750.04,Completed,Rahul
103564,2025-06-26,CUST0918,East,Notebook,Stationery,3,101.7,305.1,Completed,Rahul
103565,2025-06-22,CUST0595,South,Shoes,Fashion,3,1126.99,3380.97,Completed,Neha
103566,2025-02-23,CUST0852,South,Backpack,Stationery,1,160.72,160.72,Returned,Priya
103567,2025-11-27,CUST0943,West,Jacket,Fashion,5,1319.25,6596.25,Completed,Sneha
103568,2025-05-23,CUST1055,North,Book,Stationery,5,482.68,2413.4,Completed,Arjun
103569,2025-04-02,CUST1278,East,Notebook,Stationery,4,109.96,439.84,Returned,Rahul
103570,2025-12-20,CUST0897,East,Jeans,Fashion,6,1697.05,10182.3,Completed,Arjun
103571,2025-06-10,CUST1194,North,Refrigerator,Home Appliances,10,5973.64,59736.4,Returned,Arjun
103572,2025-11-22,CUST1137,North,Shoes,Fashion,8,1355.23,10841.84,Completed,Priya
103573,2025-05-06,CUST1180,East,Television,Home Appliances,1,5282.39,5282.39,Completed,Neha
103574,2025-04-25,CUST0508,North,Book,Stationery,7,89.01,623.07,Completed,Amit
103575,2025-01-09,CUST0240,North,Shoes,Fashion,1,1714.35,1714.35,Cancelled,Neha
103576,2025-08-23,CUST0044,West,Pen,Stationery,4,176.52,706.08,Completed,Meera
103577,2025-02-06,CUST0653,South,Notebook,Stationery,9,388.13,3493.17,Completed,Arjun
103578,2025-06-01,CUST0724,South,Jacket,Fashion,10,2069.8,20698.0,Completed,Sneha
103579,2025-06-15,CUST1329,West,Jeans,Fashion,1,2694.89,2694.89,Completed,Arjun
103580,2025-06-03,CUST1053,North,Television,Home Appliances,2,9419.1,18838.2,Cancelled,Karan
103581,2025-03-24,CUST1413,North,Mouse,Electronics,4,3309.2,13236.8,Completed,Sneha
103582,2025-09-29,CUST1322,West,Refrigerator,Home Appliances,8,17990.18,143921.44,Cancelled,Priya
103583,2025-11-09,CUST1289,West,Pen,Stationery,2,439.36,878.72,Completed,Sneha
103584,2025-01-31,CUST0419,East,Pen,Stationery,5,173.44,867.2,Cancelled,Rahul
103585,2025-08-26,CUST0415,East,Backpack,Stationery,10,443.22,4432.2,Completed,Rahul
103586,2025-07-05,CUST1400,West,Shoes,Fashion,4,2503.1,10012.4,Completed,Priya
103587,2025-05-27,CUST0020,West,Television,Home Appliances,5,17683.01,88415.05,Completed,Arjun
103588,2025-02-16,CUST0361,East,Washing Machine,Home Appliances,1,11941.62,11941.62,Cancelled,Amit
103589,2025-06-12,CUST1194,East,T-Shirt,Fashion,6,1538.95,9233.7,Completed,Karan
103590,2025-12-02,CUST0485,West,Pen,Stationery,2,85.42,170.84,Completed,Arjun
103591,2025-02-14,CUST0234,West,Laptop,Electronics,9,4550.2,40951.8,Cancelled,Neha
103592,2025-04-20,CUST1231,South,Jeans,Fashion,8,392.24,3137.92,Completed,Meera
103593,2025-05-03,CUST0595,West,Backpack,Stationery,2,109.11,218.22,Completed,Priya
103594,2025-12-23,CUST1450,West,Refrigerator,Home Appliances,3,12765.67,38297.01,Completed,Neha
103595,2025-06-06,CUST1148,East,Laptop,Electronics,5,3164.28,15821.4,Completed,Amit
103596,2025-06-04,CUST0739,West,Mouse,Electronics,7,3548.42,24838.94,Completed,Priya
103597,2025-04-22,CUST0394,North,Mouse,Electronics,3,815.47,2446.41,Completed,Neha
103598,2025-08-09,CUST1283,South,Keyboard,Electronics,3,1550.77,4652.31,Completed,Karan
103599,2025-12-02,CUST0446,East,Keyboard,Electronics,2,551.05,1102.1,Completed,Meera
103600,2025-01-16,CUST0230,West,Shoes,Fashion,6,2476.79,14860.74,Completed,Rahul
103601,2025-05-15,CUST1214,North,Smartphone,Electronics,5,4787.08,23935.4,Completed,Meera
103602,2025-07-20,CUST0707,East,Headphones,Electronics,9,2636.37,23727.33,Cancelled,Meera
103603,2025-12-01,CUST0941,West,Pen,Stationery,3,191.89,575.67,Completed,Arjun
103604,2025-04-11,CUST1357,South,Refrigerator,Home Appliances,7,1495.85,10470.95,Returned,Priya
103605,2025-12-20,CUST0901,East,Laptop,Electronics,6,3967.44,23804.64,Returned,Arjun
103606,2025-08-25,CUST0047,East,Refrigerator,Home Appliances,7,8579.81,60058.67,Completed,Karan
103607,2025-05-06,CUST1466,West,Backpack,Stationery,7,349.48,2446.36,Returned,Neha
103608,2025-09-10,CUST0222,North,Television,Home Appliances,8,2126.04,17008.32,Completed,Amit
103609,2025-02-03,CUST0562,East,Mouse,Electronics,8,4399.92,35199.36,Completed,Neha
103610,2025-01-16,CUST0832,North,Refrigerator,Home Appliances,4,6666.65,26666.6,Cancelled,Meera
103611,2025-10-10,CUST0395,West,Jeans,Fashion,9,2141.77,19275.93,Completed,Sneha
103612,2025-09-26,CUST0666,West,Mouse,Electronics,8,1339.27,10714.16,Completed,Sneha
103613,2025-02-27,CUST0434,East,Jeans,Fashion,6,2997.02,17982.12,Cancelled,Arjun
103614,2025-03-26,CUST0482,South,Smartphone,Electronics,5,2837.21,14186.05,Completed,Neha
103615,2025-11-22,CUST0395,West,Notebook,Stationery,7,441.46,3090.22,Returned,Amit
103616,2025-08-13,CUST0746,North,Headphones,Electronics,4,2350.38,9401.52,Completed,Karan
103617,2025-04-29,CUST1006,East,Backpack,Stationery,5,67.17,335.85,Completed,Arjun
103618,2025-03-28,CUST1178,South,Refrigerator,Home Appliances,8,7325.41,58603.28,Completed,Amit
103619,2025-01-03,CUST1051,East,Headphones,Electronics,6,2810.24,16861.44,Completed,Karan
103620,2025-10-06,CUST0231,North,Shoes,Fashion,6,1430.35,8582.1,Completed,Arjun
103621,2025-03-02,CUST0209,North,Laptop,Electronics,7,2925.57,20478.99,Completed,Amit
103622,2025-11-08,CUST0341,South,Washing Machine,Home Appliances,2,2697.19,5394.38,Completed,Amit
103623,2025-05-19,CUST0777,North,Jeans,Fashion,6,2185.98,13115.88,Returned,Rahul
103624,2025-05-11,CUST0475,South,Notebook,Stationery,7,263.15,1842.05,Completed,Karan
103625,2025-12-13,CUST0559,North,Smartphone,Electronics,5,4447.78,22238.9,Completed,Sneha
103626,2025-04-29,CUST0015,East,Jacket,Fashion,7,280.25,1961.75,Completed,Arjun
103627,2025-04-23,CUST1071,South,Refrigerator,Home Appliances,8,15733.29,125866.32,Cancelled,Meera
103628,2025-08-16,CUST0426,South,T-Shirt,Fashion,2,2024.57,4049.14,Cancelled,Neha
103629,2025-12-14,CUST1293,South,Shoes,Fashion,10,1109.56,11095.6,Completed,Neha
103630,2025-07-28,CUST1399,North,Shoes,Fashion,10,1806.04,18060.4,Completed,Priya
103631,2025-05-13,CUST0040,West,Smartphone,Electronics,7,4115.88,28811.16,Completed,Karan
103632,2025-01-18,CUST0032,South,T-Shirt,Fashion,8,2476.27,19810.16,Completed,Meera
103633,2025-04-03,CUST1217,North,Jeans,Fashion,2,1053.67,2107.34,Completed,Arjun
103634,2025-02-13,CUST1427,South,Pen,Stationery,5,86.33,431.65,Cancelled,Sneha
103635,2025-09-14,CUST0016,East,Notebook,Stationery,8,184.54,1476.32,Completed,Priya
103636,2025-10-24,CUST1357,North,Notebook,Stationery,5,166.9,834.5,Completed,Sneha
103637,2025-07-29,CUST1458,West,Refrigerator,Home Appliances,6,13809.0,82854.0,Completed,Rahul
103638,2025-02-16,CUST1407,East,Pen,Stationery,9,310.9,2798.1,Completed,Meera
103639,2025-02-22,CUST0257,North,Keyboard,Electronics,9,4846.8,43621.2,Completed,Sneha
103640,2025-05-03,CUST0084,North,Backpack,Stationery,2,374.08,748.16,Cancelled,Karan
103641,2025-12-28,CUST1305,West,Shoes,Fashion,5,686.44,3432.2,Completed,Sneha
103642,2025-09-05,CUST0347,South,Television,Home Appliances,4,13158.23,52632.92,Completed,Arjun
103643,2025-03-12,CUST0850,North,Book,Stationery,4,43.17,172.68,Completed,Meera
103644,2025-10-14,CUST0267,East,Book,Stationery,2,183.99,367.98,Cancelled,Meera
103645,2025-01-02,CUST0999,East,Mouse,Electronics,10,1749.18,17491.8,Completed,Arjun
103646,2025-05-12,CUST0522,South,Laptop,Electronics,5,4698.61,23493.05,Completed,Priya
103647,2025-10-23,CUST0937,North,Mouse,Electronics,9,1585.03,14265.27,Cancelled,Rahul
103648,2025-12-10,CUST1058,North,Jacket,Fashion,4,2886.93,11547.72,Returned,Rahul
103649,2025-10-14,CUST1382,South,Washing Machine,Home Appliances,8,19439.28,155514.24,Completed,Amit
103650,2025-03-30,CUST0685,East,Book,Stationery,3,183.51,550.53,Completed,Amit
103651,2025-10-27,CUST0124,South,Refrigerator,Home Appliances,7,10178.35,71248.45,Completed,Arjun
103652,2025-04-15,CUST1125,West,Smartphone,Electronics,9,2436.7,21930.3,Cancelled,Sneha
103653,2025-12-09,CUST1085,West,Book,Stationery,7,167.57,1172.99,Returned,Amit
103654,2025-10-31,CUST0044,South,Smartphone,Electronics,8,543.32,4346.56,Completed,Neha
103655,2025-08-02,CUST1462,South,Book,Stationery,9,323.13,2908.17,Cancelled,Neha
103656,2025-12-28,CUST0072,West,Refrigerator,Home Appliances,8,16210.42,129683.36,Completed,Karan
103657,2025-06-05,CUST1108,South,Television,Home Appliances,7,10342.45,72397.15,Cancelled,Rahul
103658,2025-05-27,CUST1379,North,Pen,Stationery,1,429.16,429.16,Cancelled,Arjun
103659,2025-07-22,CUST0739,North,Jacket,Fashion,3,1395.8,4187.4,Completed,Rahul
103660,2025-09-02,CUST1183,North,Keyboard,Electronics,10,1721.51,17215.1,Completed,Amit
103661,2025-03-18,CUST0125,West,Washing Machine,Home Appliances,6,15529.57,93177.42,Completed,Rahul
103662,2025-07-19,CUST1359,North,Notebook,Stationery,1,124.02,124.02,Completed,Sneha
103663,2025-01-17,CUST0946,North,Notebook,Stationery,4,24.85,99.4,Cancelled,Amit
103664,2025-09-21,CUST0703,West,Notebook,Stationery,6,61.54,369.24,Completed,Karan
103665,2025-03-06,CUST0702,West,Backpack,Stationery,8,196.69,1573.52,Completed,Amit
103666,2025-07-28,CUST1230,West,Headphones,Electronics,4,2297.48,9189.92,Completed,Meera
103667,2025-03-08,CUST0307,North,Notebook,Stationery,4,496.6,1986.4,Completed,Rahul
103668,2025-04-23,CUST1019,West,Washing Machine,Home Appliances,3,18008.98,54026.94,Completed,Neha
103669,2025-08-30,CUST1432,East,Laptop,Electronics,4,4144.61,16578.44,Completed,Karan
103670,2025-01-18,CUST0419,South,Television,Home Appliances,4,5768.68,23074.72,Completed,Neha
103671,2025-11-20,CUST1284,West,Refrigerator,Home Appliances,4,13973.2,55892.8,Completed,Sneha
103672,2025-09-07,CUST1122,East,Book,Stationery,3,192.82,578.46,Completed,Neha
103673,2025-12-30,CUST1315,North,Book,Stationery,10,271.41,2714.1,Cancelled,Priya
103674,2025-10-04,CUST0034,South,Backpack,Stationery,10,336.19,3361.9,Completed,Sneha
103675,2025-09-08,CUST1364,West,Jeans,Fashion,3,468.41,1405.23,Completed,Rahul
103676,2025-03-16,CUST1289,South,Pen,Stationery,1,175.14,175.14,Completed,Arjun
103677,2025-03-09,CUST1078,West,T-Shirt,Fashion,5,2232.32,11161.6,Completed,Amit
103678,2025-11-07,CUST0960,West,Television,Home Appliances,8,12658.57,101268.56,Completed,Priya
103679,2025-11-01,CUST1045,North,Shoes,Fashion,4,661.95,2647.8,Cancelled,Arjun
103680,2025-01-16,CUST0262,North,Jeans,Fashion,2,2106.62,4213.24,Completed,Arjun
103681,2025-08-23,CUST0458,North,Backpack,Stationery,1,213.57,213.57,Completed,Meera
103682,2025-09-30,CUST0878,West,Headphones,Electronics,10,3096.53,30965.3,Completed,Sneha
103683,2025-04-05,CUST0636,West,Laptop,Electronics,4,2874.82,11499.28,Cancelled,Arjun
103684,2025-10-17,CUST0821,West,Refrigerator,Home Appliances,2,7179.83,14359.66,Returned,Meera
103685,2025-08-01,CUST0467,North,T-Shirt,Fashion,10,2094.66,20946.6,Completed,Karan
103686,2025-06-14,CUST0586,South,Smartphone,Electronics,9,3032.97,27296.73,Completed,Sneha
103687,2025-09-09,CUST0445,East,Refrigerator,Home Appliances,8,2105.95,16847.6,Completed,Priya
103688,2025-07-14,CUST1376,South,Smartphone,Electronics,8,4730.07,37840.56,Completed,Rahul
103689,2025-12-27,CUST0381,West,Jacket,Fashion,8,773.69,6189.52,Returned,Neha
103690,2025-11-03,CUST0134,South,Jacket,Fashion,5,1779.98,8899.9,Completed,Amit
103691,2025-01-06,CUST0620,South,Mouse,Electronics,2,650.23,1300.46,Completed,Amit
103692,2025-06-05,CUST0917,West,Notebook,Stationery,3,218.41,655.23,Completed,Sneha
103693,2025-08-09,CUST0120,East,Jeans,Fashion,2,1556.16,3112.32,Completed,Meera
103694,2025-12-29,CUST1346,North,Keyboard,Electronics,5,4618.81,23094.05,Completed,Priya
103695,2025-05-07,CUST1466,North,Headphones,Electronics,6,3880.52,23283.12,Completed,Karan
103696,2025-04-30,CUST1106,South,Jacket,Fashion,4,2128.27,8513.08,Cancelled,Amit
103697,2025-01-16,CUST1351,North,T-Shirt,Fashion,9,2841.48,25573.32,Completed,Sneha
103698,2025-06-05,CUST0921,South,Mouse,Electronics,4,2491.26,9965.04,Completed,Neha
103699,2025-07-01,CUST0089,South,Pen,Stationery,4,411.34,1645.36,Completed,Neha
103700,2025-01-30,CUST0307,West,Keyboard,Electronics,3,3861.08,11583.24,Completed,Arjun
103701,2025-03-26,CUST0544,West,Jacket,Fashion,10,2866.45,28664.5,Completed,Neha
103702,2025-06-18,CUST0363,East,Jeans,Fashion,9,1335.96,12023.64,Completed,Priya
103703,2025-09-16,CUST0926,East,Jacket,Fashion,1,2503.12,2503.12,Completed,Amit
103704,2025-05-29,CUST0782,South,Washing Machine,Home Appliances,5,8972.54,44862.7,Completed,Karan
103705,2025-08-14,CUST0566,South,Smartphone,Electronics,8,2310.63,18485.04,Completed,Priya
103706,2025-03-01,CUST0693,East,Keyboard,Electronics,2,1338.18,2676.36,Returned,Neha
103707,2025-07-29,CUST1455,East,Pen,Stationery,6,284.6,1707.6,Completed,Amit
103708,2025-11-05,CUST0454,West,Headphones,Electronics,2,1912.35,3824.7,Completed,Rahul
103709,2025-04-25,CUST1056,North,Backpack,Stationery,1,68.2,68.2,Completed,Amit
103710,2025-09-04,CUST0396,East,Smartphone,Electronics,10,2024.31,20243.1,Completed,Amit
103711,2025-08-27,CUST0194,East,Smartphone,Electronics,5,4147.91,20739.55,Returned,Amit
103712,2025-10-18,CUST1185,East,Book,Stationery,10,161.7,1617.0,Completed,Arjun
103713,2025-10-22,CUST0195,West,Shoes,Fashion,6,1140.92,6845.52,Cancelled,Arjun
103714,2025-12-05,CUST1009,East,Book,Stationery,9,227.89,2051.01,Completed,Amit
103715,2025-12-29,CUST0334,North,T-Shirt,Fashion,10,2581.93,25819.3,Completed,Priya
103716,2025-04-23,CUST0426,West,Book,Stationery,3,482.16,1446.48,Completed,Neha
103717,2025-01-22,CUST1153,North,Jeans,Fashion,3,2892.82,8678.46,Completed,Amit
103718,2025-08-30,CUST1016,North,Washing Machine,Home Appliances,2,18777.04,37554.08,Completed,Sneha
103719,2025-01-04,CUST0796,South,Notebook,Stationery,8,142.35,1138.8,Completed,Rahul
103720,2025-01-31,CUST0796,North,Notebook,Stationery,1,331.84,331.84,Returned,Arjun
103721,2025-03-02,CUST1136,South,Jacket,Fashion,2,670.45,1340.9,Completed,Priya
103722,2025-12-30,CUST1322,West,Laptop,Electronics,3,4385.66,13156.98,Cancelled,Neha
103723,2025-10-26,CUST1041,South,Refrigerator,Home Appliances,3,7166.38,21499.14,Completed,Rahul
103724,2025-05-26,CUST1358,North,Keyboard,Electronics,3,1495.23,4485.69,Completed,Priya
103725,2025-10-20,CUST0829,East,Mouse,Electronics,7,3349.7,23447.9,Returned,Sneha
103726,2025-03-14,CUST0101,West,Headphones,Electronics,3,900.74,2702.22,Cancelled,Amit
103727,2025-12-19,CUST1141,East,Keyboard,Electronics,5,3991.88,19959.4,Completed,Arjun
103728,2025-09-13,CUST0210,North,Mouse,Electronics,2,3613.06,7226.12,Completed,Neha
103729,2025-05-24,CUST1160,North,Jacket,Fashion,10,1111.91,11119.1,Completed,Arjun
103730,2025-09-14,CUST0072,South,Mouse,Electronics,6,4228.85,25373.1,Cancelled,Meera
103731,2025-10-13,CUST0452,North,Jeans,Fashion,7,1410.16,9871.12,Completed,Amit
103732,2025-05-21,CUST0161,North,Pen,Stationery,3,312.03,936.09,Completed,Amit
103733,2025-11-30,CUST0908,South,Jeans,Fashion,8,2803.76,22430.08,Completed,Neha
103734,2025-11-06,CUST0176,North,Jacket,Fashion,7,2307.7,16153.9,Completed,Priya
103735,2025-11-19,CUST0821,East,Pen,Stationery,8,86.71,693.68,Completed,Karan
103736,2025-03-10,CUST1406,South,Pen,Stationery,10,455.19,4551.9,Completed,Meera
103737,2025-07-18,CUST0281,South,Book,Stationery,2,384.11,768.22,Completed,Neha
103738,2025-07-24,CUST1124,South,T-Shirt,Fashion,5,2462.16,12310.8,Completed,Amit
103739,2025-09-12,CUST1006,North,Keyboard,Electronics,6,2203.16,13218.96,Completed,Priya
103740,2025-03-17,CUST0661,West,Jacket,Fashion,3,777.59,2332.77,Completed,Neha
103741,2025-07-19,CUST0070,East,T-Shirt,Fashion,6,2517.85,15107.1,Completed,Karan
103742,2025-07-05,CUST0116,North,Book,Stationery,8,106.28,850.24,Cancelled,Amit
103743,2025-02-14,CUST0386,East,T-Shirt,Fashion,6,757.81,4546.86,Completed,Sneha
103744,2025-11-16,CUST0471,North,Book,Stationery,6,314.06,1884.36,Completed,Neha
103745,2025-02-13,CUST0301,North,Refrigerator,Home Appliances,2,1125.95,2251.9,Returned,Neha
103746,2025-01-16,CUST1103,South,Headphones,Electronics,2,1764.67,3529.34,Completed,Karan
103747,2025-09-04,CUST1212,West,Television,Home Appliances,8,17643.07,141144.56,Completed,Karan
103748,2025-08-07,CUST1088,West,Smartphone,Electronics,2,4675.87,9351.74,Completed,Neha
103749,2025-01-08,CUST0088,South,Book,Stationery,9,72.34,651.06,Completed,Karan
103750,2025-09-23,CUST1263,South,Washing Machine,Home Appliances,6,19874.21,119245.26,Cancelled,Sneha
103751,2025-06-27,CUST0262,South,Jacket,Fashion,8,2922.73,23381.84,Completed,Karan
103752,2025-03-18,CUST0645,North,Refrigerator,Home Appliances,8,16655.34,133242.72,Completed,Rahul
103753,2025-03-01,CUST0139,South,Television,Home Appliances,6,4849.38,29096.28,Returned,Rahul
103754,2025-05-09,CUST0689,North,Headphones,Electronics,1,4932.07,4932.07,Completed,Rahul
103755,2025-08-14,CUST0813,South,Notebook,Stationery,1,493.77,493.77,Completed,Arjun
103756,2025-09-11,CUST0613,North,Mouse,Electronics,3,2931.51,8794.53,Completed,Meera
103757,2025-06-10,CUST0426,East,Smartphone,Electronics,1,3315.96,3315.96,Completed,Neha
103758,2025-07-10,CUST1453,West,Pen,Stationery,10,111.0,1110.0,Completed,Priya
103759,2025-02-12,CUST0527,North,Keyboard,Electronics,5,3703.43,18517.15,Completed,Priya
103760,2025-05-27,CUST0729,West,Keyboard,Electronics,2,1748.13,3496.26,Completed,Arjun
103761,2025-04-15,CUST0438,East,Jeans,Fashion,8,1073.29,8586.32,Completed,Meera
103762,2025-05-05,CUST0567,South,Laptop,Electronics,6,1520.52,9123.12,Completed,Arjun
103763,2025-01-24,CUST0422,North,Book,Stationery,2,32.07,64.14,Completed,Karan
103764,2025-10-10,CUST1469,South,Pen,Stationery,9,356.49,3208.41,Completed,Priya
103765,2025-03-08,CUST0237,North,Backpack,Stationery,1,475.05,475.05,Completed,Rahul
103766,2025-04-23,CUST1055,West,Pen,Stationery,4,239.05,956.2,Completed,Karan
103767,2025-03-27,CUST0382,West,Smartphone,Electronics,4,1028.86,4115.44,Cancelled,Sneha
103768,2025-08-19,CUST0424,East,Shoes,Fashion,8,238.58,1908.64,Returned,Neha
103769,2025-09-12,CUST0524,East,Backpack,Stationery,5,240.72,1203.6,Completed,Neha
103770,2025-06-30,CUST0824,East,Backpack,Stationery,7,432.62,3028.34,Completed,Meera
103771,2025-10-09,CUST0317,East,Notebook,Stationery,3,430.31,1290.93,Cancelled,Rahul
103772,2025-04-19,CUST1032,South,Refrigerator,Home Appliances,10,16750.88,167508.8,Cancelled,Rahul
103773,2025-05-14,CUST1451,West,Pen,Stationery,8,84.16,673.28,Completed,Neha
103774,2025-08-09,CUST1168,West,Headphones,Electronics,6,3397.31,20383.86,Completed,Amit
103775,2025-05-20,CUST1113,North,Backpack,Stationery,7,35.58,249.06,Returned,Priya
103776,2025-05-16,CUST0422,North,Refrigerator,Home Appliances,5,13415.2,67076.0,Completed,Karan
103777,2025-08-10,CUST0720,East,Laptop,Electronics,9,3460.21,31141.89,Completed,Karan
103778,2025-05-01,CUST0958,East,Refrigerator,Home Appliances,1,17585.45,17585.45,Completed,Amit
103779,2025-09-28,CUST0195,East,T-Shirt,Fashion,7,906.78,6347.46,Completed,Sneha
103780,2025-12-30,CUST0763,North,Jeans,Fashion,9,2458.17,22123.53,Completed,Neha
103781,2025-07-29,CUST0397,South,Notebook,Stationery,2,120.12,240.24,Completed,Meera
103782,2025-09-24,CUST1009,South,Washing Machine,Home Appliances,7,9763.1,68341.7,Completed,Neha
103783,2025-06-08,CUST0183,South,Jacket,Fashion,2,784.13,1568.26,Completed,Priya
103784,2025-10-08,CUST1337,North,T-Shirt,Fashion,9,265.76,2391.84,Completed,Meera
103785,2025-01-07,CUST1392,South,Refrigerator,Home Appliances,4,12548.31,50193.24,Cancelled,Priya
103786,2025-02-11,CUST0459,East,Shoes,Fashion,1,463.14,463.14,Completed,Amit
103787,2025-07-31,CUST0515,South,Jeans,Fashion,3,2298.27,6894.81,Completed,Priya
103788,2025-09-26,CUST0807,East,Shoes,Fashion,2,207.1,414.2,Cancelled,Arjun
103789,2025-11-18,CUST1349,East,Jacket,Fashion,10,251.93,2519.3,Completed,Meera
103790,2025-11-10,CUST1173,South,Television,Home Appliances,1,8246.99,8246.99,Completed,Neha
103791,2025-10-27,CUST1384,South,Backpack,Stationery,3,489.35,1468.05,Completed,Rahul
103792,2025-04-25,CUST1382,West,Washing Machine,Home Appliances,3,9214.62,27643.86,Completed,Arjun
103793,2025-11-14,CUST0961,East,Notebook,Stationery,5,457.36,2286.8,Completed,Sneha
103794,2025-09-08,CUST0957,East,Jacket,Fashion,10,747.31,7473.1,Completed,Sneha
103795,2025-04-16,CUST1281,West,Shoes,Fashion,8,2092.6,16740.8,Completed,Arjun
103796,2025-07-28,CUST1042,South,Mouse,Electronics,7,2785.89,19501.23,Cancelled,Amit
103797,2025-09-14,CUST0776,South,Jacket,Fashion,4,2836.94,11347.76,Cancelled,Karan
103798,2025-07-30,CUST0561,North,Television,Home Appliances,4,19864.33,79457.32,Cancelled,Amit
103799,2025-07-22,CUST1010,South,Washing Machine,Home Appliances,4,3857.23,15428.92,Cancelled,Sneha
103800,2025-12-02,CUST0794,South,Pen,Stationery,6,268.76,1612.56,Completed,Karan
103801,2025-11-18,CUST0489,North,Book,Stationery,6,189.72,1138.32,Cancelled,Karan
103802,2025-07-06,CUST0495,South,Shoes,Fashion,3,908.93,2726.79,Completed,Amit
103803,2025-11-25,CUST1278,North,Jacket,Fashion,6,2659.79,15958.74,Completed,Amit
103804,2025-01-17,CUST0988,East,Washing Machine,Home Appliances,6,6313.5,37881.0,Completed,Neha
103805,2025-07-26,CUST1189,West,Television,Home Appliances,9,8065.6,72590.4,Completed,Priya
103806,2025-09-26,CUST0088,North,Washing Machine,Home Appliances,10,8215.72,82157.2,Cancelled,Amit
103807,2025-05-21,CUST0179,North,Notebook,Stationery,8,120.34,962.72,Completed,Arjun
103808,2025-06-10,CUST0212,East,Refrigerator,Home Appliances,5,16930.19,84650.95,Cancelled,Rahul
103809,2025-09-30,CUST0926,South,Pen,Stationery,9,130.62,1175.58,Completed,Karan
103810,2025-05-17,CUST1417,South,Backpack,Stationery,5,330.91,1654.55,Cancelled,Amit
103811,2025-04-11,CUST1169,South,Refrigerator,Home Appliances,3,18165.15,54495.45,Completed,Sneha
103812,2025-02-05,CUST0110,East,Refrigerator,Home Appliances,10,6389.87,63898.7,Completed,Meera
103813,2025-02-26,CUST1397,North,Book,Stationery,8,406.01,3248.08,Completed,Karan
103814,2025-08-29,CUST0415,West,Jacket,Fashion,8,1784.19,14273.52,Returned,Amit
103815,2025-06-14,CUST0916,North,Book,Stationery,5,140.77,703.85,Completed,Meera
103816,2025-06-26,CUST1370,West,Washing Machine,Home Appliances,1,18970.9,18970.9,Completed,Rahul
103817,2025-08-29,CUST0685,South,Book,Stationery,7,433.14,3031.98,Cancelled,Amit
103818,2025-03-03,CUST0328,West,Book,Stationery,9,346.5,3118.5,Completed,Arjun
103819,2025-04-07,CUST1008,South,Smartphone,Electronics,10,994.04,9940.4,Completed,Karan
103820,2025-09-14,CUST0914,East,Smartphone,Electronics,4,2742.03,10968.12,Completed,Amit
103821,2025-07-27,CUST1314,North,Book,Stationery,1,321.42,321.42,Completed,Amit
103822,2025-08-21,CUST1081,West,Pen,Stationery,1,258.06,258.06,Cancelled,Karan
103823,2025-01-06,CUST0467,North,Pen,Stationery,9,485.11,4365.99,Completed,Sneha
103824,2025-06-18,CUST1352,North,Notebook,Stationery,7,466.25,3263.75,Completed,Amit
103825,2025-04-05,CUST1053,East,Jeans,Fashion,10,562.03,5620.3,Completed,Neha
103826,2025-09-17,CUST0502,South,Keyboard,Electronics,9,4411.11,39699.99,Cancelled,Karan
103827,2025-09-23,CUST0667,North,Television,Home Appliances,2,9132.43,18264.86,Returned,Karan
103828,2025-06-11,CUST1204,West,Mouse,Electronics,9,3465.45,31189.05,Completed,Rahul
103829,2025-06-25,CUST0317,South,Keyboard,Electronics,6,2460.71,14764.26,Completed,Amit
103830,2025-11-29,CUST0078,West,Headphones,Electronics,3,1430.25,4290.75,Completed,Arjun
103831,2025-11-04,CUST0339,West,Notebook,Stationery,4,30.24,120.96,Completed,Arjun
103832,2025-01-16,CUST0902,East,Jeans,Fashion,1,2939.72,2939.72,Cancelled,Karan
103833,2025-03-25,CUST0053,East,Smartphone,Electronics,8,1438.16,11505.28,Completed,Sneha
103834,2025-06-17,CUST0009,East,Refrigerator,Home Appliances,9,19551.45,175963.05,Completed,Neha
103835,2025-12-21,CUST0788,West,Mouse,Electronics,3,3649.02,10947.06,Cancelled,Amit
103836,2025-01-29,CUST0710,North,Shoes,Fashion,1,1786.52,1786.52,Completed,Meera
103837,2025-09-06,CUST1229,South,Television,Home Appliances,6,9425.84,56555.04,Cancelled,Rahul
103838,2025-02-23,CUST0768,East,Jeans,Fashion,6,862.77,5176.62,Completed,Meera
103839,2025-03-12,CUST0895,North,Television,Home Appliances,4,15529.09,62116.36,Cancelled,Sneha
103840,2025-07-05,CUST0748,South,Mouse,Electronics,6,1331.0,7986.0,Completed,Priya
103841,2025-01-28,CUST1052,East,Jeans,Fashion,10,314.85,3148.5,Completed,Sneha
103842,2025-02-22,CUST1383,North,Jeans,Fashion,9,1469.75,13227.75,Completed,Karan
103843,2025-09-19,CUST1172,West,Shoes,Fashion,6,2263.86,13583.16,Completed,Karan
103844,2025-06-20,CUST0055,South,Pen,Stationery,1,133.92,133.92,Returned,Arjun
103845,2025-04-18,CUST0755,North,Jeans,Fashion,6,1883.74,11302.44,Completed,Priya
103846,2025-08-17,CUST0899,North,Mouse,Electronics,3,3488.21,10464.63,Completed,Meera
103847,2025-04-03,CUST0758,North,Backpack,Stationery,5,198.61,993.05,Cancelled,Priya
103848,2025-05-28,CUST1202,West,Refrigerator,Home Appliances,9,9500.17,85501.53,Completed,Meera
103849,2025-05-26,CUST0678,North,Laptop,Electronics,8,779.56,6236.48,Completed,Karan
103850,2025-02-24,CUST0894,South,Jacket,Fashion,8,2709.89,21679.12,Completed,Sneha
103851,2025-07-06,CUST1201,West,Backpack,Stationery,2,93.94,187.88,Completed,Amit
103852,2025-11-16,CUST0043,South,Washing Machine,Home Appliances,7,9488.28,66417.96,Completed,Rahul
103853,2025-07-23,CUST0739,West,Washing Machine,Home Appliances,3,13911.26,41733.78,Cancelled,Karan
103854,2025-09-12,CUST1305,East,Shoes,Fashion,4,973.65,3894.6,Completed,Karan
103855,2025-05-29,CUST0724,North,Jeans,Fashion,9,873.85,7864.65,Completed,Sneha
103856,2025-08-06,CUST1144,West,Jacket,Fashion,3,2883.01,8649.03,Completed,Meera
103857,2025-11-10,CUST0730,East,Backpack,Stationery,9,45.9,413.1,Completed,Priya
103858,2025-01-27,CUST0602,West,Mouse,Electronics,7,3916.1,27412.7,Completed,Priya
103859,2025-03-23,CUST0192,South,Jeans,Fashion,8,1765.64,14125.12,Completed,Neha
103860,2025-11-12,CUST1397,West,Backpack,Stationery,1,393.65,393.65,Cancelled,Arjun
103861,2025-09-23,CUST1037,North,Mouse,Electronics,10,4800.49,48004.9,Completed,Amit
103862,2025-10-10,CUST0404,East,Laptop,Electronics,6,2173.12,13038.72,Completed,Sneha
103863,2025-05-26,CUST0100,East,Refrigerator,Home Appliances,1,4073.5,4073.5,Completed,Neha
103864,2025-08-10,CUST0498,South,Television,Home Appliances,4,18868.19,75472.76,Completed,Rahul
103865,2025-08-18,CUST1063,West,Smartphone,Electronics,9,3022.32,27200.88,Returned,Priya
103866,2025-08-19,CUST1065,East,Television,Home Appliances,5,6383.2,31916.0,Cancelled,Arjun
103867,2025-05-20,CUST0277,East,Backpack,Stationery,7,139.26,974.82,Completed,Karan
103868,2025-07-27,CUST0891,North,Smartphone,Electronics,5,1338.57,6692.85,Completed,Rahul
103869,2025-05-12,CUST0949,West,Pen,Stationery,5,427.15,2135.75,Cancelled,Rahul
103870,2025-11-01,CUST1334,North,Backpack,Stationery,7,135.02,945.14,Completed,Meera
103871,2025-03-28,CUST0638,South,Pen,Stationery,5,312.5,1562.5,Completed,Priya
103872,2025-04-22,CUST1166,North,Jeans,Fashion,7,2483.25,17382.75,Completed,Sneha
103873,2025-03-15,CUST0402,North,Jacket,Fashion,7,1070.67,7494.69,Completed,Rahul
103874,2025-07-12,CUST0550,South,Book,Stationery,9,470.6,4235.4,Completed,Priya
103875,2025-10-23,CUST0299,West,Mouse,Electronics,3,4279.02,12837.06,Completed,Rahul
103876,2025-04-06,CUST0108,West,Jacket,Fashion,9,1573.81,14164.29,Completed,Neha
103877,2025-12-12,CUST1459,East,Pen,Stationery,1,491.0,491.0,Completed,Arjun
103878,2025-09-11,CUST1027,West,Pen,Stationery,9,482.56,4343.04,Completed,Karan
103879,2025-06-16,CUST1384,South,Jeans,Fashion,10,1278.12,12781.2,Completed,Sneha
103880,2025-01-28,CUST0723,North,Backpack,Stationery,9,344.96,3104.64,Completed,Rahul
103881,2025-05-11,CUST1233,North,Backpack,Stationery,7,145.35,1017.45,Completed,Arjun
103882,2025-07-30,CUST0220,North,Refrigerator,Home Appliances,8,1692.0,13536.0,Returned,Sneha
103883,2025-02-01,CUST0598,West,Washing Machine,Home Appliances,5,4373.86,21869.3,Completed,Arjun
103884,2025-07-08,CUST0282,East,Pen,Stationery,8,363.37,2906.96,Completed,Priya
103885,2025-12-03,CUST0045,North,Mouse,Electronics,9,2064.21,18577.89,Completed,Priya
103886,2025-10-08,CUST0655,East,Refrigerator,Home Appliances,6,17703.36,106220.16,Completed,Karan
103887,2025-09-14,CUST0975,South,Refrigerator,Home Appliances,3,14481.88,43445.64,Completed,Neha
103888,2025-01-25,CUST0572,West,Washing Machine,Home Appliances,10,14144.94,141449.4,Completed,Priya
103889,2025-09-16,CUST1261,East,Keyboard,Electronics,1,4640.42,4640.42,Completed,Meera
103890,2025-11-05,CUST0167,North,Laptop,Electronics,6,1179.96,7079.76,Completed,Karan
103891,2025-06-20,CUST0272,South,Pen,Stationery,10,307.33,3073.3,Completed,Rahul
103892,2025-05-29,CUST0442,North,Jacket,Fashion,2,2880.94,5761.88,Returned,Neha
103893,2025-09-03,CUST1499,North,Headphones,Electronics,1,3323.8,3323.8,Completed,Amit
103894,2025-03-20,CUST0287,East,Book,Stationery,1,305.76,305.76,Completed,Meera
103895,2025-02-26,CUST0579,South,Jeans,Fashion,4,2504.7,10018.8,Completed,Rahul
103896,2025-03-06,CUST0909,North,Headphones,Electronics,4,872.08,3488.32,Completed,Priya
103897,2025-07-23,CUST0089,West,Washing Machine,Home Appliances,7,8813.44,61694.08,Completed,Arjun
103898,2025-01-12,CUST0858,West,Keyboard,Electronics,6,2028.89,12173.34,Completed,Sneha
103899,2025-03-13,CUST0111,West,Jeans,Fashion,3,1378.76,4136.28,Completed,Meera
103900,2025-02-27,CUST0016,East,Smartphone,Electronics,8,3758.1,30064.8,Cancelled,Sneha
103901,2025-01-02,CUST0654,South,Backpack,Stationery,1,224.61,224.61,Returned,Priya
103902,2025-07-16,CUST0930,West,Refrigerator,Home Appliances,9,2734.88,24613.92,Cancelled,Neha
103903,2025-12-23,CUST0474,East,T-Shirt,Fashion,10,2449.7,24497.0,Completed,Sneha
103904,2025-02-11,CUST0858,North,Jeans,Fashion,10,2162.42,21624.2,Completed,Amit
103905,2025-02-25,CUST1447,West,Pen,Stationery,4,89.73,358.92,Completed,Karan
103906,2025-09-28,CUST0685,North,Washing Machine,Home Appliances,5,8833.03,44165.15,Completed,Amit
103907,2025-12-01,CUST0133,North,Television,Home Appliances,1,6787.16,6787.16,Completed,Amit
103908,2025-04-08,CUST0583,South,Shoes,Fashion,1,1899.02,1899.02,Cancelled,Neha
103909,2025-01-04,CUST0647,South,Washing Machine,Home Appliances,4,15515.11,62060.44,Completed,Sneha
103910,2025-01-28,CUST0006,North,T-Shirt,Fashion,8,2161.56,17292.48,Completed,Karan
103911,2025-11-28,CUST0301,East,Washing Machine,Home Appliances,8,1627.09,13016.72,Cancelled,Amit
103912,2025-04-05,CUST0699,West,Jacket,Fashion,1,511.69,511.69,Completed,Neha
103913,2025-02-17,CUST0920,North,Television,Home Appliances,10,15152.15,151521.5,Completed,Priya
103914,2025-01-19,CUST0727,East,Backpack,Stationery,10,233.34,2333.4,Completed,Neha
103915,2025-12-18,CUST0711,North,Refrigerator,Home Appliances,2,19639.6,39279.2,Cancelled,Priya
103916,2025-02-07,CUST1000,West,Notebook,Stationery,4,364.39,1457.56,Returned,Arjun
103917,2025-05-12,CUST1481,North,Jacket,Fashion,1,1653.57,1653.57,Completed,Sneha
103918,2025-06-21,CUST1170,West,Jeans,Fashion,3,2941.53,8824.59,Returned,Sneha
103919,2025-07-15,CUST0756,East,Book,Stationery,8,429.2,3433.6,Completed,Arjun
103920,2025-11-28,CUST0657,South,Refrigerator,Home Appliances,8,11221.71,89773.68,Completed,Rahul
103921,2025-03-23,CUST0842,East,Book,Stationery,10,337.59,3375.9,Cancelled,Arjun
103922,2025-01-11,CUST0241,East,Laptop,Electronics,9,2462.5,22162.5,Returned,Neha
103923,2025-10-29,CUST0571,East,Book,Stationery,10,331.69,3316.9,Cancelled,Priya
103924,2025-03-11,CUST1024,South,Book,Stationery,1,438.73,438.73,Completed,Amit
103925,2025-09-11,CUST0102,East,Jacket,Fashion,8,2505.19,20041.52,Completed,Meera
103926,2025-02-21,CUST0216,North,Television,Home Appliances,7,10623.89,74367.23,Completed,Arjun
103927,2025-08-19,CUST0415,North,Jacket,Fashion,1,2899.59,2899.59,Returned,Sneha
103928,2025-03-18,CUST0076,North,Book,Stationery,10,412.37,4123.7,Cancelled,Priya
103929,2025-10-19,CUST1358,South,Washing Machine,Home Appliances,7,5563.0,38941.0,Cancelled,Rahul
103930,2025-02-24,CUST0870,South,Shoes,Fashion,1,1588.77,1588.77,Completed,Arjun
103931,2025-10-10,CUST0268,East,Notebook,Stationery,6,279.84,1679.04,Completed,Meera
103932,2025-11-07,CUST0489,North,Jacket,Fashion,5,1597.55,7987.75,Cancelled,Sneha
103933,2025-07-17,CUST1238,South,T-Shirt,Fashion,9,858.55,7726.95,Cancelled,Rahul
103934,2025-11-10,CUST0410,East,T-Shirt,Fashion,1,2558.59,2558.59,Completed,Karan
103935,2025-09-09,CUST0230,East,Book,Stationery,3,203.13,609.39,Completed,Neha
103936,2025-04-19,CUST1285,East,Washing Machine,Home Appliances,4,13886.63,55546.52,Completed,Meera
103937,2025-09-29,CUST0272,South,Refrigerator,Home Appliances,6,13186.49,79118.94,Completed,Neha
103938,2025-03-29,CUST0110,West,Jeans,Fashion,3,1385.87,4157.61,Completed,Karan
103939,2025-02-28,CUST0382,West,Pen,Stationery,8,262.01,2096.08,Completed,Neha
103940,2025-10-20,CUST0339,West,Jeans,Fashion,2,1465.76,2931.52,Completed,Neha
103941,2025-06-21,CUST0017,West,Keyboard,Electronics,8,2798.07,22384.56,Completed,Karan
103942,2025-09-04,CUST1419,South,Pen,Stationery,1,171.81,171.81,Completed,Priya
103943,2025-03-06,CUST1371,North,Pen,Stationery,4,55.6,222.4,Completed,Sneha
103944,2025-12-23,CUST0157,East,Washing Machine,Home Appliances,4,10555.18,42220.72,Completed,Meera
103945,2025-08-24,CUST0324,East,Shoes,Fashion,10,594.02,5940.2,Completed,Amit
103946,2025-07-11,CUST0924,North,Washing Machine,Home Appliances,10,14334.76,143347.6,Returned,Rahul
103947,2025-07-28,CUST1098,South,T-Shirt,Fashion,4,1814.53,7258.12,Cancelled,Meera
103948,2025-01-09,CUST0819,North,Mouse,Electronics,9,1919.41,17274.69,Completed,Karan
103949,2025-02-04,CUST0033,North,Shoes,Fashion,1,2400.38,2400.38,Completed,Meera
103950,2025-05-23,CUST1198,West,Pen,Stationery,10,112.62,1126.2,Completed,Amit
103951,2025-11-24,CUST1260,South,Mouse,Electronics,2,2772.18,5544.36,Completed,Priya
103952,2025-08-18,CUST0658,West,Refrigerator,Home Appliances,10,5662.98,56629.8,Completed,Priya
103953,2025-01-20,CUST0387,North,Laptop,Electronics,6,3724.88,22349.28,Completed,Arjun
103954,2025-12-18,CUST0331,South,Laptop,Electronics,7,1788.32,12518.24,Completed,Sneha
103955,2025-01-02,CUST0365,East,Jeans,Fashion,7,2969.6,20787.2,Cancelled,Sneha
103956,2025-03-28,CUST0296,West,Jacket,Fashion,10,2185.75,21857.5,Completed,Amit
103957,2025-06-01,CUST0470,North,Book,Stationery,8,138.14,1105.12,Completed,Amit
103958,2025-12-05,CUST0104,South,Jeans,Fashion,8,2118.51,16948.08,Completed,Neha
103959,2025-07-03,CUST0222,South,Laptop,Electronics,8,3101.4,24811.2,Completed,Rahul
103960,2025-01-01,CUST0350,West,Headphones,Electronics,2,3830.96,7661.92,Completed,Priya
103961,2025-09-21,CUST0086,North,Pen,Stationery,7,52.34,366.38,Completed,Priya
103962,2025-12-12,CUST0404,South,Jeans,Fashion,2,736.89,1473.78,Completed,Amit
103963,2025-11-02,CUST0138,North,Television,Home Appliances,6,19629.95,117779.7,Returned,Sneha
103964,2025-07-11,CUST1489,South,Keyboard,Electronics,10,945.07,9450.7,Completed,Amit
103965,2025-03-29,CUST0176,East,T-Shirt,Fashion,5,1859.42,9297.1,Completed,Priya
103966,2025-11-08,CUST0554,East,T-Shirt,Fashion,10,1832.11,18321.1,Completed,Karan
103967,2025-07-05,CUST1421,South,Laptop,Electronics,4,4170.05,16680.2,Returned,Neha
103968,2025-03-20,CUST0012,East,Headphones,Electronics,3,2354.85,7064.55,Cancelled,Amit
103969,2025-03-19,CUST0106,North,Keyboard,Electronics,5,4505.13,22525.65,Completed,Arjun
103970,2025-10-06,CUST0152,West,Backpack,Stationery,6,319.64,1917.84,Completed,Priya
103971,2025-12-09,CUST0670,East,Television,Home Appliances,7,9684.18,67789.26,Returned,Karan
103972,2025-03-18,CUST1474,East,Shoes,Fashion,6,735.89,4415.34,Completed,Amit
103973,2025-06-11,CUST0282,West,Laptop,Electronics,4,777.36,3109.44,Completed,Arjun
103974,2025-05-09,CUST1465,East,Refrigerator,Home Appliances,5,4477.58,22387.9,Completed,Rahul
103975,2025-09-02,CUST0168,West,Jacket,Fashion,3,2839.47,8518.41,Returned,Rahul
103976,2025-05-10,CUST0326,West,Smartphone,Electronics,6,1611.04,9666.24,Completed,Meera
103977,2025-06-09,CUST0276,West,Keyboard,Electronics,8,2231.89,17855.12,Completed,Meera
103978,2025-10-04,CUST1436,South,Backpack,Stationery,8,165.14,1321.12,Completed,Rahul
103979,2025-04-02,CUST0599,East,Laptop,Electronics,8,3426.3,27410.4,Completed,Neha
103980,2025-12-11,CUST1226,South,Headphones,Electronics,2,584.02,1168.04,Returned,Rahul
103981,2025-04-04,CUST0886,North,Jacket,Fashion,3,1165.06,3495.18,Completed,Priya
103982,2025-08-11,CUST1483,West,Notebook,Stationery,10,105.38,1053.8,Completed,Sneha
103983,2025-10-10,CUST0347,West,Refrigerator,Home Appliances,9,13493.72,121443.48,Returned,Neha
103984,2025-09-22,CUST0044,South,Washing Machine,Home Appliances,9,13367.29,120305.61,Cancelled,Amit
103985,2025-08-22,CUST1333,West,T-Shirt,Fashion,4,1186.39,4745.56,Completed,Sneha
103986,2025-12-16,CUST1185,West,Refrigerator,Home Appliances,2,14783.88,29567.76,Completed,Neha
103987,2025-01-30,CUST0709,East,T-Shirt,Fashion,5,2179.9,10899.5,Cancelled,Amit
103988,2025-10-13,CUST1130,North,Backpack,Stationery,6,22.94,137.64,Completed,Arjun
103989,2025-08-02,CUST1443,South,Washing Machine,Home Appliances,8,8179.81,65438.48,Completed,Priya
103990,2025-10-24,CUST0735,East,Television,Home Appliances,1,16425.47,16425.47,Completed,Karan
103991,2025-03-25,CUST0760,North,Jeans,Fashion,5,2295.11,11475.55,Completed,Neha
103992,2025-11-10,CUST0138,North,Television,Home Appliances,1,15107.42,15107.42,Completed,Arjun
103993,2025-12-27,CUST0204,East,Television,Home Appliances,6,3084.94,18509.64,Completed,Meera
103994,2025-08-08,CUST0470,South,Jeans,Fashion,2,2083.07,4166.14,Cancelled,Amit
103995,2025-05-02,CUST1018,West,Shoes,Fashion,5,381.68,1908.4,Completed,Karan
103996,2025-08-27,CUST0081,West,Washing Machine,Home Appliances,8,17022.28,136178.24,Cancelled,Rahul
103997,2025-09-22,CUST0165,South,Television,Home Appliances,9,3128.7,28158.3,Completed,Neha
103998,2025-06-13,CUST0285,East,Jeans,Fashion,8,2276.83,18214.64,Completed,Rahul
103999,2025-09-12,CUST0446,East,Pen,Stationery,10,223.09,2230.9,Completed,Neha
104000,2025-09-15,CUST0825,West,Refrigerator,Home Appliances,1,19929.92,19929.92,Returned,Amit
104001,2025-12-11,CUST0054,East,Pen,Stationery,10,446.54,4465.4,Completed,Priya
104002,2025-07-10,CUST1465,East,Smartphone,Electronics,7,1840.28,12881.96,Completed,Amit
104003,2025-02-08,CUST1447,North,Refrigerator,Home Appliances,9,3908.25,35174.25,Completed,Priya
104004,2025-08-05,CUST0129,South,Book,Stationery,3,268.54,805.62,Completed,Meera
104005,2025-05-25,CUST1164,South,Notebook,Stationery,3,384.55,1153.65,Cancelled,Amit
104006,2025-05-24,CUST0385,North,Television,Home Appliances,3,19290.26,57870.78,Completed,Karan
104007,2025-03-08,CUST0214,East,Television,Home Appliances,4,6828.95,27315.8,Completed,Priya
104008,2025-01-01,CUST0135,East,Laptop,Electronics,5,4295.55,21477.75,Completed,Priya
104009,2025-06-20,CUST0933,North,Refrigerator,Home Appliances,4,7388.33,29553.32,Completed,Meera
104010,2025-11-02,CUST0732,South,Television,Home Appliances,3,13901.29,41703.87,Cancelled,Meera
104011,2025-02-09,CUST1456,South,Television,Home Appliances,2,10293.31,20586.62,Completed,Meera
104012,2025-07-09,CUST0131,West,Backpack,Stationery,8,373.06,2984.48,Completed,Meera
104013,2025-02-13,CUST1092,West,Smartphone,Electronics,4,3229.12,12916.48,Completed,Rahul
104014,2025-01-20,CUST0564,North,Headphones,Electronics,9,2644.48,23800.32,Completed,Karan
104015,2025-09-19,CUST0174,South,Jeans,Fashion,9,1347.69,12129.21,Cancelled,Neha
104016,2025-12-18,CUST0063,South,Shoes,Fashion,9,1755.46,15799.14,Returned,Arjun
104017,2025-02-24,CUST0713,South,Shoes,Fashion,4,1953.86,7815.44,Cancelled,Sneha
104018,2025-10-04,CUST1306,North,Television,Home Appliances,2,15577.4,31154.8,Completed,Arjun
104019,2025-06-06,CUST1231,West,Refrigerator,Home Appliances,6,18110.02,108660.12,Cancelled,Rahul
104020,2025-01-16,CUST0841,West,Book,Stationery,10,171.78,1717.8,Completed,Arjun
104021,2025-08-28,CUST1301,East,Book,Stationery,3,489.02,1467.06,Cancelled,Neha
104022,2025-06-27,CUST0736,North,Pen,Stationery,3,46.48,139.44,Completed,Neha
104023,2025-01-19,CUST0922,South,Jeans,Fashion,5,2823.52,14117.6,Completed,Rahul
104024,2025-08-22,CUST0287,East,Refrigerator,Home Appliances,1,15065.08,15065.08,Returned,Amit
104025,2025-03-30,CUST0605,South,Jacket,Fashion,2,2964.07,5928.14,Completed,Meera
104026,2025-05-24,CUST0195,East,Jacket,Fashion,9,2139.98,19259.82,Returned,Karan
104027,2025-08-03,CUST0527,North,Backpack,Stationery,8,59.27,474.16,Completed,Arjun
104028,2025-09-12,CUST0122,North,Washing Machine,Home Appliances,5,16650.79,83253.95,Completed,Arjun
104029,2025-03-02,CUST1029,South,Book,Stationery,2,406.5,813.0,Completed,Amit
104030,2025-01-25,CUST1420,North,Refrigerator,Home Appliances,3,7199.69,21599.07,Completed,Neha
104031,2025-07-12,CUST1351,South,Keyboard,Electronics,4,1105.72,4422.88,Cancelled,Meera
104032,2025-01-30,CUST0535,West,Shoes,Fashion,4,1989.44,7957.76,Completed,Priya
104033,2025-09-14,CUST1209,West,Backpack,Stationery,10,305.5,3055.0,Completed,Rahul
104034,2025-09-28,CUST0249,East,Jacket,Fashion,1,991.03,991.03,Returned,Neha
104035,2025-05-28,CUST0502,West,Laptop,Electronics,9,2417.02,21753.18,Completed,Karan
104036,2025-03-05,CUST0341,South,Jacket,Fashion,6,471.31,2827.86,Completed,Priya
104037,2025-05-04,CUST0943,North,Book,Stationery,1,137.95,137.95,Completed,Rahul
104038,2025-12-19,CUST0678,West,Jacket,Fashion,8,1028.85,8230.8,Completed,Sneha
104039,2025-06-22,CUST0529,East,Smartphone,Electronics,4,1055.62,4222.48,Completed,Priya
104040,2025-09-08,CUST0210,West,Smartphone,Electronics,1,2206.31,2206.31,Completed,Neha
104041,2025-04-01,CUST0155,North,Laptop,Electronics,6,4420.14,26520.84,Completed,Arjun
104042,2025-10-14,CUST0544,West,Notebook,Stationery,6,411.83,2470.98,Completed,Arjun
104043,2025-12-17,CUST0641,North,Laptop,Electronics,7,989.0,6923.0,Completed,Rahul
104044,2025-06-18,CUST0645,West,Book,Stationery,9,152.1,1368.9,Completed,Sneha
104045,2025-11-25,CUST1280,North,Washing Machine,Home Appliances,9,3417.8,30760.2,Completed,Priya
104046,2025-04-09,CUST0274,West,Jeans,Fashion,1,712.32,712.32,Completed,Sneha
104047,2025-04-16,CUST1372,North,Washing Machine,Home Appliances,9,2063.31,18569.79,Cancelled,Rahul
104048,2025-09-11,CUST0648,East,Headphones,Electronics,1,4667.26,4667.26,Cancelled,Priya
104049,2025-05-31,CUST0270,North,Notebook,Stationery,6,144.44,866.64,Completed,Meera
104050,2025-05-21,CUST1159,South,Backpack,Stationery,8,141.49,1131.92,Completed,Neha
104051,2025-01-28,CUST0100,South,Headphones,Electronics,7,1770.4,12392.8,Completed,Rahul
104052,2025-12-10,CUST0937,North,Pen,Stationery,9,228.51,2056.59,Cancelled,Neha
104053,2025-10-15,CUST0721,North,Backpack,Stationery,10,129.38,1293.8,Completed,Arjun
104054,2025-01-12,CUST0521,East,Mouse,Electronics,2,1128.71,2257.42,Completed,Sneha
104055,2025-01-23,CUST0190,South,Jeans,Fashion,4,1888.55,7554.2,Completed,Neha
104056,2025-08-14,CUST1155,West,Television,Home Appliances,5,9905.96,49529.8,Completed,Rahul
104057,2025-03-05,CUST1405,South,Shoes,Fashion,8,1030.62,8244.96,Cancelled,Neha
104058,2025-04-29,CUST1394,North,Washing Machine,Home Appliances,1,13332.61,13332.61,Completed,Karan
104059,2025-07-03,CUST0319,West,T-Shirt,Fashion,8,1759.07,14072.56,Completed,Meera
104060,2025-06-06,CUST1239,North,Jacket,Fashion,5,1141.15,5705.75,Completed,Sneha
104061,2025-04-09,CUST1487,East,Book,Stationery,3,235.34,706.02,Completed,Karan
104062,2025-03-09,CUST0298,North,Washing Machine,Home Appliances,2,11052.59,22105.18,Returned,Rahul
104063,2025-12-07,CUST0265,South,Television,Home Appliances,4,8488.63,33954.52,Completed,Meera
104064,2025-05-22,CUST0083,North,Pen,Stationery,1,387.89,387.89,Completed,Arjun
104065,2025-10-10,CUST0774,West,Jeans,Fashion,2,426.15,852.3,Completed,Priya
104066,2025-12-29,CUST0269,West,Headphones,Electronics,1,4719.75,4719.75,Completed,Karan
104067,2025-09-27,CUST1471,West,Jeans,Fashion,3,2420.8,7262.4,Completed,Arjun
104068,2025-11-16,CUST0431,North,Backpack,Stationery,5,107.63,538.15,Completed,Neha
104069,2025-03-10,CUST1466,South,Television,Home Appliances,8,4677.0,37416.0,Completed,Neha
104070,2025-06-26,CUST0246,East,Notebook,Stationery,2,415.94,831.88,Completed,Arjun
104071,2025-02-04,CUST0528,West,Keyboard,Electronics,8,3904.66,31237.28,Cancelled,Karan
104072,2025-09-12,CUST0140,North,Backpack,Stationery,6,123.96,743.76,Returned,Meera
104073,2025-01-03,CUST1148,West,Refrigerator,Home Appliances,1,7765.83,7765.83,Completed,Meera
104074,2025-01-27,CUST0976,West,Refrigerator,Home Appliances,10,19774.73,197747.3,Cancelled,Meera
104075,2025-11-10,CUST0976,West,Notebook,Stationery,2,491.55,983.1,Cancelled,Karan
104076,2025-03-23,CUST1402,South,Headphones,Electronics,9,2029.48,18265.32,Completed,Sneha
104077,2025-01-10,CUST0001,East,Mouse,Electronics,3,2353.89,7061.67,Completed,Rahul
104078,2025-03-22,CUST0249,North,Mouse,Electronics,8,884.26,7074.08,Completed,Neha
104079,2025-04-18,CUST0155,North,Jacket,Fashion,1,567.93,567.93,Cancelled,Meera
104080,2025-11-14,CUST0061,West,Shoes,Fashion,8,1210.18,9681.44,Completed,Amit
104081,2025-05-25,CUST0138,South,Keyboard,Electronics,1,4486.95,4486.95,Completed,Rahul
104082,2025-01-25,CUST0909,South,Shoes,Fashion,4,2811.71,11246.84,Completed,Sneha
104083,2025-06-23,CUST0011,North,Pen,Stationery,6,347.73,2086.38,Completed,Priya
104084,2025-08-13,CUST0361,West,Jeans,Fashion,1,1030.69,1030.69,Completed,Karan
104085,2025-08-08,CUST0695,East,Notebook,Stationery,8,105.43,843.44,Completed,Priya
104086,2025-04-26,CUST1334,North,T-Shirt,Fashion,1,1063.7,1063.7,Cancelled,Sneha
104087,2025-09-07,CUST0791,North,Headphones,Electronics,7,1158.06,8106.42,Completed,Karan
104088,2025-07-13,CUST0920,North,Television,Home Appliances,5,3025.76,15128.8,Returned,Meera
104089,2025-05-19,CUST1271,East,Pen,Stationery,9,171.04,1539.36,Returned,Priya
104090,2025-03-19,CUST0879,North,Keyboard,Electronics,7,2559.79,17918.53,Returned,Meera
104091,2025-11-09,CUST0650,West,Television,Home Appliances,10,9550.32,95503.2,Completed,Amit
104092,2025-02-26,CUST0884,North,Smartphone,Electronics,5,3087.46,15437.3,Completed,Rahul
104093,2025-05-19,CUST0902,East,T-Shirt,Fashion,8,1730.43,13843.44,Completed,Meera
104094,2025-09-18,CUST0916,North,Washing Machine,Home Appliances,6,2297.17,13783.02,Completed,Rahul
104095,2025-04-23,CUST1369,West,Notebook,Stationery,1,420.17,420.17,Completed,Neha
104096,2025-07-19,CUST0991,West,Jacket,Fashion,2,594.75,1189.5,Returned,Rahul
104097,2025-06-24,CUST0938,North,Refrigerator,Home Appliances,1,11498.77,11498.77,Cancelled,Priya
104098,2025-04-03,CUST0698,South,T-Shirt,Fashion,3,2175.79,6527.37,Completed,Amit
104099,2025-04-19,CUST0835,East,Headphones,Electronics,8,4150.39,33203.12,Completed,Neha
104100,2025-05-06,CUST1305,South,Smartphone,Electronics,5,829.29,4146.45,Completed,Neha
104101,2025-10-02,CUST0547,South,Television,Home Appliances,9,7140.37,64263.33,Cancelled,Meera
104102,2025-01-13,CUST1022,North,Keyboard,Electronics,1,2417.86,2417.86,Returned,Priya
104103,2025-01-17,CUST0105,North,T-Shirt,Fashion,4,2641.26,10565.04,Completed,Priya
104104,2025-10-14,CUST0897,East,Pen,Stationery,5,114.55,572.75,Completed,Arjun
104105,2025-02-10,CUST0733,South,Television,Home Appliances,8,9296.6,74372.8,Completed,Karan
104106,2025-09-14,CUST0896,South,Headphones,Electronics,5,4875.06,24375.3,Completed,Rahul
104107,2025-03-29,CUST1002,North,Jacket,Fashion,5,387.79,1938.95,Cancelled,Priya
104108,2025-08-29,CUST0355,South,Shoes,Fashion,10,1608.72,16087.2,Completed,Karan
104109,2025-04-23,CUST1181,West,Refrigerator,Home Appliances,3,3590.71,10772.13,Completed,Amit
104110,2025-03-12,CUST1356,East,Keyboard,Electronics,2,1452.3,2904.6,Completed,Karan
104111,2025-09-05,CUST0146,North,Jeans,Fashion,7,1469.46,10286.22,Cancelled,Karan
104112,2025-06-01,CUST0647,South,Keyboard,Electronics,7,2257.64,15803.48,Completed,Neha
104113,2025-06-08,CUST0759,South,Laptop,Electronics,7,3585.3,25097.1,Completed,Meera
104114,2025-08-10,CUST0789,South,Backpack,Stationery,6,411.88,2471.28,Cancelled,Meera
104115,2025-01-05,CUST1025,North,Book,Stationery,9,189.34,1704.06,Cancelled,Rahul
104116,2025-04-05,CUST0145,South,Pen,Stationery,6,442.62,2655.72,Completed,Karan
104117,2025-09-07,CUST0295,South,Notebook,Stationery,10,287.99,2879.9,Completed,Karan
104118,2025-12-18,CUST1434,North,Refrigerator,Home Appliances,1,9191.37,9191.37,Completed,Arjun
104119,2025-12-14,CUST0476,South,Television,Home Appliances,9,9880.85,88927.65,Cancelled,Karan
104120,2025-03-13,CUST0626,South,Laptop,Electronics,7,4101.83,28712.81,Cancelled,Arjun
104121,2025-02-14,CUST0527,West,Television,Home Appliances,1,5669.33,5669.33,Completed,Priya
104122,2025-01-11,CUST0162,East,Television,Home Appliances,4,5594.47,22377.88,Returned,Karan
104123,2025-09-30,CUST0663,North,Keyboard,Electronics,6,1632.16,9792.96,Completed,Sneha
104124,2025-10-19,CUST0805,East,T-Shirt,Fashion,5,1195.34,5976.7,Completed,Karan
104125,2025-05-10,CUST0710,South,Washing Machine,Home Appliances,10,9691.72,96917.2,Completed,Neha
104126,2025-10-07,CUST0410,South,Shoes,Fashion,8,2881.41,23051.28,Completed,Priya
104127,2025-08-06,CUST1265,South,Washing Machine,Home Appliances,6,19408.71,116452.26,Returned,Neha
104128,2025-10-03,CUST0896,North,Television,Home Appliances,10,7752.62,77526.2,Completed,Rahul
104129,2025-11-04,CUST1259,East,Jacket,Fashion,1,2139.0,2139.0,Cancelled,Arjun
104130,2025-06-06,CUST1299,South,Washing Machine,Home Appliances,7,18751.16,131258.12,Completed,Rahul
104131,2025-08-09,CUST1076,North,Washing Machine,Home Appliances,9,6395.19,57556.71,Cancelled,Meera
104132,2025-11-07,CUST0100,East,Notebook,Stationery,7,251.07,1757.49,Cancelled,Amit
104133,2025-11-07,CUST0120,North,Television,Home Appliances,8,16450.61,131604.88,Cancelled,Rahul
104134,2025-08-21,CUST0326,East,Smartphone,Electronics,9,4797.98,43181.82,Returned,Priya
104135,2025-05-21,CUST0721,South,Shoes,Fashion,10,316.1,3161.0,Completed,Karan
104136,2025-02-18,CUST0801,North,Jacket,Fashion,3,621.41,1864.23,Completed,Neha
104137,2025-06-30,CUST0075,West,Television,Home Appliances,4,19722.81,78891.24,Completed,Rahul
104138,2025-10-03,CUST0188,North,Notebook,Stationery,6,135.48,812.88,Completed,Amit
104139,2025-11-01,CUST1080,North,Pen,Stationery,6,473.31,2839.86,Completed,Karan
104140,2025-09-28,CUST0610,West,Refrigerator,Home Appliances,3,17798.76,53396.28,Cancelled,Sneha
104141,2025-11-04,CUST0435,West,Keyboard,Electronics,5,2160.83,10804.15,Returned,Amit
104142,2025-01-03,CUST0620,West,Book,Stationery,3,147.2,441.6,Completed,Amit
104143,2025-03-31,CUST0483,North,Backpack,Stationery,2,341.25,682.5,Completed,Neha
104144,2025-04-23,CUST1003,South,Washing Machine,Home Appliances,8,12962.4,103699.2,Completed,Karan
104145,2025-08-16,CUST0732,South,Backpack,Stationery,2,230.03,460.06,Returned,Sneha
104146,2025-05-28,CUST0959,East,Jeans,Fashion,9,2794.91,25154.19,Completed,Arjun
104147,2025-12-16,CUST0506,West,Backpack,Stationery,2,183.0,366.0,Cancelled,Rahul
104148,2025-03-13,CUST0142,North,T-Shirt,Fashion,8,2181.85,17454.8,Completed,Priya
104149,2025-10-19,CUST0104,South,Washing Machine,Home Appliances,4,13095.17,52380.68,Completed,Sneha
104150,2025-04-21,CUST1444,East,Washing Machine,Home Appliances,8,9989.93,79919.44,Cancelled,Amit
104151,2025-02-26,CUST0304,South,Washing Machine,Home Appliances,2,14084.46,28168.92,Completed,Neha
104152,2025-02-14,CUST0590,West,Jeans,Fashion,8,2070.28,16562.24,Completed,Priya
104153,2025-12-28,CUST0802,North,Notebook,Stationery,3,36.13,108.39,Completed,Amit
104154,2025-05-09,CUST0442,South,Headphones,Electronics,5,1353.15,6765.75,Completed,Karan
104155,2025-08-03,CUST1205,East,Refrigerator,Home Appliances,10,16358.91,163589.1,Completed,Rahul
104156,2025-03-26,CUST0905,South,Laptop,Electronics,8,3331.63,26653.04,Completed,Neha
104157,2025-11-18,CUST1039,South,T-Shirt,Fashion,8,1624.11,12992.88,Returned,Sneha
104158,2025-04-22,CUST0386,North,Book,Stationery,1,308.76,308.76,Completed,Amit
104159,2025-12-07,CUST0867,West,Mouse,Electronics,1,4547.81,4547.81,Completed,Rahul
104160,2025-06-19,CUST0581,South,Jacket,Fashion,8,2809.12,22472.96,Completed,Arjun
104161,2025-06-08,CUST0948,East,Keyboard,Electronics,3,2987.33,8961.99,Completed,Karan
104162,2025-05-27,CUST0776,North,Notebook,Stationery,4,108.23,432.92,Completed,Arjun
104163,2025-07-30,CUST0412,North,Shoes,Fashion,6,1030.72,6184.32,Completed,Sneha
104164,2025-02-04,CUST1055,North,Notebook,Stationery,6,486.98,2921.88,Completed,Meera
104165,2025-10-17,CUST0740,South,Backpack,Stationery,6,357.75,2146.5,Completed,Arjun
104166,2025-08-18,CUST0645,West,Laptop,Electronics,4,3674.03,14696.12,Completed,Arjun
104167,2025-10-16,CUST0328,West,Jeans,Fashion,3,447.17,1341.51,Returned,Rahul
104168,2025-09-03,CUST1204,North,Shoes,Fashion,5,1147.83,5739.15,Cancelled,Neha
104169,2025-07-31,CUST0093,North,Notebook,Stationery,4,252.64,1010.56,Completed,Rahul
104170,2025-11-13,CUST0967,East,Pen,Stationery,4,47.56,190.24,Completed,Neha
104171,2025-03-15,CUST0250,East,Notebook,Stationery,3,303.36,910.08,Completed,Neha
104172,2025-12-10,CUST0390,West,T-Shirt,Fashion,5,2698.98,13494.9,Completed,Sneha
104173,2025-03-10,CUST1141,North,Laptop,Electronics,5,3054.95,15274.75,Completed,Arjun
104174,2025-10-07,CUST0959,West,T-Shirt,Fashion,10,352.42,3524.2,Completed,Karan
104175,2025-01-13,CUST0104,South,Backpack,Stationery,8,349.78,2798.24,Completed,Karan
104176,2025-07-13,CUST1245,North,Jacket,Fashion,7,2945.52,20618.64,Completed,Neha
104177,2025-04-18,CUST1061,South,Book,Stationery,10,324.22,3242.2,Completed,Sneha
104178,2025-04-03,CUST0685,South,Mouse,Electronics,6,2009.26,12055.56,Completed,Meera
104179,2025-03-16,CUST0432,West,Washing Machine,Home Appliances,7,11745.74,82220.18,Completed,Rahul
104180,2025-07-31,CUST1107,West,Notebook,Stationery,5,364.56,1822.8,Completed,Amit
104181,2025-12-11,CUST1393,West,Jacket,Fashion,3,738.82,2216.46,Completed,Karan
104182,2025-06-30,CUST0206,North,Backpack,Stationery,7,70.57,493.99,Completed,Arjun
104183,2025-09-20,CUST0811,West,Mouse,Electronics,1,4911.44,4911.44,Completed,Arjun
104184,2025-11-06,CUST0522,East,Notebook,Stationery,5,486.49,2432.45,Cancelled,Sneha
104185,2025-06-15,CUST0855,East,Mouse,Electronics,7,3297.12,23079.84,Completed,Karan
104186,2025-04-27,CUST1425,West,Shoes,Fashion,9,2930.05,26370.45,Cancelled,Neha
104187,2025-04-08,CUST0549,South,Laptop,Electronics,7,3106.86,21748.02,Completed,Priya
104188,2025-09-10,CUST1234,West,Television,Home Appliances,4,10385.23,41540.92,Completed,Amit
104189,2025-01-15,CUST0158,South,Smartphone,Electronics,3,4686.71,14060.13,Completed,Sneha
104190,2025-05-04,CUST1188,East,Refrigerator,Home Appliances,1,12916.48,12916.48,Completed,Neha
104191,2025-07-22,CUST1305,West,Smartphone,Electronics,4,4161.6,16646.4,Completed,Karan
104192,2025-03-27,CUST0994,East,Mouse,Electronics,9,1298.45,11686.05,Completed,Priya
104193,2025-02-27,CUST0375,North,Backpack,Stationery,3,36.78,110.34,Completed,Neha
104194,2025-07-24,CUST1179,East,Keyboard,Electronics,8,3360.22,26881.76,Completed,Amit
104195,2025-07-12,CUST0702,West,Mouse,Electronics,2,4780.48,9560.96,Cancelled,Rahul
104196,2025-04-22,CUST1046,South,Jeans,Fashion,9,867.68,7809.12,Completed,Priya
104197,2025-11-13,CUST0237,East,Jeans,Fashion,8,1052.45,8419.6,Completed,Amit
104198,2025-09-30,CUST0382,East,Book,Stationery,3,251.66,754.98,Cancelled,Amit
104199,2025-09-24,CUST0020,West,Mouse,Electronics,4,3455.55,13822.2,Completed,Priya
104200,2025-12-08,CUST1396,East,Refrigerator,Home Appliances,3,3151.86,9455.58,Completed,Neha
104201,2025-03-13,CUST1400,North,Washing Machine,Home Appliances,2,11381.3,22762.6,Completed,Meera
104202,2025-01-22,CUST0336,East,Notebook,Stationery,6,90.83,544.98,Completed,Priya
104203,2025-05-29,CUST0340,West,Backpack,Stationery,10,186.23,1862.3,Completed,Arjun
104204,2025-02-12,CUST0822,South,Book,Stationery,2,379.66,759.32,Completed,Priya
104205,2025-03-11,CUST1225,East,Backpack,Stationery,9,217.49,1957.41,Completed,Priya
104206,2025-05-12,CUST0347,South,T-Shirt,Fashion,9,1311.54,11803.86,Completed,Amit
104207,2025-06-03,CUST0172,South,Refrigerator,Home Appliances,1,12681.04,12681.04,Completed,Sneha
104208,2025-12-11,CUST0025,North,Television,Home Appliances,1,6375.35,6375.35,Cancelled,Priya
104209,2025-01-15,CUST0917,North,Shoes,Fashion,1,2061.28,2061.28,Cancelled,Amit
104210,2025-07-31,CUST1003,South,Jeans,Fashion,3,1733.7,5201.1,Completed,Meera
104211,2025-01-26,CUST0015,West,Jacket,Fashion,8,1907.92,15263.36,Returned,Meera
104212,2025-06-23,CUST1045,West,Pen,Stationery,5,418.77,2093.85,Completed,Amit
104213,2025-08-21,CUST1314,South,Keyboard,Electronics,3,2488.4,7465.2,Completed,Rahul
104214,2025-12-20,CUST1121,West,Television,Home Appliances,1,3238.29,3238.29,Completed,Sneha
104215,2025-04-09,CUST0524,East,Laptop,Electronics,3,784.45,2353.35,Completed,Neha
104216,2025-11-02,CUST0081,North,Book,Stationery,2,445.18,890.36,Completed,Karan
104217,2025-12-12,CUST0961,North,Keyboard,Electronics,6,788.97,4733.82,Cancelled,Meera
104218,2025-07-21,CUST0557,North,Laptop,Electronics,8,720.61,5764.88,Returned,Meera
104219,2025-02-15,CUST0335,North,Backpack,Stationery,4,322.76,1291.04,Cancelled,Meera
104220,2025-02-11,CUST0505,East,Headphones,Electronics,5,2943.61,14718.05,Completed,Priya
104221,2025-09-13,CUST1424,South,Headphones,Electronics,6,3644.15,21864.9,Completed,Arjun
104222,2025-10-17,CUST0818,East,Mouse,Electronics,6,1081.61,6489.66,Completed,Amit
104223,2025-06-19,CUST0154,South,Refrigerator,Home Appliances,8,9021.15,72169.2,Cancelled,Meera
104224,2025-10-12,CUST0009,North,Smartphone,Electronics,3,3494.66,10483.98,Completed,Sneha
104225,2025-03-25,CUST0902,South,Washing Machine,Home Appliances,8,10591.23,84729.84,Completed,Sneha
104226,2025-06-30,CUST1303,West,Television,Home Appliances,3,2127.06,6381.18,Completed,Meera
104227,2025-08-23,CUST0352,West,Washing Machine,Home Appliances,9,10478.17,94303.53,Completed,Sneha
104228,2025-05-11,CUST0062,West,Book,Stationery,3,356.01,1068.03,Completed,Arjun
104229,2025-06-07,CUST0787,North,Notebook,Stationery,10,403.96,4039.6,Completed,Karan
104230,2025-10-13,CUST0477,North,Television,Home Appliances,8,5720.78,45766.24,Completed,Arjun
104231,2025-10-11,CUST1133,South,T-Shirt,Fashion,4,1887.87,7551.48,Completed,Arjun
104232,2025-04-26,CUST0481,North,Refrigerator,Home Appliances,8,5729.64,45837.12,Cancelled,Arjun
104233,2025-04-10,CUST0504,North,Refrigerator,Home Appliances,2,8809.22,17618.44,Cancelled,Priya
104234,2025-12-20,CUST0402,North,T-Shirt,Fashion,2,1248.32,2496.64,Cancelled,Sneha
104235,2025-09-28,CUST1140,South,Washing Machine,Home Appliances,4,8621.88,34487.52,Completed,Neha
104236,2025-05-22,CUST0546,North,Washing Machine,Home Appliances,8,1610.94,12887.52,Completed,Priya
104237,2025-03-17,CUST0173,East,T-Shirt,Fashion,5,2639.54,13197.7,Completed,Sneha
104238,2025-06-20,CUST0980,North,Jeans,Fashion,5,2976.55,14882.75,Completed,Priya
104239,2025-09-16,CUST0225,North,T-Shirt,Fashion,5,1259.98,6299.9,Completed,Priya
104240,2025-11-25,CUST1251,West,Keyboard,Electronics,5,3885.94,19429.7,Returned,Arjun
104241,2025-09-14,CUST0906,West,T-Shirt,Fashion,10,1869.45,18694.5,Completed,Neha
104242,2025-09-11,CUST0768,East,T-Shirt,Fashion,10,1931.3,19313.0,Completed,Amit
104243,2025-05-14,CUST0755,East,Keyboard,Electronics,6,4142.84,24857.04,Cancelled,Neha
104244,2025-12-18,CUST0481,East,Jacket,Fashion,10,696.78,6967.8,Completed,Meera
104245,2025-02-09,CUST0053,East,Washing Machine,Home Appliances,6,15062.85,90377.1,Completed,Arjun
104246,2025-12-15,CUST0787,West,T-Shirt,Fashion,8,1698.2,13585.6,Completed,Amit
104247,2025-08-04,CUST1210,South,Headphones,Electronics,7,559.61,3917.27,Completed,Amit
104248,2025-06-08,CUST1244,East,Backpack,Stationery,4,379.98,1519.92,Cancelled,Rahul
104249,2025-12-25,CUST1288,East,Mouse,Electronics,8,3189.75,25518.0,Completed,Amit
104250,2025-06-29,CUST1191,East,Book,Stationery,5,230.13,1150.65,Completed,Rahul
104251,2025-04-08,CUST0167,South,Shoes,Fashion,3,2236.01,6708.03,Completed,Karan
104252,2025-11-14,CUST1109,South,Smartphone,Electronics,8,1242.76,9942.08,Cancelled,Neha
104253,2025-07-20,CUST0164,North,Refrigerator,Home Appliances,3,2141.48,6424.44,Completed,Karan
104254,2025-11-13,CUST0810,South,Washing Machine,Home Appliances,1,17158.87,17158.87,Completed,Meera
104255,2025-11-28,CUST0139,North,T-Shirt,Fashion,1,2808.02,2808.02,Completed,Karan
104256,2025-09-01,CUST0457,South,Washing Machine,Home Appliances,7,1262.97,8840.79,Completed,Arjun
104257,2025-09-23,CUST1444,North,Headphones,Electronics,10,2156.96,21569.6,Completed,Karan
104258,2025-04-20,CUST1004,West,Pen,Stationery,8,354.81,2838.48,Completed,Amit
104259,2025-08-29,CUST1352,West,Jeans,Fashion,8,1538.01,12304.08,Completed,Arjun
104260,2025-02-21,CUST0083,North,Keyboard,Electronics,5,3739.51,18697.55,Completed,Karan
104261,2025-04-28,CUST1167,East,Headphones,Electronics,1,3973.46,3973.46,Returned,Sneha
104262,2025-10-10,CUST1296,South,Book,Stationery,3,274.75,824.25,Completed,Arjun
104263,2025-07-02,CUST0630,South,Book,Stationery,10,221.19,2211.9,Returned,Arjun
104264,2025-03-29,CUST0179,East,Keyboard,Electronics,6,4303.67,25822.02,Completed,Karan
104265,2025-07-14,CUST0637,North,Washing Machine,Home Appliances,3,13602.43,40807.29,Returned,Amit
104266,2025-02-01,CUST1028,North,Washing Machine,Home Appliances,6,12066.13,72396.78,Returned,Neha
104267,2025-03-22,CUST0567,West,Jacket,Fashion,6,873.13,5238.78,Completed,Meera
104268,2025-08-02,CUST1397,North,Shoes,Fashion,8,2223.66,17789.28,Cancelled,Sneha
104269,2025-05-10,CUST1148,North,Notebook,Stationery,8,440.23,3521.84,Completed,Rahul
104270,2025-06-19,CUST1129,North,Shoes,Fashion,3,677.49,2032.47,Completed,Amit
104271,2025-03-22,CUST0984,West,Keyboard,Electronics,6,3977.86,23867.16,Completed,Arjun
104272,2025-07-23,CUST1017,North,T-Shirt,Fashion,4,2402.31,9609.24,Completed,Amit
104273,2025-06-23,CUST0552,East,Refrigerator,Home Appliances,4,13630.7,54522.8,Completed,Amit
104274,2025-02-12,CUST0264,North,Shoes,Fashion,6,1796.98,10781.88,Completed,Sneha
104275,2025-10-06,CUST0698,East,Pen,Stationery,4,421.84,1687.36,Completed,Neha
104276,2025-11-11,CUST0583,South,Backpack,Stationery,4,180.18,720.72,Completed,Rahul
104277,2025-09-19,CUST0726,West,Notebook,Stationery,1,150.14,150.14,Completed,Neha
104278,2025-09-27,CUST1227,South,Washing Machine,Home Appliances,7,2448.36,17138.52,Completed,Neha
104279,2025-07-15,CUST0716,West,Notebook,Stationery,9,106.19,955.71,Completed,Amit
104280,2025-02-13,CUST0788,East,Shoes,Fashion,10,384.68,3846.8,Returned,Neha
104281,2025-05-30,CUST0577,East,Refrigerator,Home Appliances,9,16488.84,148399.56,Completed,Karan
104282,2025-04-03,CUST1387,East,Washing Machine,Home Appliances,7,2030.21,14211.47,Completed,Neha
104283,2025-10-04,CUST0099,West,Smartphone,Electronics,8,4597.67,36781.36,Completed,Priya
104284,2025-09-06,CUST1485,South,Mouse,Electronics,4,4684.1,18736.4,Completed,Meera
104285,2025-06-25,CUST0935,South,Backpack,Stationery,4,429.59,1718.36,Completed,Sneha
104286,2025-04-17,CUST0513,East,Jeans,Fashion,10,2679.75,26797.5,Completed,Karan
104287,2025-01-26,CUST0287,South,Washing Machine,Home Appliances,2,3049.69,6099.38,Completed,Sneha
104288,2025-10-03,CUST1267,West,T-Shirt,Fashion,4,2503.24,10012.96,Completed,Neha
104289,2025-12-14,CUST0144,North,Television,Home Appliances,2,4909.72,9819.44,Returned,Sneha
104290,2025-07-12,CUST0513,East,Shoes,Fashion,8,263.95,2111.6,Completed,Arjun
104291,2025-02-24,CUST0656,East,Keyboard,Electronics,8,1766.48,14131.84,Completed,Karan
104292,2025-08-04,CUST0586,West,Jacket,Fashion,7,640.12,4480.84,Completed,Karan
104293,2025-01-28,CUST0357,North,Washing Machine,Home Appliances,10,9618.62,96186.2,Completed,Sneha
104294,2025-01-18,CUST0323,West,Notebook,Stationery,6,100.51,603.06,Completed,Sneha
104295,2025-03-24,CUST0767,West,Washing Machine,Home Appliances,8,15599.8,124798.4,Completed,Priya
104296,2025-06-20,CUST1280,East,Jeans,Fashion,2,1275.46,2550.92,Completed,Karan
104297,2025-08-10,CUST0515,North,Jacket,Fashion,5,2995.62,14978.1,Completed,Amit
104298,2025-03-28,CUST0621,West,Headphones,Electronics,2,4858.41,9716.82,Returned,Arjun
104299,2025-01-05,CUST0142,South,Pen,Stationery,6,142.71,856.26,Cancelled,Sneha
104300,2025-01-23,CUST1262,West,Laptop,Electronics,5,2190.88,10954.4,Completed,Rahul
104301,2025-12-24,CUST0058,East,Shoes,Fashion,3,2741.24,8223.72,Cancelled,Karan
104302,2025-01-17,CUST1301,South,Keyboard,Electronics,8,4551.39,36411.12,Completed,Arjun
104303,2025-04-24,CUST1360,North,Smartphone,Electronics,2,2361.22,4722.44,Completed,Meera
104304,2025-05-18,CUST0717,South,Television,Home Appliances,2,8321.48,16642.96,Completed,Rahul
104305,2025-09-15,CUST1458,West,Pen,Stationery,5,330.85,1654.25,Cancelled,Arjun
104306,2025-12-15,CUST0107,South,Pen,Stationery,2,480.55,961.1,Returned,Arjun
104307,2025-02-26,CUST1419,North,Headphones,Electronics,6,3842.22,23053.32,Completed,Arjun
104308,2025-10-26,CUST0618,East,Book,Stationery,7,219.0,1533.0,Completed,Arjun
104309,2025-01-08,CUST0700,North,Washing Machine,Home Appliances,5,8739.31,43696.55,Completed,Arjun
104310,2025-06-21,CUST0851,West,Laptop,Electronics,4,1431.73,5726.92,Completed,Karan
104311,2025-07-22,CUST1244,South,Shoes,Fashion,9,616.05,5544.45,Completed,Rahul
104312,2025-08-19,CUST0639,South,Smartphone,Electronics,7,4565.93,31961.51,Completed,Karan
104313,2025-08-06,CUST0460,East,Backpack,Stationery,4,60.93,243.72,Completed,Meera
104314,2025-04-04,CUST0370,North,Headphones,Electronics,4,2249.07,8996.28,Cancelled,Priya
104315,2025-03-03,CUST0275,South,Pen,Stationery,3,132.83,398.49,Completed,Amit
104316,2025-02-25,CUST1241,East,Keyboard,Electronics,7,1417.1,9919.7,Completed,Arjun
104317,2025-07-05,CUST1367,North,Washing Machine,Home Appliances,1,16900.24,16900.24,Completed,Arjun
104318,2025-01-07,CUST0847,West,Keyboard,Electronics,3,1282.0,3846.0,Completed,Meera
104319,2025-07-11,CUST0802,North,Television,Home Appliances,6,10316.31,61897.86,Completed,Karan
104320,2025-12-30,CUST0073,West,Laptop,Electronics,5,4459.43,22297.15,Cancelled,Rahul
104321,2025-03-07,CUST0632,West,Notebook,Stationery,1,124.64,124.64,Completed,Karan
104322,2025-04-28,CUST0700,South,Notebook,Stationery,6,81.12,486.72,Completed,Rahul
104323,2025-08-08,CUST1378,North,Smartphone,Electronics,9,514.88,4633.92,Completed,Arjun
104324,2025-04-13,CUST1331,East,Television,Home Appliances,2,11681.46,23362.92,Completed,Priya
104325,2025-11-05,CUST0062,West,Television,Home Appliances,2,9866.02,19732.04,Completed,Arjun
104326,2025-11-12,CUST0623,South,Backpack,Stationery,4,208.3,833.2,Completed,Priya
104327,2025-06-17,CUST1191,North,Refrigerator,Home Appliances,7,19081.48,133570.36,Completed,Neha
104328,2025-03-30,CUST1368,North,Television,Home Appliances,8,12611.1,100888.8,Returned,Amit
104329,2025-11-21,CUST1411,West,Washing Machine,Home Appliances,6,5155.45,30932.7,Completed,Priya
104330,2025-03-06,CUST1412,South,Refrigerator,Home Appliances,5,15053.15,75265.75,Returned,Sneha
104331,2025-06-25,CUST0098,West,Backpack,Stationery,2,299.38,598.76,Completed,Arjun
104332,2025-03-06,CUST1436,South,Book,Stationery,8,399.05,3192.4,Completed,Karan
104333,2025-11-03,CUST1035,West,Shoes,Fashion,9,1195.51,10759.59,Completed,Rahul
104334,2025-10-28,CUST0957,South,Laptop,Electronics,6,1043.62,6261.72,Completed,Karan
104335,2025-07-29,CUST0721,South,Smartphone,Electronics,7,3766.47,26365.29,Completed,Sneha
104336,2025-12-27,CUST0793,East,Television,Home Appliances,3,19217.33,57651.99,Cancelled,Sneha
104337,2025-10-15,CUST0540,North,Shoes,Fashion,3,1775.62,5326.86,Completed,Karan
104338,2025-07-29,CUST0810,East,Jacket,Fashion,8,2534.24,20273.92,Completed,Neha
104339,2025-01-18,CUST1449,East,Pen,Stationery,6,27.9,167.4,Completed,Sneha
104340,2025-04-17,CUST1156,North,Backpack,Stationery,9,110.0,990.0,Returned,Neha
104341,2025-05-26,CUST0179,West,Book,Stationery,2,298.0,596.0,Completed,Amit
104342,2025-06-17,CUST1375,West,Backpack,Stationery,2,289.72,579.44,Completed,Meera
104343,2025-03-13,CUST0060,West,Keyboard,Electronics,3,503.23,1509.69,Returned,Neha
104344,2025-10-23,CUST1266,South,Laptop,Electronics,3,551.33,1653.99,Completed,Meera
104345,2025-01-09,CUST0409,South,Notebook,Stationery,8,98.67,789.36,Completed,Karan
104346,2025-01-01,CUST0943,East,Washing Machine,Home Appliances,6,8990.02,53940.12,Completed,Amit
104347,2025-05-27,CUST0397,South,Jacket,Fashion,6,1573.07,9438.42,Completed,Amit
104348,2025-04-14,CUST1231,West,Jeans,Fashion,7,2492.36,17446.52,Completed,Karan
104349,2025-08-06,CUST1126,South,Mouse,Electronics,6,1717.46,10304.76,Completed,Neha
104350,2025-08-08,CUST1094,East,Headphones,Electronics,9,4856.48,43708.32,Completed,Rahul
104351,2025-10-29,CUST0361,South,T-Shirt,Fashion,2,582.48,1164.96,Cancelled,Arjun
104352,2025-09-18,CUST0100,East,Washing Machine,Home Appliances,5,19704.34,98521.7,Completed,Amit
104353,2025-07-17,CUST0251,North,Shoes,Fashion,2,2382.83,4765.66,Completed,Meera
104354,2025-10-24,CUST1376,East,Laptop,Electronics,1,816.53,816.53,Returned,Amit
104355,2025-06-13,CUST0528,South,Notebook,Stationery,9,263.1,2367.9,Completed,Neha
104356,2025-07-25,CUST1173,West,Jacket,Fashion,5,883.23,4416.15,Cancelled,Amit
104357,2025-09-29,CUST0652,South,Shoes,Fashion,4,500.48,2001.92,Completed,Neha
104358,2025-06-29,CUST0602,West,Refrigerator,Home Appliances,4,19222.08,76888.32,Returned,Karan
104359,2025-10-26,CUST1344,East,Washing Machine,Home Appliances,2,2967.73,5935.46,Completed,Sneha
104360,2025-12-05,CUST1183,North,Shoes,Fashion,10,1022.66,10226.6,Completed,Rahul
104361,2025-10-29,CUST0075,West,Jacket,Fashion,10,1949.6,19496.0,Cancelled,Rahul
104362,2025-12-14,CUST0858,South,Television,Home Appliances,9,14484.5,130360.5,Completed,Arjun
104363,2025-09-26,CUST1183,North,Keyboard,Electronics,3,4286.95,12860.85,Cancelled,Priya
104364,2025-10-16,CUST1254,South,Washing Machine,Home Appliances,1,13305.65,13305.65,Completed,Meera
104365,2025-02-21,CUST1046,West,Jeans,Fashion,4,259.77,1039.08,Completed,Rahul
104366,2025-08-18,CUST1446,East,Television,Home Appliances,10,17579.36,175793.6,Completed,Arjun
104367,2025-08-30,CUST0251,North,Television,Home Appliances,3,17671.69,53015.07,Returned,Priya
104368,2025-02-23,CUST0160,South,Shoes,Fashion,4,825.14,3300.56,Completed,Amit
104369,2025-08-20,CUST1011,East,Jacket,Fashion,8,1336.78,10694.24,Completed,Rahul
104370,2025-09-29,CUST0910,North,Smartphone,Electronics,1,4648.4,4648.4,Cancelled,Karan
104371,2025-04-06,CUST0488,East,Headphones,Electronics,9,3309.11,29781.99,Completed,Amit
104372,2025-02-26,CUST1218,West,Backpack,Stationery,8,274.33,2194.64,Completed,Meera
104373,2025-08-27,CUST0132,West,Washing Machine,Home Appliances,6,7490.47,44942.82,Returned,Karan
104374,2025-02-18,CUST1423,North,Backpack,Stationery,5,355.05,1775.25,Completed,Meera
104375,2025-06-03,CUST0609,West,T-Shirt,Fashion,6,1441.53,8649.18,Returned,Sneha
104376,2025-11-06,CUST1175,East,Television,Home Appliances,7,13439.21,94074.47,Completed,Sneha
104377,2025-08-10,CUST0976,West,Laptop,Electronics,2,1916.03,3832.06,Cancelled,Sneha
104378,2025-08-04,CUST1013,East,Headphones,Electronics,8,2425.21,19401.68,Completed,Amit
104379,2025-09-16,CUST0430,East,Book,Stationery,10,281.41,2814.1,Cancelled,Neha
104380,2025-04-01,CUST0994,North,Jacket,Fashion,6,2167.13,13002.78,Completed,Arjun
104381,2025-06-26,CUST0772,West,Smartphone,Electronics,5,3859.49,19297.45,Completed,Neha
104382,2025-07-04,CUST0284,North,Refrigerator,Home Appliances,5,12849.69,64248.45,Cancelled,Meera
104383,2025-06-22,CUST1480,South,Headphones,Electronics,2,1925.57,3851.14,Cancelled,Rahul
104384,2025-11-24,CUST0415,West,Notebook,Stationery,9,281.08,2529.72,Returned,Rahul
104385,2025-09-26,CUST1376,South,Book,Stationery,7,72.85,509.95,Cancelled,Arjun
104386,2025-04-03,CUST0442,South,Pen,Stationery,8,220.62,1764.96,Completed,Sneha
104387,2025-12-22,CUST0380,South,Jacket,Fashion,9,2320.79,20887.11,Completed,Neha
104388,2025-10-20,CUST0575,East,Mouse,Electronics,3,1304.84,3914.52,Cancelled,Rahul
104389,2025-01-01,CUST0803,West,Refrigerator,Home Appliances,9,15319.69,137877.21,Completed,Karan
104390,2025-07-08,CUST0570,East,Mouse,Electronics,6,1735.59,10413.54,Cancelled,Rahul
104391,2025-01-02,CUST0105,West,T-Shirt,Fashion,2,931.58,1863.16,Completed,Neha
104392,2025-08-09,CUST0973,West,Smartphone,Electronics,3,2772.89,8318.67,Completed,Karan
104393,2025-10-07,CUST0779,North,Headphones,Electronics,8,3108.07,24864.56,Completed,Arjun
104394,2025-07-07,CUST0123,South,Notebook,Stationery,2,113.46,226.92,Completed,Arjun
104395,2025-04-18,CUST0611,South,Jacket,Fashion,5,2889.16,14445.8,Completed,Rahul
104396,2025-07-05,CUST1115,South,Refrigerator,Home Appliances,10,4229.97,42299.7,Completed,Karan
104397,2025-02-09,CUST0813,West,Backpack,Stationery,4,208.61,834.44,Completed,Karan
104398,2025-07-21,CUST0312,East,Book,Stationery,2,245.16,490.32,Completed,Neha
104399,2025-05-26,CUST1368,South,Pen,Stationery,10,43.57,435.7,Completed,Priya
104400,2025-11-30,CUST1449,West,Keyboard,Electronics,4,1643.57,6574.28,Cancelled,Amit
104401,2025-12-20,CUST0201,South,Refrigerator,Home Appliances,1,14553.26,14553.26,Completed,Arjun
104402,2025-07-05,CUST0652,North,Notebook,Stationery,3,271.6,814.8,Completed,Amit
104403,2025-07-13,CUST0312,West,Jacket,Fashion,10,2758.61,27586.1,Cancelled,Sneha
104404,2025-09-27,CUST0875,East,Laptop,Electronics,1,2801.53,2801.53,Completed,Arjun
104405,2025-01-04,CUST0607,South,Laptop,Electronics,3,4398.37,13195.11,Completed,Priya
104406,2025-04-13,CUST1047,East,Pen,Stationery,10,336.86,3368.6,Returned,Arjun
104407,2025-01-13,CUST0853,South,Washing Machine,Home Appliances,5,2379.24,11896.2,Completed,Karan
104408,2025-03-17,CUST0156,South,Jacket,Fashion,4,2575.44,10301.76,Completed,Rahul
104409,2025-10-20,CUST0400,North,T-Shirt,Fashion,4,2367.72,9470.88,Completed,Karan
104410,2025-11-25,CUST0032,South,Keyboard,Electronics,2,4101.14,8202.28,Cancelled,Sneha
104411,2025-01-14,CUST0709,East,Smartphone,Electronics,4,3475.5,13902.0,Cancelled,Arjun
104412,2025-04-30,CUST0456,West,Book,Stationery,5,279.63,1398.15,Cancelled,Meera
104413,2025-06-12,CUST0731,North,Headphones,Electronics,8,3087.1,24696.8,Completed,Priya
104414,2025-05-30,CUST1186,West,Television,Home Appliances,9,14205.01,127845.09,Completed,Rahul
104415,2025-10-28,CUST1393,North,Headphones,Electronics,3,714.01,2142.03,Completed,Meera
104416,2025-03-22,CUST0855,South,Book,Stationery,2,486.65,973.3,Completed,Amit
104417,2025-12-31,CUST0279,North,Shoes,Fashion,8,2262.68,18101.44,Completed,Priya
104418,2025-05-07,CUST1410,West,Television,Home Appliances,5,5533.59,27667.95,Completed,Rahul
104419,2025-03-19,CUST0491,West,Pen,Stationery,10,210.77,2107.7,Completed,Karan
104420,2025-07-21,CUST0727,North,Shoes,Fashion,4,1549.13,6196.52,Completed,Karan
104421,2025-09-26,CUST0040,West,Television,Home Appliances,9,15392.79,138535.11,Completed,Amit
104422,2025-07-30,CUST1343,West,Pen,Stationery,2,157.99,315.98,Cancelled,Amit
104423,2025-05-20,CUST1375,South,Shoes,Fashion,6,2928.87,17573.22,Completed,Sneha
104424,2025-04-19,CUST0956,South,Headphones,Electronics,2,3006.92,6013.84,Completed,Amit
104425,2025-08-29,CUST1173,West,Keyboard,Electronics,5,1800.23,9001.15,Completed,Priya
104426,2025-01-06,CUST0061,West,Book,Stationery,8,471.03,3768.24,Completed,Sneha
104427,2025-12-12,CUST0997,West,Pen,Stationery,9,210.14,1891.26,Completed,Karan
104428,2025-08-15,CUST0277,West,Backpack,Stationery,7,473.9,3317.3,Completed,Amit
104429,2025-01-04,CUST1144,East,Jacket,Fashion,5,489.9,2449.5,Completed,Neha
104430,2025-07-02,CUST0272,North,Notebook,Stationery,9,326.92,2942.28,Completed,Neha
104431,2025-03-12,CUST0811,North,Washing Machine,Home Appliances,2,8640.92,17281.84,Completed,Meera
104432,2025-05-29,CUST1145,East,T-Shirt,Fashion,7,1372.46,9607.22,Completed,Priya
104433,2025-02-05,CUST0942,North,Notebook,Stationery,7,245.54,1718.78,Completed,Priya
104434,2025-05-18,CUST0321,West,Washing Machine,Home Appliances,4,10262.21,41048.84,Cancelled,Neha
104435,2025-07-03,CUST0493,North,Smartphone,Electronics,10,3932.93,39329.3,Completed,Arjun
104436,2025-04-07,CUST0371,South,Mouse,Electronics,9,4917.58,44258.22,Cancelled,Karan
104437,2025-11-05,CUST1002,North,Laptop,Electronics,2,1642.81,3285.62,Completed,Sneha
104438,2025-12-01,CUST0921,South,Jacket,Fashion,4,2081.49,8325.96,Completed,Amit
104439,2025-06-08,CUST0747,South,Backpack,Stationery,9,52.57,473.13,Returned,Sneha
104440,2025-02-18,CUST0065,West,Backpack,Stationery,4,312.61,1250.44,Cancelled,Karan
104441,2025-07-25,CUST1109,East,Headphones,Electronics,8,1425.17,11401.36,Returned,Amit
104442,2025-06-10,CUST0880,North,Shoes,Fashion,8,2905.85,23246.8,Cancelled,Amit
104443,2025-09-15,CUST1353,South,Notebook,Stationery,2,450.96,901.92,Completed,Priya
104444,2025-08-25,CUST0371,West,Book,Stationery,7,173.73,1216.11,Completed,Karan
104445,2025-06-19,CUST0901,South,Laptop,Electronics,1,1686.61,1686.61,Completed,Priya
104446,2025-12-22,CUST0328,East,Washing Machine,Home Appliances,6,16375.12,98250.72,Completed,Rahul
104447,2025-11-16,CUST1314,North,Smartphone,Electronics,8,3911.63,31293.04,Returned,Rahul
104448,2025-01-14,CUST1307,North,Shoes,Fashion,10,2661.72,26617.2,Completed,Sneha
104449,2025-04-27,CUST0127,North,Jeans,Fashion,4,1502.56,6010.24,Completed,Arjun
104450,2025-10-17,CUST0827,South,Refrigerator,Home Appliances,9,7096.43,63867.87,Completed,Priya
104451,2025-02-18,CUST0555,North,Pen,Stationery,5,282.77,1413.85,Completed,Amit
104452,2025-01-24,CUST0306,West,Shoes,Fashion,8,1234.86,9878.88,Cancelled,Priya
104453,2025-01-21,CUST0911,South,Keyboard,Electronics,5,4860.46,24302.3,Completed,Arjun
104454,2025-06-19,CUST0626,West,Refrigerator,Home Appliances,9,10562.75,95064.75,Completed,Neha
104455,2025-10-22,CUST1228,West,Jeans,Fashion,10,2191.31,21913.1,Cancelled,Sneha
104456,2025-07-30,CUST0836,North,Mouse,Electronics,8,3603.44,28827.52,Returned,Meera
104457,2025-12-08,CUST1489,West,Jacket,Fashion,9,2166.29,19496.61,Returned,Meera
104458,2025-10-28,CUST1426,West,Laptop,Electronics,6,1343.81,8062.86,Completed,Amit
104459,2025-06-15,CUST0400,South,Backpack,Stationery,8,77.78,622.24,Completed,Priya
104460,2025-05-12,CUST0126,West,Pen,Stationery,4,356.31,1425.24,Completed,Amit
104461,2025-02-20,CUST0838,South,Headphones,Electronics,2,1404.4,2808.8,Cancelled,Meera
104462,2025-01-01,CUST0897,East,T-Shirt,Fashion,8,2373.95,18991.6,Returned,Meera
104463,2025-06-16,CUST0019,South,Book,Stationery,8,226.39,1811.12,Cancelled,Karan
104464,2025-11-08,CUST0049,North,Television,Home Appliances,8,3988.4,31907.2,Completed,Priya
104465,2025-03-27,CUST0898,East,Backpack,Stationery,8,210.87,1686.96,Completed,Sneha
104466,2025-04-29,CUST1177,East,T-Shirt,Fashion,2,1309.55,2619.1,Completed,Karan
104467,2025-08-03,CUST0111,North,Pen,Stationery,8,80.53,644.24,Completed,Meera
104468,2025-08-12,CUST1271,East,Television,Home Appliances,1,13959.01,13959.01,Completed,Priya
104469,2025-04-05,CUST0805,East,Jeans,Fashion,1,2056.75,2056.75,Completed,Amit
104470,2025-03-21,CUST1377,East,Notebook,Stationery,2,435.27,870.54,Cancelled,Arjun
104471,2025-06-15,CUST0587,East,Backpack,Stationery,7,214.85,1503.95,Completed,Rahul
104472,2025-07-30,CUST1158,North,T-Shirt,Fashion,2,2136.5,4273.0,Completed,Neha
104473,2025-08-27,CUST1127,East,Television,Home Appliances,7,18356.27,128493.89,Completed,Priya
104474,2025-08-20,CUST0460,West,Television,Home Appliances,1,19117.86,19117.86,Completed,Arjun
104475,2025-07-10,CUST0274,South,Backpack,Stationery,5,191.31,956.55,Completed,Priya
104476,2025-06-28,CUST1364,North,Keyboard,Electronics,1,4968.06,4968.06,Returned,Amit
104477,2025-01-19,CUST1152,South,T-Shirt,Fashion,10,2849.55,28495.5,Completed,Karan
104478,2025-06-25,CUST1380,South,Shoes,Fashion,3,2362.83,7088.49,Completed,Sneha
104479,2025-08-09,CUST0052,East,Notebook,Stationery,7,138.32,968.24,Completed,Rahul
104480,2025-09-05,CUST1203,South,Jeans,Fashion,2,1225.37,2450.74,Completed,Sneha
104481,2025-09-24,CUST0513,North,Mouse,Electronics,4,2635.8,10543.2,Completed,Rahul
104482,2025-05-09,CUST0685,East,Notebook,Stationery,5,387.31,1936.55,Completed,Meera
104483,2025-05-18,CUST0854,East,Notebook,Stationery,2,114.73,229.46,Completed,Arjun
104484,2025-08-09,CUST0687,West,Headphones,Electronics,3,4723.29,14169.87,Completed,Rahul
104485,2025-08-19,CUST0081,East,Television,Home Appliances,5,18156.0,90780.0,Returned,Amit
104486,2025-03-27,CUST1194,South,Headphones,Electronics,9,3609.45,32485.05,Completed,Karan
104487,2025-12-04,CUST0515,West,Mouse,Electronics,10,4458.75,44587.5,Completed,Karan
104488,2025-09-07,CUST1232,West,Smartphone,Electronics,7,2818.97,19732.79,Completed,Amit
104489,2025-10-31,CUST1246,East,Headphones,Electronics,9,2938.28,26444.52,Completed,Amit
104490,2025-05-25,CUST1459,East,Headphones,Electronics,1,1366.66,1366.66,Completed,Amit
104491,2025-12-30,CUST0454,North,Laptop,Electronics,6,2194.95,13169.7,Returned,Arjun
104492,2025-02-05,CUST0200,South,Smartphone,Electronics,2,4000.52,8001.04,Completed,Karan
104493,2025-02-08,CUST0330,North,Book,Stationery,3,481.18,1443.54,Returned,Meera
104494,2025-03-18,CUST1446,North,Pen,Stationery,3,262.75,788.25,Completed,Neha
104495,2025-05-17,CUST1274,North,Notebook,Stationery,1,239.38,239.38,Completed,Sneha
104496,2025-10-24,CUST0305,East,Smartphone,Electronics,7,520.25,3641.75,Completed,Priya
104497,2025-12-18,CUST0725,South,Jacket,Fashion,6,1368.31,8209.86,Completed,Priya
104498,2025-09-20,CUST1294,East,Backpack,Stationery,6,255.66,1533.96,Completed,Karan
104499,2025-09-14,CUST1167,South,Shoes,Fashion,5,858.34,4291.7,Completed,Priya
104500,2025-07-17,CUST0296,North,Pen,Stationery,6,38.94,233.64,Completed,Rahul
104501,2025-03-17,CUST0556,South,Refrigerator,Home Appliances,1,9963.51,9963.51,Completed,Priya
104502,2025-12-09,CUST1165,North,Washing Machine,Home Appliances,2,17959.41,35918.82,Cancelled,Sneha
104503,2025-03-02,CUST1033,East,Pen,Stationery,6,281.16,1686.96,Completed,Neha
104504,2025-07-08,CUST0556,North,Washing Machine,Home Appliances,1,10843.49,10843.49,Cancelled,Meera
104505,2025-08-10,CUST1254,South,Shoes,Fashion,10,681.56,6815.6,Completed,Neha
104506,2025-03-14,CUST0939,South,Washing Machine,Home Appliances,10,8880.95,88809.5,Completed,Rahul
104507,2025-03-31,CUST0963,North,Washing Machine,Home Appliances,9,5483.17,49348.53,Completed,Karan
104508,2025-11-07,CUST1442,North,Mouse,Electronics,4,3258.6,13034.4,Returned,Meera
104509,2025-01-10,CUST0181,South,Smartphone,Electronics,3,4523.08,13569.24,Completed,Amit
104510,2025-01-10,CUST0274,South,Notebook,Stationery,10,162.18,1621.8,Completed,Karan
104511,2025-12-08,CUST0438,North,Jacket,Fashion,4,2375.45,9501.8,Completed,Karan
104512,2025-04-22,CUST0382,West,Television,Home Appliances,2,1582.36,3164.72,Completed,Priya
104513,2025-11-23,CUST0103,South,Backpack,Stationery,8,431.24,3449.92,Completed,Meera
104514,2025-03-11,CUST0106,East,Jacket,Fashion,8,2008.52,16068.16,Completed,Amit
104515,2025-05-09,CUST0506,South,Shoes,Fashion,9,845.29,7607.61,Cancelled,Rahul
104516,2025-08-17,CUST0961,South,Book,Stationery,2,328.36,656.72,Cancelled,Sneha
104517,2025-06-16,CUST0434,West,Refrigerator,Home Appliances,5,3706.87,18534.35,Returned,Rahul
104518,2025-09-10,CUST0977,South,Washing Machine,Home Appliances,3,7841.58,23524.74,Cancelled,Meera
104519,2025-06-23,CUST0099,West,Pen,Stationery,6,234.03,1404.18,Returned,Sneha
104520,2025-05-25,CUST1078,North,Refrigerator,Home Appliances,2,18778.01,37556.02,Completed,Amit
104521,2025-04-28,CUST1193,South,Television,Home Appliances,7,4602.48,32217.36,Completed,Meera
104522,2025-12-08,CUST0585,South,T-Shirt,Fashion,1,2322.74,2322.74,Completed,Neha
104523,2025-01-29,CUST0786,West,Jeans,Fashion,8,2307.89,18463.12,Completed,Rahul
104524,2025-01-28,CUST0308,North,T-Shirt,Fashion,3,2006.6,6019.8,Completed,Priya
104525,2025-07-30,CUST0912,South,Backpack,Stationery,10,476.12,4761.2,Completed,Priya
104526,2025-02-10,CUST0461,North,Notebook,Stationery,7,378.22,2647.54,Completed,Karan
104527,2025-10-14,CUST0687,South,T-Shirt,Fashion,2,521.34,1042.68,Completed,Sneha
104528,2025-04-20,CUST1013,South,Laptop,Electronics,10,1763.53,17635.3,Completed,Rahul
104529,2025-10-26,CUST0777,North,Notebook,Stationery,9,459.33,4133.97,Completed,Meera
104530,2025-11-20,CUST0315,West,Book,Stationery,8,285.9,2287.2,Completed,Priya
104531,2025-04-02,CUST1034,South,Laptop,Electronics,2,3840.6,7681.2,Completed,Amit
104532,2025-09-08,CUST0663,North,Notebook,Stationery,6,61.19,367.14,Completed,Amit
104533,2025-12-10,CUST0029,East,Backpack,Stationery,2,323.58,647.16,Completed,Karan
104534,2025-12-04,CUST0358,South,Jacket,Fashion,3,964.11,2892.33,Cancelled,Karan
104535,2025-03-07,CUST1269,North,Backpack,Stationery,6,357.81,2146.86,Cancelled,Neha
104536,2025-10-28,CUST0952,West,Headphones,Electronics,2,2554.87,5109.74,Completed,Priya
104537,2025-05-12,CUST0422,West,Television,Home Appliances,4,17428.26,69713.04,Completed,Arjun
104538,2025-09-12,CUST0910,West,Pen,Stationery,8,346.33,2770.64,Completed,Rahul
104539,2025-06-15,CUST0099,West,Pen,Stationery,9,430.02,3870.18,Completed,Amit
104540,2025-01-01,CUST0964,South,Jacket,Fashion,10,458.02,4580.2,Completed,Rahul
104541,2025-10-23,CUST1222,East,Keyboard,Electronics,2,4731.67,9463.34,Completed,Karan
104542,2025-09-12,CUST1370,North,Backpack,Stationery,7,310.04,2170.28,Completed,Priya
104543,2025-04-28,CUST0755,South,Book,Stationery,3,159.12,477.36,Completed,Neha
104544,2025-04-11,CUST0793,North,Smartphone,Electronics,3,2067.19,6201.57,Completed,Sneha
104545,2025-06-13,CUST1494,East,Jacket,Fashion,7,1570.94,10996.58,Completed,Priya
104546,2025-04-25,CUST1337,North,Keyboard,Electronics,3,2851.66,8554.98,Cancelled,Arjun
104547,2025-07-13,CUST0181,North,Jacket,Fashion,2,713.56,1427.12,Completed,Neha
104548,2025-07-22,CUST0361,South,Notebook,Stationery,2,390.05,780.1,Completed,Karan
104549,2025-01-20,CUST1195,North,T-Shirt,Fashion,10,2628.97,26289.7,Completed,Sneha
104550,2025-02-01,CUST1336,South,Backpack,Stationery,4,499.44,1997.76,Completed,Rahul
104551,2025-07-19,CUST0531,East,Laptop,Electronics,6,3554.7,21328.2,Completed,Meera
104552,2025-04-15,CUST1340,North,Headphones,Electronics,9,986.42,8877.78,Cancelled,Neha
104553,2025-03-23,CUST0989,West,Notebook,Stationery,10,219.5,2195.0,Cancelled,Sneha
104554,2025-02-01,CUST0686,North,Backpack,Stationery,8,245.03,1960.24,Completed,Amit
104555,2025-11-06,CUST0787,East,Book,Stationery,3,352.83,1058.49,Completed,Rahul
104556,2025-10-21,CUST0507,West,Book,Stationery,1,335.29,335.29,Cancelled,Priya
104557,2025-04-10,CUST0965,North,Refrigerator,Home Appliances,7,10676.98,74738.86,Completed,Rahul
104558,2025-10-02,CUST0589,East,Smartphone,Electronics,7,3910.3,27372.1,Completed,Meera
104559,2025-09-27,CUST0545,West,Smartphone,Electronics,10,4958.72,49587.2,Completed,Sneha
104560,2025-02-13,CUST0969,South,Mouse,Electronics,6,4084.24,24505.44,Completed,Sneha
104561,2025-07-08,CUST0741,West,T-Shirt,Fashion,3,816.32,2448.96,Completed,Sneha
104562,2025-12-08,CUST0310,West,Book,Stationery,7,113.58,795.06,Completed,Rahul
104563,2025-10-06,CUST0899,South,Refrigerator,Home Appliances,6,19059.96,114359.76,Completed,Neha
104564,2025-03-22,CUST0841,North,Jacket,Fashion,5,1556.39,7781.95,Cancelled,Meera
104565,2025-06-14,CUST0070,South,Jacket,Fashion,5,2092.49,10462.45,Completed,Neha
104566,2025-06-30,CUST1487,East,Laptop,Electronics,2,4994.2,9988.4,Completed,Amit
104567,2025-06-29,CUST0053,North,Pen,Stationery,7,375.22,2626.54,Completed,Amit
104568,2025-11-25,CUST1139,South,Shoes,Fashion,2,204.22,408.44,Completed,Meera
104569,2025-10-29,CUST0435,South,Jeans,Fashion,8,1418.68,11349.44,Completed,Arjun
104570,2025-06-01,CUST0796,North,Notebook,Stationery,7,397.19,2780.33,Completed,Neha
104571,2025-10-21,CUST0837,West,Washing Machine,Home Appliances,8,9411.03,75288.24,Completed,Meera
104572,2025-03-29,CUST1029,East,Refrigerator,Home Appliances,7,18477.67,129343.69,Completed,Priya
104573,2025-05-29,CUST0424,South,Shoes,Fashion,3,812.02,2436.06,Completed,Sneha
104574,2025-05-29,CUST0018,North,Headphones,Electronics,3,1018.87,3056.61,Returned,Amit
104575,2025-01-14,CUST1279,South,Jacket,Fashion,3,2304.34,6913.02,Cancelled,Arjun
104576,2025-10-28,CUST0997,South,Television,Home Appliances,2,6123.94,12247.88,Completed,Arjun
104577,2025-06-12,CUST1190,East,Book,Stationery,10,275.66,2756.6,Completed,Priya
104578,2025-04-29,CUST0797,South,Pen,Stationery,8,488.95,3911.6,Completed,Meera
104579,2025-11-01,CUST1399,North,Jacket,Fashion,5,1616.7,8083.5,Returned,Sneha
104580,2025-11-20,CUST1254,North,Book,Stationery,4,74.35,297.4,Returned,Karan
104581,2025-10-17,CUST0656,West,Book,Stationery,7,136.72,957.04,Completed,Karan
104582,2025-08-13,CUST1312,West,Backpack,Stationery,8,153.28,1226.24,Completed,Neha
104583,2025-02-07,CUST1272,East,Jacket,Fashion,8,1233.73,9869.84,Returned,Meera
104584,2025-12-09,CUST1102,West,Jeans,Fashion,8,1859.36,14874.88,Completed,Rahul
104585,2025-01-07,CUST0655,North,Laptop,Electronics,1,1956.59,1956.59,Completed,Priya
104586,2025-07-06,CUST0583,East,Notebook,Stationery,7,174.6,1222.2,Completed,Priya
104587,2025-05-29,CUST0838,West,Washing Machine,Home Appliances,5,18585.61,92928.05,Cancelled,Meera
104588,2025-05-07,CUST0114,South,Smartphone,Electronics,4,3245.3,12981.2,Completed,Neha
104589,2025-08-30,CUST0643,East,T-Shirt,Fashion,6,1915.09,11490.54,Completed,Rahul
104590,2025-01-01,CUST1076,South,Television,Home Appliances,2,12293.81,24587.62,Completed,Sneha
104591,2025-08-27,CUST0871,West,Notebook,Stationery,8,492.43,3939.44,Completed,Meera
104592,2025-09-21,CUST1485,West,Notebook,Stationery,10,327.79,3277.9,Cancelled,Arjun
104593,2025-10-19,CUST1022,North,Book,Stationery,10,259.77,2597.7,Returned,Amit
104594,2025-12-05,CUST0095,South,Headphones,Electronics,5,4981.79,24908.95,Completed,Arjun
104595,2025-01-09,CUST0905,West,Television,Home Appliances,1,14039.1,14039.1,Completed,Rahul
104596,2025-03-23,CUST0708,North,Pen,Stationery,3,235.35,706.05,Completed,Amit
104597,2025-08-06,CUST1024,East,Jeans,Fashion,2,2265.94,4531.88,Completed,Meera
104598,2025-08-15,CUST0338,North,T-Shirt,Fashion,10,1743.21,17432.1,Cancelled,Sneha
104599,2025-01-18,CUST1037,North,Mouse,Electronics,9,2571.59,23144.31,Completed,Sneha
104600,2025-07-06,CUST0401,South,T-Shirt,Fashion,9,2457.96,22121.64,Completed,Meera
104601,2025-11-14,CUST0760,East,Washing Machine,Home Appliances,9,5121.58,46094.22,Cancelled,Amit
104602,2025-07-29,CUST1242,South,Shoes,Fashion,4,2585.76,10343.04,Completed,Priya
104603,2025-10-08,CUST0497,South,Television,Home Appliances,2,7033.87,14067.74,Cancelled,Rahul
104604,2025-10-13,CUST0319,East,Pen,Stationery,4,235.9,943.6,Completed,Rahul
104605,2025-09-03,CUST0495,East,Shoes,Fashion,4,1524.77,6099.08,Cancelled,Arjun
104606,2025-09-28,CUST0762,West,Television,Home Appliances,1,16748.66,16748.66,Completed,Karan
104607,2025-08-05,CUST0908,West,Washing Machine,Home Appliances,9,18648.43,167835.87,Completed,Arjun
104608,2025-07-24,CUST0973,South,Pen,Stationery,7,42.05,294.35,Completed,Sneha
104609,2025-06-17,CUST0596,East,Jacket,Fashion,4,2258.04,9032.16,Cancelled,Sneha
104610,2025-01-07,CUST0602,East,Backpack,Stationery,3,189.82,569.46,Completed,Priya
104611,2025-09-28,CUST0917,West,Mouse,Electronics,6,4126.66,24759.96,Completed,Meera
104612,2025-01-24,CUST1079,East,Jeans,Fashion,8,1961.99,15695.92,Completed,Priya
104613,2025-08-28,CUST0621,West,Headphones,Electronics,2,2164.32,4328.64,Completed,Arjun
104614,2025-12-15,CUST0235,East,Mouse,Electronics,2,2426.55,4853.1,Completed,Sneha
104615,2025-05-26,CUST0035,North,Backpack,Stationery,2,130.86,261.72,Completed,Sneha
104616,2025-06-09,CUST0688,North,Laptop,Electronics,1,4422.57,4422.57,Completed,Rahul
104617,2025-10-20,CUST1276,East,Television,Home Appliances,8,1438.97,11511.76,Returned,Arjun
104618,2025-08-12,CUST1330,North,Jeans,Fashion,10,877.59,8775.9,Completed,Amit
104619,2025-04-22,CUST0827,North,Television,Home Appliances,7,5012.15,35085.05,Completed,Rahul
104620,2025-02-19,CUST0993,East,Jeans,Fashion,6,2359.4,14156.4,Completed,Neha
104621,2025-06-01,CUST1317,West,Washing Machine,Home Appliances,2,15864.61,31729.22,Completed,Arjun
104622,2025-01-21,CUST1495,East,Notebook,Stationery,10,36.9,369.0,Completed,Neha
104623,2025-10-06,CUST0855,South,Headphones,Electronics,9,4405.01,39645.09,Completed,Sneha
104624,2025-07-12,CUST0225,South,Headphones,Electronics,1,3593.41,3593.41,Completed,Meera
104625,2025-10-30,CUST1027,East,Refrigerator,Home Appliances,8,16668.06,133344.48,Cancelled,Arjun
104626,2025-11-17,CUST1118,North,Smartphone,Electronics,1,1534.2,1534.2,Completed,Priya
104627,2025-02-21,CUST0781,North,Television,Home Appliances,2,7931.85,15863.7,Completed,Arjun
104628,2025-02-27,CUST0318,North,Notebook,Stationery,6,230.81,1384.86,Completed,Priya
104629,2025-08-20,CUST0809,West,Washing Machine,Home Appliances,7,12276.57,85935.99,Cancelled,Rahul
104630,2025-09-08,CUST0574,North,Jacket,Fashion,10,2837.09,28370.9,Completed,Amit
104631,2025-11-30,CUST0452,East,Book,Stationery,8,453.8,3630.4,Cancelled,Meera
104632,2025-03-30,CUST0784,East,Keyboard,Electronics,1,4522.13,4522.13,Completed,Karan
104633,2025-05-16,CUST0538,East,Book,Stationery,7,179.82,1258.74,Completed,Arjun
104634,2025-09-14,CUST1297,West,Jeans,Fashion,6,2110.12,12660.72,Completed,Arjun
104635,2025-12-11,CUST1175,East,Jeans,Fashion,5,441.67,2208.35,Cancelled,Meera
104636,2025-08-08,CUST0277,East,Headphones,Electronics,10,2776.92,27769.2,Completed,Neha
104637,2025-06-16,CUST0338,North,Notebook,Stationery,10,208.24,2082.4,Cancelled,Meera
104638,2025-12-13,CUST0248,North,Book,Stationery,8,155.03,1240.24,Completed,Karan
104639,2025-04-08,CUST0722,West,Smartphone,Electronics,7,3622.06,25354.42,Completed,Sneha
104640,2025-04-12,CUST0294,South,Jeans,Fashion,7,441.68,3091.76,Completed,Priya
104641,2025-12-19,CUST0738,North,Television,Home Appliances,5,18838.23,94191.15,Completed,Amit
104642,2025-11-18,CUST0742,West,Jeans,Fashion,3,2638.05,7914.15,Cancelled,Sneha
104643,2025-09-15,CUST1308,East,Headphones,Electronics,7,4561.77,31932.39,Completed,Karan
104644,2025-08-30,CUST0148,West,Television,Home Appliances,1,9333.43,9333.43,Completed,Neha
104645,2025-04-19,CUST1001,East,Shoes,Fashion,3,2038.41,6115.23,Completed,Neha
104646,2025-05-07,CUST0500,West,Washing Machine,Home Appliances,8,4008.79,32070.32,Cancelled,Rahul
104647,2025-08-11,CUST1259,North,Backpack,Stationery,7,230.7,1614.9,Returned,Priya
104648,2025-11-24,CUST1447,South,Jacket,Fashion,9,2914.69,26232.21,Cancelled,Rahul
104649,2025-02-07,CUST0413,South,Jeans,Fashion,10,1909.61,19096.1,Completed,Meera
104650,2025-05-14,CUST1453,East,Television,Home Appliances,7,8768.52,61379.64,Returned,Sneha
104651,2025-11-27,CUST1027,West,Washing Machine,Home Appliances,7,18053.72,126376.04,Cancelled,Amit
104652,2025-12-31,CUST0423,East,Refrigerator,Home Appliances,7,3345.4,23417.8,Completed,Amit
104653,2025-04-17,CUST1136,West,T-Shirt,Fashion,5,315.45,1577.25,Completed,Priya
104654,2025-07-23,CUST0825,North,Shoes,Fashion,9,244.03,2196.27,Completed,Amit
104655,2025-01-30,CUST0245,West,Refrigerator,Home Appliances,7,3568.27,24977.89,Completed,Sneha
104656,2025-12-09,CUST0494,South,Refrigerator,Home Appliances,2,7718.62,15437.24,Completed,Priya
104657,2025-02-14,CUST0651,East,Jacket,Fashion,4,928.25,3713.0,Completed,Arjun
104658,2025-04-04,CUST0483,South,Book,Stationery,9,221.71,1995.39,Completed,Karan
104659,2025-12-01,CUST0358,West,Book,Stationery,3,216.99,650.97,Completed,Meera
104660,2025-10-09,CUST1427,West,Refrigerator,Home Appliances,6,2990.54,17943.24,Cancelled,Arjun
104661,2025-08-01,CUST0257,East,Smartphone,Electronics,6,694.0,4164.0,Completed,Karan
104662,2025-11-11,CUST1192,South,Laptop,Electronics,6,4399.02,26394.12,Returned,Amit
104663,2025-02-02,CUST0077,South,Notebook,Stationery,10,444.45,4444.5,Completed,Rahul
104664,2025-01-26,CUST1093,West,Backpack,Stationery,7,467.73,3274.11,Completed,Priya
104665,2025-08-15,CUST0463,South,Notebook,Stationery,2,159.64,319.28,Returned,Amit
104666,2025-10-24,CUST0037,West,Book,Stationery,5,382.13,1910.65,Completed,Rahul
104667,2025-12-07,CUST0802,West,Laptop,Electronics,6,4304.84,25829.04,Completed,Amit
104668,2025-05-26,CUST1009,North,Book,Stationery,3,492.77,1478.31,Completed,Sneha
104669,2025-08-25,CUST0468,East,Notebook,Stationery,2,130.9,261.8,Cancelled,Rahul
104670,2025-10-22,CUST0929,West,Television,Home Appliances,4,4285.49,17141.96,Returned,Sneha
104671,2025-12-10,CUST1385,West,Shoes,Fashion,2,1030.8,2061.6,Completed,Karan
104672,2025-02-13,CUST1037,South,Pen,Stationery,5,132.67,663.35,Cancelled,Sneha
104673,2025-09-01,CUST1289,West,Jacket,Fashion,9,345.91,3113.19,Completed,Karan
104674,2025-11-03,CUST1072,West,Notebook,Stationery,7,217.32,1521.24,Completed,Sneha
104675,2025-06-22,CUST1115,West,Jeans,Fashion,1,984.4,984.4,Completed,Sneha
104676,2025-01-17,CUST1264,East,Laptop,Electronics,8,3864.55,30916.4,Completed,Priya
104677,2025-02-09,CUST0465,North,Notebook,Stationery,2,322.47,644.94,Returned,Amit
104678,2025-07-11,CUST1379,South,T-Shirt,Fashion,4,862.13,3448.52,Completed,Karan
104679,2025-07-27,CUST0064,East,Laptop,Electronics,1,875.28,875.28,Cancelled,Neha
104680,2025-08-11,CUST0341,West,Washing Machine,Home Appliances,3,1135.56,3406.68,Cancelled,Arjun
104681,2025-07-18,CUST0566,West,Mouse,Electronics,4,847.68,3390.72,Cancelled,Arjun
104682,2025-05-30,CUST0108,West,Refrigerator,Home Appliances,2,8203.66,16407.32,Completed,Amit
104683,2025-03-03,CUST1234,North,Keyboard,Electronics,2,3609.94,7219.88,Completed,Karan
104684,2025-11-23,CUST1173,North,Headphones,Electronics,2,3216.75,6433.5,Completed,Priya
104685,2025-08-14,CUST0477,North,Laptop,Electronics,6,2358.81,14152.86,Completed,Arjun
104686,2025-08-30,CUST0886,West,Washing Machine,Home Appliances,10,8012.52,80125.2,Completed,Karan
104687,2025-04-06,CUST1080,South,Smartphone,Electronics,1,1175.33,1175.33,Completed,Priya
104688,2025-08-05,CUST0045,West,Keyboard,Electronics,7,1969.4,13785.8,Completed,Rahul
104689,2025-05-28,CUST0167,North,Washing Machine,Home Appliances,8,9365.71,74925.68,Completed,Sneha
104690,2025-03-19,CUST0264,South,Book,Stationery,8,181.82,1454.56,Cancelled,Meera
104691,2025-06-11,CUST1080,South,T-Shirt,Fashion,7,2958.08,20706.56,Returned,Priya
104692,2025-02-24,CUST0650,East,Notebook,Stationery,2,249.13,498.26,Completed,Karan
104693,2025-05-30,CUST1438,North,Television,Home Appliances,5,3204.18,16020.9,Returned,Karan
104694,2025-12-11,CUST0418,South,Backpack,Stationery,4,55.69,222.76,Completed,Meera
104695,2025-01-01,CUST1398,South,Shoes,Fashion,10,2695.79,26957.9,Completed,Sneha
104696,2025-09-01,CUST0011,West,Jeans,Fashion,1,1719.7,1719.7,Completed,Priya
104697,2025-02-15,CUST0946,East,Keyboard,Electronics,7,4473.2,31312.4,Completed,Neha
104698,2025-08-20,CUST0437,West,Laptop,Electronics,2,3524.46,7048.92,Cancelled,Priya
104699,2025-06-12,CUST0963,South,Notebook,Stationery,1,470.01,470.01,Completed,Arjun
104700,2025-02-02,CUST1364,North,Shoes,Fashion,1,378.22,378.22,Completed,Rahul
104701,2025-03-18,CUST0596,East,Book,Stationery,8,285.42,2283.36,Completed,Karan
104702,2025-12-05,CUST1449,East,Washing Machine,Home Appliances,3,6756.18,20268.54,Cancelled,Karan
104703,2025-08-12,CUST0296,North,Pen,Stationery,5,336.26,1681.3,Returned,Rahul
104704,2025-05-31,CUST0259,East,Refrigerator,Home Appliances,1,13240.19,13240.19,Cancelled,Arjun
104705,2025-11-02,CUST0713,East,Jacket,Fashion,1,828.08,828.08,Completed,Sneha
104706,2025-08-05,CUST0801,North,Refrigerator,Home Appliances,5,18467.65,92338.25,Completed,Meera
104707,2025-04-30,CUST0202,South,Jacket,Fashion,5,1109.3,5546.5,Cancelled,Karan
104708,2025-06-15,CUST1323,North,Shoes,Fashion,7,294.45,2061.15,Completed,Neha
104709,2025-05-29,CUST1313,South,Book,Stationery,4,328.09,1312.36,Completed,Neha
104710,2025-12-17,CUST0094,South,Laptop,Electronics,8,2944.95,23559.6,Completed,Sneha
104711,2025-09-27,CUST0466,East,Backpack,Stationery,1,73.51,73.51,Completed,Sneha
104712,2025-09-13,CUST0493,West,Jeans,Fashion,8,1058.04,8464.32,Completed,Neha
104713,2025-11-05,CUST0979,East,Jacket,Fashion,4,1409.65,5638.6,Completed,Arjun
104714,2025-02-09,CUST1364,South,T-Shirt,Fashion,6,2542.71,15256.26,Cancelled,Sneha
104715,2025-04-20,CUST0971,East,Headphones,Electronics,1,4078.23,4078.23,Completed,Priya
104716,2025-08-18,CUST0551,East,Jacket,Fashion,9,1802.44,16221.96,Completed,Sneha
104717,2025-12-03,CUST0726,East,Television,Home Appliances,1,7223.46,7223.46,Completed,Meera
104718,2025-08-17,CUST1495,West,Television,Home Appliances,2,11082.11,22164.22,Completed,Amit
104719,2025-03-30,CUST0590,East,Notebook,Stationery,10,310.69,3106.9,Completed,Priya
104720,2025-01-19,CUST1414,South,Mouse,Electronics,6,4378.26,26269.56,Completed,Meera
104721,2025-12-02,CUST0111,South,Mouse,Electronics,9,4986.02,44874.18,Completed,Neha
104722,2025-03-02,CUST0943,North,Laptop,Electronics,3,4820.12,14460.36,Completed,Rahul
104723,2025-04-05,CUST0675,South,Refrigerator,Home Appliances,4,19155.85,76623.4,Completed,Rahul
104724,2025-06-26,CUST0879,East,Shoes,Fashion,4,1653.49,6613.96,Completed,Meera
104725,2025-03-31,CUST1018,South,Headphones,Electronics,2,1352.66,2705.32,Completed,Neha
104726,2025-05-11,CUST0369,East,Jacket,Fashion,4,2158.71,8634.84,Completed,Karan
104727,2025-01-18,CUST0900,West,Refrigerator,Home Appliances,10,5799.98,57999.8,Cancelled,Karan
104728,2025-11-13,CUST1452,North,Headphones,Electronics,9,2549.05,22941.45,Completed,Amit
104729,2025-11-25,CUST0005,North,T-Shirt,Fashion,6,833.43,5000.58,Completed,Meera
104730,2025-04-04,CUST1001,West,Notebook,Stationery,7,161.78,1132.46,Completed,Sneha
104731,2025-11-17,CUST0204,South,Notebook,Stationery,4,269.87,1079.48,Returned,Priya
104732,2025-06-14,CUST0213,East,Television,Home Appliances,3,2616.28,7848.84,Completed,Priya
104733,2025-01-16,CUST0974,North,Television,Home Appliances,4,1963.77,7855.08,Completed,Amit
104734,2025-05-23,CUST1076,North,Washing Machine,Home Appliances,7,19512.57,136587.99,Completed,Priya
104735,2025-03-06,CUST0372,West,Refrigerator,Home Appliances,3,16632.74,49898.22,Cancelled,Amit
104736,2025-12-27,CUST0972,East,Notebook,Stationery,9,381.25,3431.25,Returned,Karan
104737,2025-01-07,CUST1079,North,Television,Home Appliances,2,5722.48,11444.96,Completed,Meera
104738,2025-04-26,CUST0229,South,Washing Machine,Home Appliances,10,4219.66,42196.6,Cancelled,Rahul
104739,2025-11-13,CUST1221,West,Washing Machine,Home Appliances,1,10801.42,10801.42,Completed,Sneha
104740,2025-08-18,CUST1113,North,Mouse,Electronics,4,835.31,3341.24,Completed,Neha
104741,2025-11-29,CUST0897,West,Smartphone,Electronics,8,3370.77,26966.16,Completed,Priya
104742,2025-05-09,CUST1178,North,Refrigerator,Home Appliances,8,2162.8,17302.4,Completed,Karan
104743,2025-09-07,CUST0032,East,Jeans,Fashion,5,287.29,1436.45,Completed,Neha
104744,2025-04-15,CUST0541,East,Jeans,Fashion,9,1652.6,14873.4,Completed,Amit
104745,2025-06-14,CUST0119,West,Television,Home Appliances,4,10832.01,43328.04,Completed,Karan
104746,2025-03-26,CUST0698,South,Backpack,Stationery,10,488.14,4881.4,Completed,Neha
104747,2025-05-31,CUST0206,North,Book,Stationery,6,224.56,1347.36,Cancelled,Neha
104748,2025-01-09,CUST0781,South,Television,Home Appliances,1,9478.72,9478.72,Completed,Meera
104749,2025-04-30,CUST0186,East,Keyboard,Electronics,4,3944.98,15779.92,Completed,Priya
104750,2025-10-30,CUST0681,North,Book,Stationery,2,494.82,989.64,Completed,Amit
104751,2025-04-08,CUST0524,East,Washing Machine,Home Appliances,4,14801.55,59206.2,Completed,Meera
104752,2025-04-21,CUST0995,West,Keyboard,Electronics,1,3982.81,3982.81,Completed,Priya
104753,2025-07-09,CUST1060,West,Refrigerator,Home Appliances,1,6449.12,6449.12,Completed,Rahul
104754,2025-08-18,CUST1419,North,Keyboard,Electronics,3,4226.56,12679.68,Completed,Arjun
104755,2025-06-14,CUST0125,South,Jacket,Fashion,4,612.81,2451.24,Returned,Rahul
104756,2025-08-14,CUST1279,East,Headphones,Electronics,4,2230.65,8922.6,Completed,Meera
104757,2025-09-02,CUST1124,East,Television,Home Appliances,1,12806.57,12806.57,Cancelled,Sneha
104758,2025-11-06,CUST0849,North,Shoes,Fashion,9,476.4,4287.6,Completed,Arjun
104759,2025-08-17,CUST0540,North,Jacket,Fashion,9,2383.41,21450.69,Returned,Amit
104760,2025-11-22,CUST0741,East,Jeans,Fashion,1,2794.33,2794.33,Returned,Sneha
104761,2025-05-24,CUST0020,West,Jacket,Fashion,8,2433.18,19465.44,Completed,Arjun
104762,2025-12-14,CUST0498,East,Pen,Stationery,10,373.43,3734.3,Returned,Amit
104763,2025-02-10,CUST0621,East,Smartphone,Electronics,5,4388.43,21942.15,Completed,Amit
104764,2025-05-11,CUST0557,South,Backpack,Stationery,1,294.04,294.04,Completed,Karan
104765,2025-05-31,CUST0077,East,Laptop,Electronics,1,680.9,680.9,Completed,Arjun
104766,2025-07-17,CUST1083,West,Jeans,Fashion,5,1945.16,9725.8,Completed,Meera
104767,2025-05-25,CUST1130,West,T-Shirt,Fashion,6,1337.61,8025.66,Cancelled,Arjun
104768,2025-01-31,CUST0171,West,Notebook,Stationery,6,232.87,1397.22,Completed,Meera
104769,2025-02-27,CUST0350,East,Shoes,Fashion,2,2965.67,5931.34,Cancelled,Arjun
104770,2025-12-12,CUST0241,North,T-Shirt,Fashion,6,367.66,2205.96,Completed,Amit
104771,2025-01-12,CUST0900,East,T-Shirt,Fashion,2,1146.96,2293.92,Cancelled,Karan
104772,2025-09-05,CUST1479,South,Keyboard,Electronics,5,2664.62,13323.1,Cancelled,Priya
104773,2025-03-04,CUST1196,South,Smartphone,Electronics,3,3652.65,10957.95,Completed,Amit
104774,2025-02-21,CUST0847,North,Washing Machine,Home Appliances,5,19304.77,96523.85,Returned,Karan
104775,2025-11-26,CUST1035,West,Backpack,Stationery,5,195.43,977.15,Completed,Karan
104776,2025-02-04,CUST0181,West,Mouse,Electronics,4,1333.49,5333.96,Cancelled,Rahul
104777,2025-11-01,CUST1455,West,Jeans,Fashion,8,2813.91,22511.28,Cancelled,Meera
104778,2025-06-03,CUST1086,North,Shoes,Fashion,5,2763.26,13816.3,Completed,Amit
104779,2025-10-06,CUST0523,South,Jacket,Fashion,6,2582.06,15492.36,Completed,Rahul
104780,2025-09-02,CUST0500,South,Jacket,Fashion,9,251.2,2260.8,Completed,Meera
104781,2025-04-16,CUST0928,East,Pen,Stationery,10,245.61,2456.1,Completed,Karan
104782,2025-10-03,CUST0931,East,Washing Machine,Home Appliances,2,11695.15,23390.3,Completed,Meera
104783,2025-08-10,CUST0871,South,Jacket,Fashion,7,2458.85,17211.95,Cancelled,Priya
104784,2025-03-25,CUST0780,North,Mouse,Electronics,4,4523.58,18094.32,Completed,Neha
104785,2025-09-12,CUST0032,North,Keyboard,Electronics,7,4391.02,30737.14,Completed,Meera
104786,2025-12-01,CUST0894,West,Shoes,Fashion,1,1959.38,1959.38,Cancelled,Arjun
104787,2025-08-17,CUST0978,South,Book,Stationery,5,430.75,2153.75,Returned,Priya
104788,2025-08-28,CUST0114,West,Shoes,Fashion,6,2453.88,14723.28,Returned,Amit
104789,2025-05-12,CUST1266,North,Headphones,Electronics,6,4832.2,28993.2,Completed,Sneha
104790,2025-11-19,CUST0444,South,Pen,Stationery,3,197.7,593.1,Completed,Karan
104791,2025-12-30,CUST1371,South,Jeans,Fashion,6,2251.18,13507.08,Completed,Arjun
104792,2025-04-05,CUST0007,North,Refrigerator,Home Appliances,6,14107.12,84642.72,Completed,Sneha
104793,2025-08-29,CUST0268,West,Refrigerator,Home Appliances,8,4050.42,32403.36,Completed,Sneha
104794,2025-05-20,CUST0323,South,Book,Stationery,9,298.91,2690.19,Cancelled,Amit
104795,2025-10-04,CUST0064,West,Washing Machine,Home Appliances,7,16408.17,114857.19,Cancelled,Arjun
104796,2025-11-04,CUST0585,West,Jeans,Fashion,9,682.94,6146.46,Completed,Amit
104797,2025-02-22,CUST0886,North,Keyboard,Electronics,10,4239.7,42397.0,Completed,Meera
104798,2025-02-24,CUST0861,North,Pen,Stationery,3,153.53,460.59,Completed,Priya
104799,2025-08-08,CUST1192,North,Keyboard,Electronics,4,4751.8,19007.2,Completed,Meera
104800,2025-01-19,CUST0203,South,Washing Machine,Home Appliances,10,4342.71,43427.1,Completed,Sneha
104801,2025-11-16,CUST1044,West,Backpack,Stationery,9,49.75,447.75,Completed,Meera
104802,2025-04-21,CUST0631,East,Laptop,Electronics,9,784.9,7064.1,Completed,Meera
104803,2025-08-10,CUST1176,West,T-Shirt,Fashion,3,2527.37,7582.11,Cancelled,Karan
104804,2025-12-23,CUST0777,North,Shoes,Fashion,9,210.59,1895.31,Returned,Priya
104805,2025-08-04,CUST0539,East,Smartphone,Electronics,10,4311.73,43117.3,Completed,Priya
104806,2025-02-18,CUST0539,South,Television,Home Appliances,8,19876.43,159011.44,Returned,Sneha
104807,2025-04-07,CUST0473,East,Laptop,Electronics,3,623.73,1871.19,Returned,Arjun
104808,2025-04-22,CUST1176,North,Backpack,Stationery,10,141.83,1418.3,Cancelled,Neha
104809,2025-09-29,CUST1026,North,Pen,Stationery,5,445.58,2227.9,Completed,Meera
104810,2025-11-19,CUST0665,East,Notebook,Stationery,5,321.35,1606.75,Completed,Amit
104811,2025-12-17,CUST0163,South,Washing Machine,Home Appliances,8,16016.5,128132.0,Completed,Priya
104812,2025-06-18,CUST0722,West,Notebook,Stationery,6,42.36,254.16,Completed,Meera
104813,2025-12-26,CUST1047,West,Washing Machine,Home Appliances,5,13835.9,69179.5,Completed,Rahul
104814,2025-05-04,CUST1045,North,Backpack,Stationery,8,302.81,2422.48,Cancelled,Priya
104815,2025-09-17,CUST0999,South,Television,Home Appliances,7,9406.42,65844.94,Completed,Arjun
104816,2025-07-14,CUST1444,West,Laptop,Electronics,5,581.05,2905.25,Completed,Arjun
104817,2025-06-12,CUST0996,West,T-Shirt,Fashion,5,480.93,2404.65,Completed,Amit
104818,2025-02-09,CUST1443,East,Refrigerator,Home Appliances,5,1383.57,6917.85,Completed,Priya
104819,2025-05-24,CUST0511,West,Smartphone,Electronics,10,3990.16,39901.6,Completed,Rahul
104820,2025-02-21,CUST0597,South,Pen,Stationery,8,273.97,2191.76,Completed,Sneha
104821,2025-07-09,CUST0429,East,Shoes,Fashion,2,1830.83,3661.66,Completed,Amit
104822,2025-07-22,CUST0908,West,Headphones,Electronics,9,1859.64,16736.76,Returned,Priya
104823,2025-12-24,CUST1467,East,Washing Machine,Home Appliances,1,14193.71,14193.71,Returned,Meera
104824,2025-08-19,CUST0737,South,T-Shirt,Fashion,2,2734.53,5469.06,Returned,Meera
104825,2025-12-28,CUST1435,South,Refrigerator,Home Appliances,3,18930.68,56792.04,Completed,Neha
104826,2025-12-04,CUST0091,East,Television,Home Appliances,8,16414.41,131315.28,Cancelled,Amit
104827,2025-03-22,CUST0158,West,Headphones,Electronics,10,1273.12,12731.2,Returned,Rahul
104828,2025-04-17,CUST1074,South,Shoes,Fashion,1,1364.6,1364.6,Completed,Arjun
104829,2025-06-10,CUST0175,North,Book,Stationery,3,459.46,1378.38,Completed,Amit
104830,2025-10-13,CUST1457,East,Jacket,Fashion,2,379.6,759.2,Returned,Amit
104831,2025-06-11,CUST0497,East,Jeans,Fashion,1,432.14,432.14,Completed,Sneha
104832,2025-11-04,CUST0391,North,Book,Stationery,3,251.32,753.96,Cancelled,Meera
104833,2025-06-17,CUST0526,North,Backpack,Stationery,7,43.85,306.95,Completed,Sneha
104834,2025-03-28,CUST0368,North,Pen,Stationery,1,421.95,421.95,Completed,Karan
104835,2025-12-06,CUST1418,South,Keyboard,Electronics,10,4445.27,44452.7,Cancelled,Meera
104836,2025-03-23,CUST1022,South,Jeans,Fashion,2,2268.44,4536.88,Completed,Priya
104837,2025-10-12,CUST0044,East,Shoes,Fashion,7,355.45,2488.15,Completed,Sneha
104838,2025-07-25,CUST1008,South,Jacket,Fashion,1,1758.64,1758.64,Cancelled,Sneha
104839,2025-02-16,CUST0613,North,Headphones,Electronics,5,3803.55,19017.75,Completed,Karan
104840,2025-11-19,CUST0039,East,Television,Home Appliances,7,10380.02,72660.14,Completed,Amit
104841,2025-12-09,CUST1049,South,Headphones,Electronics,2,1522.99,3045.98,Returned,Rahul
104842,2025-08-16,CUST0089,North,Pen,Stationery,10,474.74,4747.4,Completed,Priya
104843,2025-01-03,CUST0912,South,Book,Stationery,5,91.94,459.7,Completed,Priya
104844,2025-02-09,CUST0543,West,Book,Stationery,1,226.0,226.0,Completed,Meera
104845,2025-11-30,CUST0958,South,Television,Home Appliances,4,12323.4,49293.6,Completed,Priya
104846,2025-08-24,CUST0172,North,Headphones,Electronics,5,1046.75,5233.75,Completed,Meera
104847,2025-08-23,CUST0713,East,Book,Stationery,2,350.15,700.3,Completed,Amit
104848,2025-04-02,CUST1039,North,Keyboard,Electronics,8,2991.19,23929.52,Returned,Sneha
104849,2025-08-08,CUST0990,South,Backpack,Stationery,2,274.15,548.3,Cancelled,Arjun
104850,2025-11-06,CUST1488,West,Backpack,Stationery,3,350.27,1050.81,Cancelled,Rahul
104851,2025-05-13,CUST0421,East,Washing Machine,Home Appliances,10,17418.56,174185.6,Returned,Rahul
104852,2025-04-01,CUST0745,South,Headphones,Electronics,3,2536.14,7608.42,Completed,Neha
104853,2025-01-28,CUST1073,East,Backpack,Stationery,5,396.87,1984.35,Completed,Amit
104854,2025-11-18,CUST0801,East,Jeans,Fashion,5,2126.61,10633.05,Completed,Rahul
104855,2025-04-21,CUST0850,East,Jacket,Fashion,3,370.32,1110.96,Completed,Amit
104856,2025-01-20,CUST0144,South,Washing Machine,Home Appliances,8,16652.25,133218.0,Cancelled,Rahul
104857,2025-04-26,CUST0762,North,Keyboard,Electronics,4,2559.56,10238.24,Completed,Priya
104858,2025-07-13,CUST0158,South,Shoes,Fashion,7,1426.71,9986.97,Completed,Rahul
104859,2025-04-09,CUST0791,East,Pen,Stationery,9,432.63,3893.67,Completed,Sneha
104860,2025-03-15,CUST0125,West,Washing Machine,Home Appliances,9,10275.36,92478.24,Completed,Karan
104861,2025-01-11,CUST0794,North,Shoes,Fashion,9,2983.68,26853.12,Completed,Meera
104862,2025-02-19,CUST1098,West,Notebook,Stationery,9,259.05,2331.45,Completed,Karan
104863,2025-08-12,CUST0798,North,Laptop,Electronics,1,3378.75,3378.75,Completed,Karan
104864,2025-01-14,CUST0012,North,Television,Home Appliances,10,5397.33,53973.3,Completed,Neha
104865,2025-11-08,CUST1427,South,Jacket,Fashion,1,2184.98,2184.98,Cancelled,Arjun
104866,2025-01-03,CUST0583,North,T-Shirt,Fashion,8,1244.3,9954.4,Completed,Amit
104867,2025-01-08,CUST0260,South,T-Shirt,Fashion,1,935.85,935.85,Completed,Amit
104868,2025-02-28,CUST0386,East,Washing Machine,Home Appliances,7,5994.82,41963.74,Completed,Amit
104869,2025-10-07,CUST0672,South,Shoes,Fashion,2,2706.06,5412.12,Completed,Meera
104870,2025-10-05,CUST0580,West,Television,Home Appliances,9,15721.17,141490.53,Completed,Amit
104871,2025-06-16,CUST0006,South,Notebook,Stationery,9,99.01,891.09,Completed,Sneha
104872,2025-03-13,CUST1099,North,Refrigerator,Home Appliances,1,8038.58,8038.58,Completed,Sneha
104873,2025-05-10,CUST0959,East,Laptop,Electronics,4,1982.64,7930.56,Completed,Meera
104874,2025-03-04,CUST0427,East,Pen,Stationery,1,365.39,365.39,Cancelled,Karan
104875,2025-02-17,CUST0593,East,Mouse,Electronics,1,2114.85,2114.85,Completed,Amit
104876,2025-07-11,CUST0139,North,Pen,Stationery,1,489.22,489.22,Completed,Neha
104877,2025-11-16,CUST0298,South,Refrigerator,Home Appliances,8,8736.15,69889.2,Completed,Karan
104878,2025-11-10,CUST0416,East,Notebook,Stationery,9,243.42,2190.78,Completed,Rahul
104879,2025-07-12,CUST0105,North,T-Shirt,Fashion,4,1887.64,7550.56,Completed,Arjun
104880,2025-03-05,CUST0417,South,Keyboard,Electronics,2,1169.2,2338.4,Completed,Karan
104881,2025-02-05,CUST1163,West,Smartphone,Electronics,6,2908.41,17450.46,Cancelled,Arjun
104882,2025-08-07,CUST0717,West,T-Shirt,Fashion,7,1032.95,7230.65,Completed,Karan
104883,2025-10-10,CUST0241,North,Jeans,Fashion,6,2866.51,17199.06,Completed,Sneha
104884,2025-12-01,CUST0221,South,Headphones,Electronics,7,3655.58,25589.06,Completed,Meera
104885,2025-01-24,CUST0264,West,Notebook,Stationery,4,488.35,1953.4,Completed,Rahul
104886,2025-09-26,CUST1294,West,Refrigerator,Home Appliances,4,14138.54,56554.16,Completed,Arjun
104887,2025-12-04,CUST0315,South,Smartphone,Electronics,6,621.93,3731.58,Completed,Amit
104888,2025-10-07,CUST0892,South,Headphones,Electronics,4,3986.52,15946.08,Completed,Karan
104889,2025-07-19,CUST0088,West,Book,Stationery,8,333.11,2664.88,Completed,Meera
104890,2025-01-15,CUST0731,West,Backpack,Stationery,4,218.4,873.6,Returned,Meera
104891,2025-09-27,CUST0302,West,Television,Home Appliances,1,17019.57,17019.57,Completed,Amit
104892,2025-10-25,CUST1111,West,Book,Stationery,2,312.18,624.36,Completed,Meera
104893,2025-12-21,CUST0812,West,Keyboard,Electronics,6,946.74,5680.44,Completed,Arjun
104894,2025-12-18,CUST0357,East,Washing Machine,Home Appliances,8,11020.63,88165.04,Cancelled,Arjun
104895,2025-07-24,CUST1033,East,Laptop,Electronics,7,3987.65,27913.55,Cancelled,Rahul
104896,2025-03-25,CUST0757,West,Book,Stationery,5,368.92,1844.6,Completed,Karan
104897,2025-08-05,CUST1119,East,Pen,Stationery,9,465.87,4192.83,Completed,Rahul
104898,2025-11-09,CUST1249,South,Television,Home Appliances,5,2916.4,14582.0,Returned,Meera
104899,2025-02-01,CUST1088,West,Smartphone,Electronics,2,685.79,1371.58,Completed,Amit
104900,2025-08-22,CUST1129,East,Jeans,Fashion,5,2743.32,13716.6,Returned,Karan
104901,2025-06-12,CUST1105,South,Refrigerator,Home Appliances,5,8913.07,44565.35,Returned,Meera
104902,2025-04-21,CUST0144,East,Washing Machine,Home Appliances,1,4473.16,4473.16,Completed,Arjun
104903,2025-11-24,CUST1241,South,Pen,Stationery,1,173.68,173.68,Completed,Karan
104904,2025-10-12,CUST0018,West,Television,Home Appliances,1,11092.88,11092.88,Completed,Rahul
104905,2025-08-03,CUST1078,South,T-Shirt,Fashion,8,499.36,3994.88,Completed,Priya
104906,2025-11-22,CUST0202,West,Jeans,Fashion,8,1713.43,13707.44,Completed,Meera
104907,2025-03-27,CUST0245,South,Television,Home Appliances,2,6390.4,12780.8,Completed,Arjun
104908,2025-05-22,CUST1480,North,Washing Machine,Home Appliances,8,12289.81,98318.48,Completed,Priya
104909,2025-01-20,CUST0721,South,Notebook,Stationery,8,128.5,1028.0,Completed,Rahul
104910,2025-08-14,CUST1067,North,Mouse,Electronics,5,4212.11,21060.55,Completed,Arjun
104911,2025-08-18,CUST0603,South,Shoes,Fashion,2,1129.75,2259.5,Returned,Rahul
104912,2025-09-19,CUST1357,North,Mouse,Electronics,10,3640.87,36408.7,Cancelled,Sneha
104913,2025-06-03,CUST0307,North,Washing Machine,Home Appliances,6,13615.78,81694.68,Completed,Arjun
104914,2025-10-21,CUST1244,East,Backpack,Stationery,3,312.86,938.58,Returned,Rahul
104915,2025-05-19,CUST0090,South,Television,Home Appliances,7,9971.4,69799.8,Completed,Priya
104916,2025-03-25,CUST0898,West,Jeans,Fashion,2,837.46,1674.92,Completed,Neha
104917,2025-10-02,CUST1365,South,Television,Home Appliances,3,16266.21,48798.63,Completed,Sneha
104918,2025-04-06,CUST1154,South,Jacket,Fashion,9,2270.99,20438.91,Cancelled,Priya
104919,2025-09-12,CUST0551,East,Smartphone,Electronics,6,2306.5,13839.0,Completed,Karan
104920,2025-10-24,CUST0330,South,Washing Machine,Home Appliances,2,14414.63,28829.26,Completed,Neha
104921,2025-02-09,CUST0305,South,Shoes,Fashion,7,288.07,2016.49,Completed,Karan
104922,2025-02-08,CUST0584,East,Book,Stationery,10,403.7,4037.0,Completed,Priya
104923,2025-07-20,CUST0729,North,Laptop,Electronics,10,978.71,9787.1,Completed,Karan
104924,2025-09-23,CUST0551,South,Refrigerator,Home Appliances,1,2825.64,2825.64,Completed,Meera
104925,2025-06-11,CUST0371,West,T-Shirt,Fashion,1,2751.73,2751.73,Completed,Meera
104926,2025-04-12,CUST0324,East,Refrigerator,Home Appliances,8,15700.86,125606.88,Completed,Arjun
104927,2025-01-24,CUST0917,East,Jacket,Fashion,10,2682.56,26825.6,Completed,Arjun
104928,2025-12-09,CUST0518,East,Laptop,Electronics,8,919.43,7355.44,Completed,Sneha
104929,2025-03-17,CUST0939,South,Laptop,Electronics,7,1713.81,11996.67,Returned,Karan
104930,2025-12-10,CUST0848,North,Washing Machine,Home Appliances,10,13280.83,132808.3,Completed,Arjun
104931,2025-05-26,CUST1023,South,Shoes,Fashion,6,2924.83,17548.98,Completed,Karan
104932,2025-09-18,CUST0766,North,Laptop,Electronics,7,566.93,3968.51,Completed,Meera
104933,2025-10-15,CUST1011,North,Jeans,Fashion,10,1990.08,19900.8,Completed,Rahul
104934,2025-06-15,CUST0336,West,Headphones,Electronics,2,3528.98,7057.96,Cancelled,Amit
104935,2025-01-11,CUST1350,West,Keyboard,Electronics,5,3778.4,18892.0,Completed,Rahul
104936,2025-05-28,CUST0466,West,Backpack,Stationery,5,161.56,807.8,Cancelled,Rahul
104937,2025-09-13,CUST1420,North,Jeans,Fashion,8,1670.84,13366.72,Cancelled,Amit
104938,2025-11-22,CUST1304,South,Jacket,Fashion,8,562.54,4500.32,Completed,Meera
104939,2025-06-01,CUST0211,East,Television,Home Appliances,9,5010.7,45096.3,Completed,Priya
104940,2025-10-14,CUST0598,North,Laptop,Electronics,10,3075.38,30753.8,Returned,Rahul
104941,2025-03-09,CUST0249,West,Refrigerator,Home Appliances,7,13085.04,91595.28,Completed,Arjun
104942,2025-01-26,CUST0369,North,Jeans,Fashion,10,1515.53,15155.3,Completed,Priya
104943,2025-10-21,CUST1164,East,Headphones,Electronics,6,2613.08,15678.48,Completed,Karan
104944,2025-06-29,CUST0240,West,Washing Machine,Home Appliances,6,17952.52,107715.12,Returned,Neha
104945,2025-08-28,CUST1417,East,T-Shirt,Fashion,5,970.65,4853.25,Completed,Amit
104946,2025-05-03,CUST1211,North,Notebook,Stationery,2,471.2,942.4,Completed,Karan
104947,2025-12-02,CUST0552,North,Washing Machine,Home Appliances,8,11257.65,90061.2,Completed,Meera
104948,2025-03-25,CUST0151,East,Television,Home Appliances,2,3964.89,7929.78,Cancelled,Rahul
104949,2025-12-04,CUST1047,East,Pen,Stationery,3,65.44,196.32,Completed,Karan
104950,2025-08-22,CUST0107,South,Notebook,Stationery,8,325.11,2600.88,Completed,Amit
104951,2025-11-27,CUST1478,East,Book,Stationery,10,198.09,1980.9,Completed,Rahul
104952,2025-04-02,CUST0523,West,Notebook,Stationery,3,233.02,699.06,Completed,Sneha
104953,2025-09-11,CUST1242,East,Notebook,Stationery,1,479.74,479.74,Completed,Meera
104954,2025-11-25,CUST0495,South,Keyboard,Electronics,9,3296.8,29671.2,Completed,Meera
104955,2025-11-30,CUST0391,South,Pen,Stationery,3,356.18,1068.54,Cancelled,Neha
104956,2025-05-22,CUST0549,East,Book,Stationery,9,164.26,1478.34,Cancelled,Neha
104957,2025-03-26,CUST0819,West,Jacket,Fashion,10,630.11,6301.1,Completed,Amit
104958,2025-11-05,CUST1482,North,Keyboard,Electronics,6,970.97,5825.82,Completed,Karan
104959,2025-06-19,CUST0459,West,Backpack,Stationery,2,193.34,386.68,Returned,Priya
104960,2025-04-20,CUST1314,North,Notebook,Stationery,2,400.63,801.26,Cancelled,Sneha
104961,2025-02-18,CUST0952,South,Book,Stationery,10,419.29,4192.9,Completed,Amit
104962,2025-01-23,CUST0352,South,Refrigerator,Home Appliances,1,16233.65,16233.65,Completed,Karan
104963,2025-06-29,CUST0248,West,Jacket,Fashion,1,2351.66,2351.66,Returned,Neha
104964,2025-12-25,CUST0006,North,Keyboard,Electronics,4,929.99,3719.96,Returned,Meera
104965,2025-08-28,CUST1298,West,Notebook,Stationery,3,370.49,1111.47,Completed,Meera
104966,2025-09-21,CUST1386,South,Jacket,Fashion,3,701.16,2103.48,Completed,Priya
104967,2025-04-16,CUST1104,South,Headphones,Electronics,3,3507.5,10522.5,Completed,Amit
104968,2025-02-19,CUST0636,North,Pen,Stationery,8,309.24,2473.92,Completed,Karan
104969,2025-05-19,CUST0647,South,Mouse,Electronics,10,2190.24,21902.4,Completed,Karan
104970,2025-10-22,CUST1468,West,Television,Home Appliances,5,1120.5,5602.5,Cancelled,Meera
104971,2025-04-28,CUST1364,South,Headphones,Electronics,8,4341.75,34734.0,Completed,Amit
104972,2025-10-05,CUST0320,North,Book,Stationery,6,343.48,2060.88,Completed,Priya
104973,2025-08-11,CUST0928,West,Smartphone,Electronics,2,3438.64,6877.28,Returned,Meera
104974,2025-07-11,CUST0849,South,Shoes,Fashion,5,977.9,4889.5,Returned,Priya
104975,2025-01-05,CUST0189,North,Backpack,Stationery,8,349.42,2795.36,Completed,Karan
104976,2025-01-01,CUST0380,South,Washing Machine,Home Appliances,1,15605.31,15605.31,Completed,Sneha
104977,2025-08-03,CUST1316,South,Backpack,Stationery,5,241.49,1207.45,Completed,Meera
104978,2025-09-02,CUST0983,North,Television,Home Appliances,3,12171.04,36513.12,Completed,Amit
104979,2025-11-11,CUST0044,West,Shoes,Fashion,7,1655.03,11585.21,Completed,Amit
104980,2025-12-26,CUST0994,East,Jacket,Fashion,3,528.38,1585.14,Cancelled,Priya
104981,2025-08-25,CUST0451,East,Pen,Stationery,4,427.89,1711.56,Completed,Karan
104982,2025-09-09,CUST1453,East,Television,Home Appliances,10,1001.33,10013.3,Completed,Arjun
104983,2025-10-22,CUST1330,South,Television,Home Appliances,4,2185.8,8743.2,Completed,Amit
104984,2025-03-04,CUST0814,East,Book,Stationery,1,227.28,227.28,Completed,Meera
104985,2025-03-02,CUST0245,South,Headphones,Electronics,10,763.72,7637.2,Completed,Meera
104986,2025-10-22,CUST0584,South,Backpack,Stationery,4,69.88,279.52,Completed,Arjun
104987,2025-08-04,CUST0142,West,Mouse,Electronics,8,1720.15,13761.2,Completed,Neha
104988,2025-06-09,CUST1459,South,Mouse,Electronics,8,2934.75,23478.0,Completed,Rahul
104989,2025-07-26,CUST1088,South,T-Shirt,Fashion,8,1175.0,9400.0,Completed,Arjun
104990,2025-04-06,CUST1426,West,Washing Machine,Home Appliances,5,18491.34,92456.7,Completed,Amit
104991,2025-06-20,CUST1210,North,Book,Stationery,6,143.52,861.12,Completed,Neha
104992,2025-12-03,CUST0180,East,Washing Machine,Home Appliances,8,17300.01,138400.08,Cancelled,Arjun
104993,2025-03-23,CUST1096,West,Book,Stationery,5,28.53,142.65,Returned,Arjun
104994,2025-08-04,CUST0668,East,Shoes,Fashion,4,1458.26,5833.04,Completed,Rahul
104995,2025-10-19,CUST0837,West,Television,Home Appliances,2,8100.3,16200.6,Completed,Priya
104996,2025-02-24,CUST1050,East,Refrigerator,Home Appliances,10,2191.96,21919.6,Completed,Arjun
104997,2025-11-01,CUST0099,North,Laptop,Electronics,5,4562.17,22810.85,Completed,Karan
104998,2025-12-16,CUST1119,East,Jeans,Fashion,1,2355.96,2355.96,Completed,Neha
104999,2025-02-17,CUST1441,East,T-Shirt,Fashion,8,1767.23,14137.84,Completed,Rahul
105000,2025-08-07,CUST1389,East,Book,Stationery,1,319.34,319.34,Completed,Priya
